{
    "title": "Afghanistan's Islam",
    "subtitle": "From Conversion to the Taliban",
    "series_index": 1,
    "caid": 23,
    "uuid": "9a753674-782d-41e0-95d3-52315468b458",
    "isbn": "9780520967373",
    "doi": "10.1525/luminos.23",
    "gdrds": "32510348",
    "authors": [
        {
            "name": "Nile Green",
            "name_sort": "Green, Nile",
            "auid": "6c0da707"
        }
    ],
    "authors_so": [
        "Green, Nile"
    ],
    "authors_pp": "Nile Green",
    "pub_date_ts": 1481500800,
    "add_date_ts": 1481756400,
    "lastmod_ts": 1496951732,
    "liked": false,
    "blurb_raw": "<p>A free ebook version of this title is available through Luminos, University of California Press's Open Access publishing program. Visit <a href=\"http://www.luminosoa.org\">www.luminosoa.org</a> to learn more.</p><p>This book provides the first overview of the history and development of Islam in Afghanistan. Written by leading international experts, chapters cover every era from the conversion of Afghanistan through the medieval period to the present day. Based on primary sources in Arabic, Persian, Pashto, Uzbek, and Urdu, its depth of coverage is unrivalled in providing a developmental picture of Afghanistan's Islam, including such issues as the rise of Sufism, women's religiosity, state religious policies, and transnational Islamism. Looking beyond the unifying rhetoric of theology, the book reveals the disparate and contested forms of Afghanistan's Islam.</p>",
    "uri": "http://rlp.rebus.cc/library/book/9a753674-782d-41e0-95d3-52315468b458",
    "reviewed": false,
    "publisher": {
        "id": 1,
        "name": "University of California Press"
    },
    "reads": "unread",
    "has_cover": 1,
    "path": "Nile Green/Afghanistan's Islam_ From Conversion to the Taliban (23)",
    "filename": "Afghanistan's Islam_ From Conversion to th - Nile Green",
    "tags_ds": "Sociology, Islam, Religious studies, Theology",
    "tags_assoc": {
        "127": "Sociology",
        "135": "Islam",
        "136": "Religious studies",
        "137": "Theology"
    },
    "bundles_ds": null,
    "bundles_assoc": null,
    "stacks_ds": null,
    "stacks_assoc": null,
    "pages": 348,
    "words": 151463,
    "fre": 57,
    "fre_grey": 109.65,
    "annotations": null,
    "annotated": false,
    "colors": [
        "#336600",
        "#999999",
        "#666600"
    ],
    "epub_copy_name": "Afghanistans_Islam-Nile_Green.epub"
}