{
    "html": "<ul><li id=\"1\">Cover</li><li id=\"2\">Title</li><li id=\"3\">Copyright</li><li id=\"4\">Contents</li><li id=\"5\">List of Illustrations</li><li id=\"6\">Preface and Acknowledgments</li><li id=\"7\">Introduction. Afghanistan’s Islam: A History and Its Scholarship</li><li id=\"8\">Part One. From Conversions to Institutions (Ca. 700–1500)<ul><li id=\"9\">1. The Beginnings of Islam in Afghanistan: Conquest, Acculturation, and Islamization</li><li id=\"10\">2. Women and Religious Patronage in the Timurid Empire</li><li id=\"11\">3. The Rise of the Khwajagan-Naqshbandiyya Sufi Order in Timurid Herat</li></ul></li><li id=\"12\">Part Two. The Infrastructure of Religious Ideas (Ca. 1500–1850)<ul><li id=\"13\">4. Earning a Living: Promoting Islamic Culture in the Sixteenth and Seventeenth Centuries</li><li id=\"14\">5. Transporting Knowledge in the Durrani Empire: Two Manuals of Naqshbandi-Mujaddidi Sufi Practice</li></ul></li><li id=\"15\">Part Three. New States, New Discourses (Ca. 1850–1979)<ul><li id=\"16\">6. Islam, Shari‘a, and State Building under ‘Abd al-Rahman Khan</li><li id=\"17\">7. Competing Views of Pashtun Tribalism, Islam, and Society in the Indo-Afghan Borderlands</li><li id=\"18\">8. Nationalism, Not Islam: The “Awaken Youth” Party and Pashtun Nationalism</li></ul></li><li id=\"19\">Part Four. Holy Warriors and (IM)Pious Women (1979–2014)<ul><li id=\"20\">9. Glossy Global Leadership: Unpacking the Multilingual Religious Thought of the Jihad</li><li id=\"21\">10. Female Sainthood between Politics and Legend: The Emergence of Bibi Nushin of Shibirghan</li><li id=\"22\">11. When Muslims Become Feminists: Khana-yi Aman, Islam, and Pashtunwali</li></ul></li><li id=\"23\">Afterword</li><li id=\"24\">Notes</li><li id=\"25\">Glossary of Islamic Terms</li><li id=\"26\">List of Contributors</li></ul>",
    "data": {
        "1": {
            "text": "Cover"
        },
        "2": {
            "text": "Title"
        },
        "3": {
            "text": "Copyright"
        },
        "4": {
            "text": "Contents"
        },
        "5": {
            "text": "List of Illustrations"
        },
        "6": {
            "text": "Preface and Acknowledgments"
        },
        "7": {
            "text": "Introduction. Afghanistan’s Islam: A History and Its Scholarship"
        },
        "8": {
            "text": "Part One. From Conversions to Institutions (Ca. 700–1500)",
            "9": {
                "text": "1. The Beginnings of Islam in Afghanistan: Conquest, Acculturation, and Islamization"
            },
            "10": {
                "text": "2. Women and Religious Patronage in the Timurid Empire"
            },
            "11": {
                "text": "3. The Rise of the Khwajagan-Naqshbandiyya Sufi Order in Timurid Herat"
            }
        },
        "12": {
            "text": "Part Two. The Infrastructure of Religious Ideas (Ca. 1500–1850)",
            "13": {
                "text": "4. Earning a Living: Promoting Islamic Culture in the Sixteenth and Seventeenth Centuries"
            },
            "14": {
                "text": "5. Transporting Knowledge in the Durrani Empire: Two Manuals of Naqshbandi-Mujaddidi Sufi Practice"
            }
        },
        "15": {
            "text": "Part Three. New States, New Discourses (Ca. 1850–1979)",
            "16": {
                "text": "6. Islam, Shari‘a, and State Building under ‘Abd al-Rahman Khan"
            },
            "17": {
                "text": "7. Competing Views of Pashtun Tribalism, Islam, and Society in the Indo-Afghan Borderlands"
            },
            "18": {
                "text": "8. Nationalism, Not Islam: The “Awaken Youth” Party and Pashtun Nationalism"
            }
        },
        "19": {
            "text": "Part Four. Holy Warriors and (IM)Pious Women (1979–2014)",
            "20": {
                "text": "9. Glossy Global Leadership: Unpacking the Multilingual Religious Thought of the Jihad"
            },
            "21": {
                "text": "10. Female Sainthood between Politics and Legend: The Emergence of Bibi Nushin of Shibirghan"
            },
            "22": {
                "text": "11. When Muslims Become Feminists: Khana-yi Aman, Islam, and Pashtunwali"
            }
        },
        "23": {
            "text": "Afterword"
        },
        "24": {
            "text": "Notes"
        },
        "25": {
            "text": "Glossary of Islamic Terms"
        },
        "26": {
            "text": "List of Contributors"
        }
    }
}