{
    "title": "Making Things Stick",
    "subtitle": "Surveillance Technologies and Mexico's War on Crime",
    "series_index": 1,
    "caid": 40,
    "uuid": "8c9b5e7f-094c-42b6-8507-93e4e84a9eaa",
    "isbn": "9780520959705",
    "doi": "10.1525/luminos.12",
    "gdrds": "27065719",
    "authors": [
        {
            "name": "Keith Guzik",
            "name_sort": "Guzik, Keith",
            "auid": "24c7cd9b"
        }
    ],
    "authors_so": [
        "Guzik, Keith"
    ],
    "authors_pp": "Keith Guzik",
    "pub_date_ts": 1456099200,
    "add_date_ts": 1487113200,
    "lastmod_ts": 1496951673,
    "liked": false,
    "blurb_raw": "<p>A free ebook version of this title is available through Luminos, University of California Press's new open access publishing program for monographs. Visit <a href=\"http://www.luminosoa.org\">www.luminosoa.org</a> to learn more.</p><p>With Mexico's War on Crime as the backdrop, <em>Making Things Stick</em> offers an innovative analysis of how surveillance technologies impact governance in the global society. More than just tools to monitor ordinary people, surveillance technologies are imagined by government officials as a way to reform the national state by focusing on the material things--cellular phones, automobiles, human bodies--that can enable crime. In describing the challenges that the Mexican government has encountered in implementing this novel approach to social control, Keith Guzik presents surveillance technologies as a sign of state weakness rather than strength and as an opportunity for civic engagement rather than retreat.</p>",
    "uri": "http://rlp.rebus.cc/library/book/8c9b5e7f-094c-42b6-8507-93e4e84a9eaa",
    "reviewed": false,
    "publisher": {
        "id": 4,
        "name": "Univ of California Press"
    },
    "reads": "unread",
    "has_cover": 1,
    "path": "Keith Guzik/Making Things Stick_ Surveillance Technologies and Mexico's War on Crime (40)",
    "filename": "Making Things Stick_ Surveillance Technolo - Keith Guzik",
    "tags_ds": "Political science, Social science, Technology & Engineering, Sociology, Criminology, General, Privacy & Surveillance, Electronics",
    "tags_assoc": {
        "39": "Political science",
        "54": "Social science",
        "102": "Technology & Engineering",
        "127": "Sociology",
        "159": "Criminology",
        "166": "General",
        "190": "Privacy & Surveillance",
        "191": "Electronics"
    },
    "bundles_ds": null,
    "bundles_assoc": null,
    "stacks_ds": "Technology & Politics",
    "stacks_assoc": {
        "2": "Technology & Politics"
    },
    "pages": 256,
    "words": 102476,
    "fre": 72,
    "fre_grey": 71.4,
    "annotations": null,
    "annotated": false,
    "colors": [
        "#CCCCCC",
        "#424153",
        "#e6e6e6"
    ],
    "epub_copy_name": "Making_Things_Stick-Keith_Guzik.epub"
}