{
    "html": "<ul><li id=\"1\">Cover</li><li id=\"2\">Title</li><li id=\"3\">Copyright</li><li id=\"4\">Contents</li><li id=\"5\">List of Illustrations</li><li id=\"6\">Acknowledgments</li><li id=\"7\">1. Surveillance Technologies and States of Security</li><li id=\"8\">2. Taming the Tiger</li><li id=\"9\">3. Prohesion</li><li id=\"10\">4. Ni con goma</li><li id=\"11\">5. Statecraft</li><li id=\"12\">6. Grasping Surveillance</li><li id=\"13\">Notes</li><li id=\"14\">Bibliography</li></ul>",
    "data": {
        "1": {
            "text": "Cover"
        },
        "2": {
            "text": "Title"
        },
        "3": {
            "text": "Copyright"
        },
        "4": {
            "text": "Contents"
        },
        "5": {
            "text": "List of Illustrations"
        },
        "6": {
            "text": "Acknowledgments"
        },
        "7": {
            "text": "1. Surveillance Technologies and States of Security"
        },
        "8": {
            "text": "2. Taming the Tiger"
        },
        "9": {
            "text": "3. Prohesion"
        },
        "10": {
            "text": "4. Ni con goma"
        },
        "11": {
            "text": "5. Statecraft"
        },
        "12": {
            "text": "6. Grasping Surveillance"
        },
        "13": {
            "text": "Notes"
        },
        "14": {
            "text": "Bibliography"
        }
    }
}