{
    "title": "Equity, Growth, and Community",
    "subtitle": "What the Nation Can Learn From America's Metro Areas",
    "series_index": 1,
    "caid": 48,
    "uuid": "dcfcd904-e94b-4aca-976c-0158a862b1cb",
    "isbn": "9780520960046",
    "doi": "10.1525/luminos.6",
    "gdrds": "26701964",
    "authors": [
        {
            "name": "Chris Benner",
            "name_sort": "Benner, Chris",
            "auid": "488d2dfa"
        },
        {
            "name": "Manuel Pastor",
            "name_sort": "Pastor, Manuel",
            "auid": "380616e7"
        }
    ],
    "authors_so": [
        "Benner, Chris & Pastor, Manuel"
    ],
    "authors_pp": "Chris Benner & Manuel Pastor",
    "pub_date_ts": 1444348800,
    "add_date_ts": 1489532400,
    "lastmod_ts": 1496951571,
    "liked": false,
    "blurb_raw": "<p>A free ebook version of this title is available through Luminos, University of California Press’s new open access publishing program for monographs. Visit www.luminosoa.org to learn more.</p><p>In the last several years, much has been written about growing economic challenges, increasing income inequality, and political polarization in the United States. This book argues that lessons for addressing these national challenges are emerging from a new set of realities in America’s metropolitan regions: first, that inequity is, in fact, bad for economic growth; second, that bringing together the concerns of equity and growth requires concerted local action; and, third, that the fundamental building block for doing this is the creation of diverse and dynamic epistemic (or knowledge) communities, which help to overcome political polarization and help regions address the challenges of economic restructuring and social divides.</p><p>**</p>",
    "uri": "http://rlp.rebus.cc/library/book/dcfcd904-e94b-4aca-976c-0158a862b1cb",
    "reviewed": false,
    "publisher": {
        "id": 4,
        "name": "Univ of California Press"
    },
    "reads": "unread",
    "has_cover": 1,
    "path": "Chris Benner/Equity, Growth, and Community_ What the Nation Can Learn From America's Metro Areas (48)",
    "filename": "Equity, Growth, and Community_ What the Na - Chris Benner",
    "tags_ds": "Social science, Sociology, Urban",
    "tags_assoc": {
        "54": "Social science",
        "127": "Sociology",
        "203": "Urban"
    },
    "bundles_ds": null,
    "bundles_assoc": null,
    "stacks_ds": null,
    "stacks_assoc": null,
    "pages": 364,
    "words": 109840,
    "fre": 48,
    "fre_grey": 132.6,
    "annotations": null,
    "annotated": false,
    "colors": [
        "#ABBCDA",
        "#CCCCCC",
        "#999999"
    ],
    "epub_copy_name": "Equity_Growth_and_Community-Chris_Benner.epub"
}