{
    "html": "<ul><li id=\"1\">Cover</li><li id=\"2\">Title Page</li><li id=\"3\">Copyright</li><li id=\"4\">Contents</li><li id=\"5\">Acknowledgments</li><li id=\"6\">1. Can't We All Just Get Along?<ul><li id=\"7\">Crisis and Challenge: A National Perspective</li><li id=\"8\">Coming Together: Lessons from America's Regions</li><li id=\"9\">Make the Road by Talking</li></ul></li><li id=\"10\">2. Driving That Train: Can Closing the Gap Facilitate Sustained Growth?<ul><li id=\"11\">Can Equity Facilitate Growth?</li><li id=\"12\">Explaining Sustained Metropolitan Growth in the United States</li><li id=\"13\">Regression Analysis</li><li id=\"14\">Equity Matters</li></ul></li><li id=\"15\">3. Where to Go, What to Ask: Selecting and Designing the Case Studies<ul><li id=\"16\">Choice and Consequence</li><li id=\"17\">The Quest and the Questions</li><li id=\"18\">Ready to Launch</li></ul></li><li id=\"19\">4. Parks and Recreation: Planning the Epistemic Community<ul><li id=\"20\">Salt Lake City</li><li id=\"21\">Sacramento</li><li id=\"22\">Planning for Progress</li></ul></li><li id=\"23\">5. Business Knows Best: Elite-Driven Regional Stewardship<ul><li id=\"24\">Grand Rapids</li><li id=\"25\">Charlotte</li><li id=\"26\">Oklahoma City</li><li id=\"27\">The Limits of Elite-Driven Regional Stewardship</li></ul></li><li id=\"28\">6. Struggle and the City: Conflict-Informed Collaboration<ul><li id=\"29\">Greensboro</li><li id=\"30\">Fresno</li><li id=\"31\">San Antonio</li><li id=\"32\">Beyond \"Win-Win\": Conflict and Collaboration</li></ul></li><li id=\"33\">7. The Next Frontier: Collaboration in the New Economy<ul><li id=\"34\">Silicon Valley</li><li id=\"35\">Raleigh-Durham</li><li id=\"36\">Seattle</li><li id=\"37\">What You Do Know Can Help You</li></ul></li><li id=\"38\">8. Stepping Back: Theorizing Diverse and Dynamic Epistemic Communities<ul><li id=\"39\">Individuals and Identities</li><li id=\"40\">Jump-Starting Community</li><li id=\"41\">Sustaining Diverse and Dynamic Epistemic Communities</li><li id=\"42\">Roots, Relationships, and Reason</li></ul></li><li id=\"43\">9. Looking Forward: A Beloved (Epistemic) Community?<ul><li id=\"44\">Impacting Growth and Equity</li><li id=\"45\">Scaling Epistemic Communities</li><li id=\"46\">Lessons for the Next America</li></ul></li><li id=\"47\">Appendix A: Regional Rankings for Growth and Equity</li><li id=\"48\">Appendix B: Data Sources and Methods for Regional Profiles</li><li id=\"49\">Appendix C: Case-Study Interviews</li><li id=\"50\">Notes</li><li id=\"51\">Bibliography</li></ul>",
    "data": {
        "1": {
            "text": "Cover"
        },
        "2": {
            "text": "Title Page"
        },
        "3": {
            "text": "Copyright"
        },
        "4": {
            "text": "Contents"
        },
        "5": {
            "text": "Acknowledgments"
        },
        "6": {
            "text": "1. Can't We All Just Get Along?",
            "7": {
                "text": "Crisis and Challenge: A National Perspective"
            },
            "8": {
                "text": "Coming Together: Lessons from America's Regions"
            },
            "9": {
                "text": "Make the Road by Talking"
            }
        },
        "10": {
            "text": "2. Driving That Train: Can Closing the Gap Facilitate Sustained Growth?",
            "11": {
                "text": "Can Equity Facilitate Growth?"
            },
            "12": {
                "text": "Explaining Sustained Metropolitan Growth in the United States"
            },
            "13": {
                "text": "Regression Analysis"
            },
            "14": {
                "text": "Equity Matters"
            }
        },
        "15": {
            "text": "3. Where to Go, What to Ask: Selecting and Designing the Case Studies",
            "16": {
                "text": "Choice and Consequence"
            },
            "17": {
                "text": "The Quest and the Questions"
            },
            "18": {
                "text": "Ready to Launch"
            }
        },
        "19": {
            "text": "4. Parks and Recreation: Planning the Epistemic Community",
            "20": {
                "text": "Salt Lake City"
            },
            "21": {
                "text": "Sacramento"
            },
            "22": {
                "text": "Planning for Progress"
            }
        },
        "23": {
            "text": "5. Business Knows Best: Elite-Driven Regional Stewardship",
            "24": {
                "text": "Grand Rapids"
            },
            "25": {
                "text": "Charlotte"
            },
            "26": {
                "text": "Oklahoma City"
            },
            "27": {
                "text": "The Limits of Elite-Driven Regional Stewardship"
            }
        },
        "28": {
            "text": "6. Struggle and the City: Conflict-Informed Collaboration",
            "29": {
                "text": "Greensboro"
            },
            "30": {
                "text": "Fresno"
            },
            "31": {
                "text": "San Antonio"
            },
            "32": {
                "text": "Beyond \"Win-Win\": Conflict and Collaboration"
            }
        },
        "33": {
            "text": "7. The Next Frontier: Collaboration in the New Economy",
            "34": {
                "text": "Silicon Valley"
            },
            "35": {
                "text": "Raleigh-Durham"
            },
            "36": {
                "text": "Seattle"
            },
            "37": {
                "text": "What You Do Know Can Help You"
            }
        },
        "38": {
            "text": "8. Stepping Back: Theorizing Diverse and Dynamic Epistemic Communities",
            "39": {
                "text": "Individuals and Identities"
            },
            "40": {
                "text": "Jump-Starting Community"
            },
            "41": {
                "text": "Sustaining Diverse and Dynamic Epistemic Communities"
            },
            "42": {
                "text": "Roots, Relationships, and Reason"
            }
        },
        "43": {
            "text": "9. Looking Forward: A Beloved (Epistemic) Community?",
            "44": {
                "text": "Impacting Growth and Equity"
            },
            "45": {
                "text": "Scaling Epistemic Communities"
            },
            "46": {
                "text": "Lessons for the Next America"
            }
        },
        "47": {
            "text": "Appendix A: Regional Rankings for Growth and Equity"
        },
        "48": {
            "text": "Appendix B: Data Sources and Methods for Regional Profiles"
        },
        "49": {
            "text": "Appendix C: Case-Study Interviews"
        },
        "50": {
            "text": "Notes"
        },
        "51": {
            "text": "Bibliography"
        }
    }
}