{
    "title": "Luxury and Rubble",
    "subtitle": "Civility and Dispossession in the New Saigon",
    "series_index": 1,
    "caid": 47,
    "uuid": "3ffe26fc-bb67-45f1-9433-668d016bfdbe",
    "isbn": "9780520292512",
    "doi": "10.1525/luminos.20",
    "gdrds": "29563616",
    "authors": [
        {
            "name": "Erik Harms",
            "name_sort": "Harms, Erik",
            "auid": "40072230"
        }
    ],
    "authors_so": [
        "Harms, Erik"
    ],
    "authors_pp": "Erik Harms",
    "pub_date_ts": 1471865076,
    "add_date_ts": 1489532400,
    "lastmod_ts": 1496951588,
    "liked": false,
    "blurb_raw": "<p>A free ebook version of this title is available through Luminos, University of California Press's Open Access publishing program for monographs. Visit <a href=\"http://www.luminosoa.org\">www.luminosoa.org</a> to learn more.</p><p><em>Luxury and Rubble</em> is the tale of two cities in Ho Chi Minh City. It is the story of two planned, mixed-use residential and commercial developments that are changing the face of Vietnam's largest city. Since the early 1990s, such developments have been steadily reorganizing urban landscapes across the country. For many Vietnamese, they are a symbol of the country's emergence into global modernity and of post-socialist economic reforms. However, they are also sites of great contestation, sparking land disputes and controversies over how to compensate evicted residents. In this penetrating ethnography, Erik Harms vividly portrays the human costs of urban reorganization as he explores the complex and sometimes contradictory experiences of individuals grappling with the forces of privatization in a socialist country.</p>",
    "uri": "http://rlp.rebus.cc/library/book/3ffe26fc-bb67-45f1-9433-668d016bfdbe",
    "reviewed": false,
    "publisher": {
        "id": 1,
        "name": "University of California Press"
    },
    "reads": "unread",
    "has_cover": 1,
    "path": "Erik Harms/Luxury and Rubble_ Civility and Dispossession in the New Saigon (47)",
    "filename": "Luxury and Rubble_ Civility and Dispossess - Erik Harms",
    "tags_ds": "Anthropology, Sociology, Asian Studies, Vietnam",
    "tags_assoc": {
        "13": "Anthropology",
        "127": "Sociology",
        "163": "Asian Studies",
        "164": "Vietnam"
    },
    "bundles_ds": null,
    "bundles_assoc": null,
    "stacks_ds": null,
    "stacks_assoc": null,
    "pages": 304,
    "words": 137012,
    "fre": 66,
    "fre_grey": 86.7,
    "annotations": null,
    "annotated": false,
    "colors": [
        "#ABBCDA",
        "#999999",
        "#CCCCCC"
    ],
    "epub_copy_name": "Luxury_and_Rubble-Erik_Harms.epub"
}