{
    "html": "<ul><li id=\"1\">Cover</li><li id=\"2\">Title</li><li id=\"3\">Copyright</li><li id=\"4\">Dedication</li><li id=\"5\">Contents</li><li id=\"6\">List of Illustrations</li><li id=\"7\">Introduction: Luxury and Rubble</li><li id=\"8\">Part I. Luxury<ul><li id=\"9\">1. Civilizing the Wastelands: A Short History of Urban Development in Phú Mỹ Hưng</li><li id=\"10\">2. Civilization City</li><li id=\"11\">3. Exercising Consciousness: Self and Society in a Privatizing Space of Exclusion</li></ul></li><li id=\"12\">Part II. Rubble<ul><li id=\"13\">4. Thủ Thiêm Futures Past: A Short History of Seeing without Seeing</li><li id=\"14\">5. Building a Civilized, Modern, and Sentimental City</li><li id=\"15\">6. From the Rubble</li></ul></li><li id=\"16\">Conclusion: Civility and Dispossession</li><li id=\"17\">Acknowledgments</li><li id=\"18\">Notes</li><li id=\"19\">Bibliography</li></ul>",
    "data": {
        "1": {
            "text": "Cover"
        },
        "2": {
            "text": "Title"
        },
        "3": {
            "text": "Copyright"
        },
        "4": {
            "text": "Dedication"
        },
        "5": {
            "text": "Contents"
        },
        "6": {
            "text": "List of Illustrations"
        },
        "7": {
            "text": "Introduction: Luxury and Rubble"
        },
        "8": {
            "text": "Part I. Luxury",
            "9": {
                "text": "1. Civilizing the Wastelands: A Short History of Urban Development in Phú Mỹ Hưng"
            },
            "10": {
                "text": "2. Civilization City"
            },
            "11": {
                "text": "3. Exercising Consciousness: Self and Society in a Privatizing Space of Exclusion"
            }
        },
        "12": {
            "text": "Part II. Rubble",
            "13": {
                "text": "4. Thủ Thiêm Futures Past: A Short History of Seeing without Seeing"
            },
            "14": {
                "text": "5. Building a Civilized, Modern, and Sentimental City"
            },
            "15": {
                "text": "6. From the Rubble"
            }
        },
        "16": {
            "text": "Conclusion: Civility and Dispossession"
        },
        "17": {
            "text": "Acknowledgments"
        },
        "18": {
            "text": "Notes"
        },
        "19": {
            "text": "Bibliography"
        }
    }
}