{
    "title": "Hindu Pluralism",
    "subtitle": "Religion and the Public Sphere in Early Modern South India",
    "series_index": 1,
    "caid": 43,
    "uuid": "71d67c09-ae45-499b-b429-a1c0b1b45bef",
    "isbn": "9780520293014",
    "doi": "10.1525/luminos.24",
    "gdrds": "32739700",
    "authors": [
        {
            "name": "Elaine M. Fisher",
            "name_sort": "Fisher, Elaine M.",
            "auid": "e603068c"
        }
    ],
    "authors_so": [
        "Fisher, Elaine M."
    ],
    "authors_pp": "Elaine M. Fisher",
    "pub_date_ts": 1494847410,
    "add_date_ts": 1489532400,
    "lastmod_ts": 1496951593,
    "liked": false,
    "blurb_raw": "A free ebook version of this title is available through&nbsp;Luminos, University of California Press's Open Access publishing program. Visit&nbsp;www.luminosoa.org&nbsp;to learn more. In Hindu Pluralism, Elaine M. Fisher complicates the traditional scholarly narrative of the unification of Hinduism. By calling into question the colonial categories implicit in the term \"sectarianism,\" Fisher's work excavates the pluralistic textures of precolonial Hinduism in the centuries prior to British intervention. Drawing on previously unpublished sources in Sanskrit, Tamil, and Telugu, Fisher argues that the performance of plural religious identities in public space in Indian early modernity paved the way for the emergence of a distinctively non-Western form of religious pluralism. This work provides a critical resource for understanding how Hinduism developed in the early modern period, a crucial era that set the tenor for religion's role in public life in India through the present day.",
    "uri": "http://rlp.rebus.cc/library/book/71d67c09-ae45-499b-b429-a1c0b1b45bef",
    "reviewed": false,
    "publisher": {
        "id": 1,
        "name": "University of California Press"
    },
    "reads": "unread",
    "has_cover": 1,
    "path": "Elaine M. Fisher/Hindu Pluralism_ Religion and the Public Sphere in Early Modern South India (43)",
    "filename": "Hindu Pluralism_ Religion and the Public S - Elaine M. Fisher",
    "tags_ds": "History, Religion, Asia, India & South Asia, Social History, Hinduism",
    "tags_assoc": {
        "15": "History",
        "143": "Religion",
        "167": "Asia",
        "168": "India & South Asia",
        "197": "Social History",
        "198": "Hinduism"
    },
    "bundles_ds": null,
    "bundles_assoc": null,
    "stacks_ds": null,
    "stacks_assoc": null,
    "pages": 262,
    "words": 163396,
    "fre": 41,
    "fre_grey": 150.45,
    "annotations": null,
    "annotated": false,
    "colors": [
        "#336600",
        "#424153",
        "#996633"
    ],
    "epub_copy_name": "Hindu_Pluralism-Elaine_M._Fisher.epub"
}