{
    "html": "<ul><li id=\"1\">Cover</li><li id=\"2\">Title</li><li id=\"3\">Copyright</li><li id=\"4\">Contents</li><li id=\"5\">Acknowledgments</li><li id=\"6\">Introduction</li><li id=\"7\">1. Hindu Sectarianism: Difference in Unity</li><li id=\"8\">2. “Just Like Kālidāsa”: The Making of the Smārta-Śaiva Community of South India</li><li id=\"9\">3. Public Philology: Constructing Sectarian Identities in Early Modern South India</li><li id=\"10\">4. The Language Games of Śiva: Mapping Text and Space in Public Religious Culture</li><li id=\"11\">Conclusion: A Prehistory of Hindu Pluralism</li><li id=\"12\">Appendix</li><li id=\"13\">Notes</li><li id=\"14\">Bibliography</li></ul>",
    "data": {
        "1": {
            "text": "Cover"
        },
        "2": {
            "text": "Title"
        },
        "3": {
            "text": "Copyright"
        },
        "4": {
            "text": "Contents"
        },
        "5": {
            "text": "Acknowledgments"
        },
        "6": {
            "text": "Introduction"
        },
        "7": {
            "text": "1. Hindu Sectarianism: Difference in Unity"
        },
        "8": {
            "text": "2. “Just Like Kālidāsa”: The Making of the Smārta-Śaiva Community of South India"
        },
        "9": {
            "text": "3. Public Philology: Constructing Sectarian Identities in Early Modern South India"
        },
        "10": {
            "text": "4. The Language Games of Śiva: Mapping Text and Space in Public Religious Culture"
        },
        "11": {
            "text": "Conclusion: A Prehistory of Hindu Pluralism"
        },
        "12": {
            "text": "Appendix"
        },
        "13": {
            "text": "Notes"
        },
        "14": {
            "text": "Bibliography"
        }
    }
}