{
    "title": "Imperial Matter",
    "subtitle": "Ancient Persia and the Archæology of Empires",
    "series_index": 1,
    "caid": 49,
    "uuid": "b338bf97-d0cc-4927-aaa4-54a0a941657e",
    "isbn": "9780520290525",
    "doi": "10.1525/luminos.13",
    "gdrds": "27190485",
    "authors": [
        {
            "name": "Lori Khatchadourian",
            "name_sort": "Khatchadourian, Lori",
            "auid": "bb620c17"
        }
    ],
    "authors_so": [
        "Khatchadourian, Lori"
    ],
    "authors_pp": "Lori Khatchadourian",
    "pub_date_ts": 1458259200,
    "add_date_ts": 1489532400,
    "lastmod_ts": 1496951589,
    "liked": false,
    "blurb_raw": "<p>A free ebook version of this title is available through Luminos, University of California Press’s new open access publishing program. Visit www.luminosoa.org to learn more.</p><p>What is the role of the material world in shaping the tensions and paradoxes of imperial sovereignty?&nbsp;Scholars have long shed light on the complex processes of conquest, extraction, and colonialism under imperial rule. But imperialism has usually been cast as an exclusively human drama, one in which the world of matter does not play an active role.&nbsp;Lori&nbsp;Khatchadourian&nbsp;argues instead that <em>things—</em>from everyday objects to monumental buildings—profoundly shape social and political life under empire. Out of the archaeology of ancient Persia and the South Caucasus,&nbsp;<em>Imperial Matter</em>&nbsp;advances powerful new analytical approaches to the study of imperialism writ large and&nbsp;should be read by scholars working on empire across the humanities and social sciences.</p><p>**</p>",
    "uri": "http://rlp.rebus.cc/library/book/b338bf97-d0cc-4927-aaa4-54a0a941657e",
    "reviewed": false,
    "publisher": {
        "id": 1,
        "name": "University of California Press"
    },
    "reads": "unread",
    "has_cover": 1,
    "path": "Lori Khatchadourian/Imperial Matter_ Ancient Persia and the Archaeology of Empires (49)",
    "filename": "Imperial Matter_ Ancient Persia and the Ar - Lori Khatchadourian",
    "tags_ds": "Anthropology, Archaeology, History, Imperialism",
    "tags_assoc": {
        "13": "Anthropology",
        "14": "Archaeology",
        "15": "History",
        "204": "Imperialism"
    },
    "bundles_ds": null,
    "bundles_assoc": null,
    "stacks_ds": "Cultural Politics 101",
    "stacks_assoc": {
        "1": "Cultural Politics 101"
    },
    "pages": 384,
    "words": 128799,
    "fre": 52,
    "fre_grey": 122.4,
    "annotations": null,
    "annotated": false,
    "colors": [
        "#996633",
        "#663300",
        "#CC3333"
    ],
    "epub_copy_name": "Imperial_Matter-Lori_Khatchadourian.epub"
}