{
    "html": "<ul><li id=\"1\">Cover</li><li id=\"2\">Title</li><li id=\"3\">Copyright</li><li id=\"4\">Contents</li><li id=\"5\">List of Illustrations</li><li id=\"6\">Preface</li><li id=\"7\">Introduction</li><li id=\"8\">PART ONE<ul><li id=\"9\">1. The Satrapal Condition</li><li id=\"10\">2. Where Things Stand</li><li id=\"11\">3.  Imperial Matter</li></ul></li><li id=\"12\">PART TWO<ul><li id=\"13\">4. From Captives to Delegates</li><li id=\"14\">5. Delegates and Proxies in the Dahyu of Armenia</li><li id=\"15\">6. Going Underground: Affiliates, Proxies, and Delegates at Tsaghkahovit</li></ul></li><li id=\"16\">Conclusion</li><li id=\"17\">Notes</li><li id=\"18\">References Cited</li></ul>",
    "data": {
        "1": {
            "text": "Cover"
        },
        "2": {
            "text": "Title"
        },
        "3": {
            "text": "Copyright"
        },
        "4": {
            "text": "Contents"
        },
        "5": {
            "text": "List of Illustrations"
        },
        "6": {
            "text": "Preface"
        },
        "7": {
            "text": "Introduction"
        },
        "8": {
            "text": "PART ONE",
            "9": {
                "text": "1. The Satrapal Condition"
            },
            "10": {
                "text": "2. Where Things Stand"
            },
            "11": {
                "text": "3.  Imperial Matter"
            }
        },
        "12": {
            "text": "PART TWO",
            "13": {
                "text": "4. From Captives to Delegates"
            },
            "14": {
                "text": "5. Delegates and Proxies in the Dahyu of Armenia"
            },
            "15": {
                "text": "6. Going Underground: Affiliates, Proxies, and Delegates at Tsaghkahovit"
            }
        },
        "16": {
            "text": "Conclusion"
        },
        "17": {
            "text": "Notes"
        },
        "18": {
            "text": "References Cited"
        }
    }
}