{
    "title": "Hogskolans Ansvar",
    "subtitle": "Principer for Utveckling AV Den Hogre Utbildningen",
    "series_index": 1,
    "caid": 13,
    "uuid": "0199c78c-d38f-4f1e-98e9-127e5ab327cf",
    "isbn": "9781909188518",
    "doi": "10.5334/bap",
    "gdrds": "26782707",
    "authors": [
        {
            "name": "Andrew Casson",
            "name_sort": "Casson, Andrew",
            "auid": "0bd76723"
        }
    ],
    "authors_so": [
        "Casson, Andrew"
    ],
    "authors_pp": "Andrew Casson",
    "pub_date_ts": 1440972000,
    "add_date_ts": 1488409200,
    "lastmod_ts": 1496951612,
    "liked": false,
    "blurb_raw": "<p>What should a university be? How can universities make a sounder and more lasting contribution to better lives and better societies in a globalised world? From a Swedish perspective, this new book challenges current ideas about what higher education is for. It presents fifteen principles for future development that range from a discussion of the nature of knowledge to the responsibility of the university in the development of society. Universities must become better at allowing and encouraging students to develop independence of thought and action through self-formation, bildung, and personal growth rather than merely preparing them for a specific job, the books says, using a historical perspective to consider these issues. This book is written in Swedish: Vad bor en hogskola vara? Hogskolans ansvar ifragasatter nutidens dominerande uppfattningar om vad den hogre utbildningen ska syssla med och hur den ska vara utformad. Boken presenterar femton principer for radikal forandring i allt fran kunskapssyn till den hogre utbildningens ansvar for samhallets framtida utveckling. Hogskolor och universitet borde battre kunna utnyttja de enorma kunskapsresurser de besitter for att ta sig an de stora samhallsutmaningarna. De maste ocksa se till att studenter far utveckla styrka och sjalvstandighet i tanke och handling genom en tydligare fokus pa bildning och personlig vaxt och inte bara forbereda dem for de forsta aren i ett framtida jobb. Framtidens samhalle kommer att krava att alla medborgare far tillgang till hogre utbildning, ratt utformad, aterkommande genom hela livet. \"</p>",
    "uri": "http://rlp.rebus.cc/library/book/0199c78c-d38f-4f1e-98e9-127e5ab327cf",
    "reviewed": false,
    "publisher": {
        "id": 2,
        "name": "Ubiquity Press"
    },
    "reads": "unread",
    "has_cover": 1,
    "path": "Andrew Casson/Hogskolans Ansvar_ Principer for Utveckling AV Den Hogre Utbildningen (13)",
    "filename": "Hogskolans Ansvar_ Principer for Utvecklin - Andrew Casson",
    "tags_ds": "Education, Teaching methods, Philosophy of education, Higher education policy development, Higher education and society, Higher education design and administration",
    "tags_assoc": {
        "3": "Education",
        "41": "Teaching methods",
        "42": "Philosophy of education",
        "43": "Higher education policy development",
        "44": "Higher education and society",
        "45": "Higher education design and administration"
    },
    "bundles_ds": null,
    "bundles_assoc": null,
    "stacks_ds": null,
    "stacks_assoc": null,
    "pages": 210,
    "words": 90355,
    "fre": 0,
    "fre_grey": 255,
    "annotations": null,
    "annotated": false,
    "colors": [
        "#66CCCC",
        "#cccccc",
        "#e6e6e6"
    ],
    "epub_copy_name": "Hogskolans_Ansvar-Andrew_Casson.epub"
}