{
    "html": "<ul><li id=\"1\">Cover</li><li id=\"2\">Titelsida</li><li id=\"3\">Imprint</li><li id=\"4\">Innehåll</li><li id=\"5\">Inledning</li><li id=\"6\">Princip 1: Kunskap omfattar fakta, förståelse, förmågor och omdöme. Högskolans uppgift är att utveckla all fyra, men främst omdömet</li><li id=\"7\">Princip 2: Högskolans främsta utbildningsgrund bör vara den jämlika dialogen, inte förklaringen; dess främsta utbildningsform seminariet, inte föreläsningen</li><li id=\"8\">Princip 3: Språket är tankens viktigaste verktyg och att odla en kritisk språkförmåga tillhör högskolans viktigaste uppgifter</li><li id=\"9\">Princip 4: Den högre utbildningens främsta syfte är inte ekonomisk tillväxt utan att alla människor ska kunna utveckla de handlingsförmågor de behöver för ett gott liv</li><li id=\"10\">Princip 5: Högskolan har ett ansvar att aktivt verka för humanitära och demokratiska värderingar, social och ekonomisk rättvisa</li><li id=\"11\">Princip 6: Högskolan bör driva kunskapsutvecklingen och utveckla handlingsförmågor för att möta de globala utmaningarna</li><li id=\"12\">Princip 7: Akademin bör premiera sätt att förena humanvetenskapen och naturvetenskapen i att gripa sig an mänsklighetens utmaningar</li><li id=\"13\">Princip 8: Högskolans viktigaste bidrag till den regionala utvecklingen sker genom akademiska yrkesutbildningar i partnerskap</li><li id=\"14\">Princip 9: Forskningens främsta syfte är inte innovationer utan förmågor</li><li id=\"15\">Princip 10: Samtliga medborgare bör återkommande få delta i högre utbildning genom hela livet</li><li id=\"16\">Princip 11: Högre utbildning bör ha större variation med gemensamma syften och sammanlänkad struktur: den bör sträva efter såväl akademiska som bildningsmässiga och yrkesrelaterade framsteg hos studenten</li><li id=\"17\">Princip 12: Högskolan är inte ett företag, studenter inte dess kunder och konkurrens inte dess drivkraft</li><li id=\"18\">Princip 13: Högskolan ska vara ett föredöme i att visa tillit till sina professionella medarbetare</li><li id=\"19\">Princip 14: När högskolan fördelar sina resurser för utbildning, ska den prioritera utbildningens behov framför administrationens</li><li id=\"20\">Princip 15: Högskolan ska vara drivande såväl i tillämpningen av informations- och kommunikationsteknologier som i förståelsen av deras verkan hos människan och i samhället</li><li id=\"21\">Handlingsförmåga och samhällsansvar - vägval för framtidens högskola</li><li id=\"22\">Källor och litteratur</li><li id=\"23\">Notes</li></ul>",
    "data": {
        "1": {
            "text": "Cover"
        },
        "2": {
            "text": "Titelsida"
        },
        "3": {
            "text": "Imprint"
        },
        "4": {
            "text": "Innehåll"
        },
        "5": {
            "text": "Inledning"
        },
        "6": {
            "text": "Princip 1: Kunskap omfattar fakta, förståelse, förmågor och omdöme. Högskolans uppgift är att utveckla all fyra, men främst omdömet"
        },
        "7": {
            "text": "Princip 2: Högskolans främsta utbildningsgrund bör vara den jämlika dialogen, inte förklaringen; dess främsta utbildningsform seminariet, inte föreläsningen"
        },
        "8": {
            "text": "Princip 3: Språket är tankens viktigaste verktyg och att odla en kritisk språkförmåga tillhör högskolans viktigaste uppgifter"
        },
        "9": {
            "text": "Princip 4: Den högre utbildningens främsta syfte är inte ekonomisk tillväxt utan att alla människor ska kunna utveckla de handlingsförmågor de behöver för ett gott liv"
        },
        "10": {
            "text": "Princip 5: Högskolan har ett ansvar att aktivt verka för humanitära och demokratiska värderingar, social och ekonomisk rättvisa"
        },
        "11": {
            "text": "Princip 6: Högskolan bör driva kunskapsutvecklingen och utveckla handlingsförmågor för att möta de globala utmaningarna"
        },
        "12": {
            "text": "Princip 7: Akademin bör premiera sätt att förena humanvetenskapen och naturvetenskapen i att gripa sig an mänsklighetens utmaningar"
        },
        "13": {
            "text": "Princip 8: Högskolans viktigaste bidrag till den regionala utvecklingen sker genom akademiska yrkesutbildningar i partnerskap"
        },
        "14": {
            "text": "Princip 9: Forskningens främsta syfte är inte innovationer utan förmågor"
        },
        "15": {
            "text": "Princip 10: Samtliga medborgare bör återkommande få delta i högre utbildning genom hela livet"
        },
        "16": {
            "text": "Princip 11: Högre utbildning bör ha större variation med gemensamma syften och sammanlänkad struktur: den bör sträva efter såväl akademiska som bildningsmässiga och yrkesrelaterade framsteg hos studenten"
        },
        "17": {
            "text": "Princip 12: Högskolan är inte ett företag, studenter inte dess kunder och konkurrens inte dess drivkraft"
        },
        "18": {
            "text": "Princip 13: Högskolan ska vara ett föredöme i att visa tillit till sina professionella medarbetare"
        },
        "19": {
            "text": "Princip 14: När högskolan fördelar sina resurser för utbildning, ska den prioritera utbildningens behov framför administrationens"
        },
        "20": {
            "text": "Princip 15: Högskolan ska vara drivande såväl i tillämpningen av informations- och kommunikationsteknologier som i förståelsen av deras verkan hos människan och i samhället"
        },
        "21": {
            "text": "Handlingsförmåga och samhällsansvar - vägval för framtidens högskola"
        },
        "22": {
            "text": "Källor och litteratur"
        },
        "23": {
            "text": "Notes"
        }
    }
}