{
    "title": "The Value of the University Armed Service Units",
    "subtitle": null,
    "series_index": 1,
    "caid": 8,
    "uuid": "09873bfa-e47a-49cc-97c6-f8afe6363ed0",
    "isbn": "9781909188570",
    "doi": "10.5334/baq",
    "gdrds": "27039652",
    "authors": [
        {
            "name": "Rachel Woodward",
            "name_sort": "Woodward, Rachel",
            "auid": "72ece67c"
        },
        {
            "name": "K Neil Jenkings",
            "name_sort": "Jenkings, K Neil",
            "auid": "e1f3ea93"
        },
        {
            "name": "Alison J Williams",
            "name_sort": "Williams, Alison J",
            "auid": "9a8403ef"
        }
    ],
    "authors_so": [
        "Woodward, Rachel & Jenkings, K Neil & Williams, Alison J"
    ],
    "authors_pp": "Rachel Woodward, K Neil Jenkings & Alison J Williams",
    "pub_date_ts": 1431699062,
    "add_date_ts": 1487631600,
    "lastmod_ts": 1496951645,
    "liked": false,
    "blurb_raw": "<p>This book provides a comprehensive assessment of the value of the university armed service units - the University Officer Training Corps, University Royal Naval Units and University Air Squadrons. The units, many of which date back to the early 20th century, exist in order to provide students at UK universities with an experience of the British armed forces. Participation in the units is entirely voluntary, and there is no expectation that students will go on to join the armed forces on graduation, although a proportion of students each year do so. The Value of the University Armed Service Units brings together the results of a research project which explored what the value of the units might be to student participants, to graduates in civilian jobs who had the experience as students, to the armed forces, to universities whose students take part in the units, and to employers of graduates with service unit experience. This book draws on quantitative and qualitative research data to explore whether, how, and why the units have value to these different groups. Significant conclusions include the extent to which the units are able to assist students with the development of their transferable (graduate) skills; the potential significance of the units for future recruitment to the armed forces, particularly the Reserves; and the effect of unit experience in developing an informed understanding of the role and function of the British armed forces amongst the wider civilian population.</p>",
    "uri": "http://rlp.rebus.cc/library/book/09873bfa-e47a-49cc-97c6-f8afe6363ed0",
    "reviewed": false,
    "publisher": {
        "id": 2,
        "name": "Ubiquity Press"
    },
    "reads": "unread",
    "has_cover": 1,
    "path": "Rachel Woodward/The Value of the University Armed Service Units (8)",
    "filename": "The Value of the University Armed Service - Rachel Woodward",
    "tags_ds": "Higher education, Social science, Military University, Armed forces, Skills",
    "tags_assoc": {
        "53": "Higher education",
        "54": "Social science",
        "55": "Military University",
        "56": "Armed forces",
        "57": "Skills"
    },
    "bundles_ds": null,
    "bundles_assoc": null,
    "stacks_ds": null,
    "stacks_assoc": null,
    "pages": 221,
    "words": 72095,
    "fre": 0,
    "fre_grey": 255,
    "annotations": null,
    "annotated": false,
    "colors": [
        "#ABBCDA",
        "#424153",
        "#0099CC"
    ],
    "epub_copy_name": "The_Value_of_the_University_Armed_Service_Units-Rachel_Woodward.epub"
}