{
    "html": "<ul><li id=\"1\">Cover</li><li id=\"2\">Title Page</li><li id=\"3\">Copyright</li><li id=\"4\">Contents</li><li id=\"5\">List of tables</li><li id=\"6\">List of figures</li><li id=\"7\">List of abbreviations</li><li id=\"8\">Note on terminology</li><li id=\"9\">Acknowledgements</li><li id=\"10\">Chapter 1. The University Armed Service Units: Background and Context<ul><li id=\"11\">1.1 Introducing the university armed service units</li><li id=\"12\">1.2 The university armed service units missions</li><li id=\"13\">1.3 The UK higher education sector</li><li id=\"14\">1.4 Policy issues framing the university armed service units</li><li id=\"15\">1.5 The purpose and structure of this book</li></ul></li><li id=\"16\">Chapter 2. Studying the Value of the University Armed Service Units: Research Rationale and Methods<ul><li id=\"17\">2.1 Rationale and background to the research</li><li id=\"18\">2.2 Research methodology</li><li id=\"19\">2.3 Conclusions on rationale and methodology</li></ul></li><li id=\"20\">Chapter 3. The Student Experience of University Armed Service Unit Participation<ul><li id=\"21\">3.1 Demographic characteristics of the university armed forces units survey sample</li><li id=\"22\">3.2 University attendance, qualifications, degree subjects and other activities</li><li id=\"23\">3.3 Joining a university armed service unit</li><li id=\"24\">3.4 University armed service units and skills development</li><li id=\"25\">3.5 Progression through university</li><li id=\"26\">3.6 Career choices</li><li id=\"27\">3.7 Seeking and gaining employment after graduation</li><li id=\"28\">3.8 Opinions about the armed forces</li><li id=\"29\">3.9 Overall experiences of university armed service units</li><li id=\"30\">3.10 Conclusions: the value of the university armed service units for participating students</li></ul></li><li id=\"31\">Chapter 4. Graduate Evaluations of the University Armed Service Units Experience<ul><li id=\"32\">4.1 The sample of graduates</li><li id=\"33\">4.2 The value of university armed service units experience in the workplace</li><li id=\"34\">4.3 Defence-minded for life?</li><li id=\"35\">4.4 Considering a career in the armed forces</li><li id=\"36\">4.5 The value of the individual to their university armed service unit and the armed forces</li><li id=\"37\">4.6 Graduate perceptions of the value of the university armed service units</li><li id=\"38\">4.7 Conclusions: the value of the university armed service units to graduates</li></ul></li><li id=\"39\">Chapter 5. The Value of the University Armed Service Units to the Armed Forces<ul><li id=\"40\">5.1 The commanding officers</li><li id=\"41\">5.2 The university armed service units and the universities</li><li id=\"42\">5.3 The value of the university armed service units to universities</li><li id=\"43\">5.4 The value added to university armed service units and the armed forces from the university relationship</li><li id=\"44\">5.5 Commanding Officer perceptions of the value of the university armed service units</li><li id=\"45\">5.6 Conclusions: the value of the university armed service units to the armed forces</li></ul></li><li id=\"46\">Chapter 6. The Universities and the University Armed Service Units<ul><li id=\"47\">6.1 Knowledge of the university armed service units within universities</li><li id=\"48\">6.2 University armed service units-university communication and liaison</li><li id=\"49\">6.3 Perceptions of the value of university armed service units to students</li><li id=\"50\">6.4 The benefits to universities of the university armed service units</li><li id=\"51\">6.5 Conclusions: the value of the university armed service units to universities</li></ul></li><li id=\"52\">Chapter 7. Conclusions: the Value of the University Armed Service Units<ul><li id=\"53\">7.1 The reach of the university armed service units across higher education</li><li id=\"54\">7.2 Equalities, politics and access to information about university armed service units</li><li id=\"55\">7.3 The comparability of university armed service units and other extracurricular student activities</li><li id=\"56\">7.4 The university armed service units and recruitment to the UK armed forces</li><li id=\"57\">7.5 Knowledge of the university armed service units within the higher education sector</li><li id=\"58\">7.6 Knowledge of university armed service units amongst employers</li><li id=\"59\">7.7 Researching the university armed service units</li></ul></li><li id=\"60\">Appendix 1: Questionnaire used for survey of student USU participants, spring 2013</li><li id=\"61\">Appendix 2: Semi-structured interview schedule for graduate interviews</li><li id=\"62\">Appendix 3: Semi-structured interview schedule for Commanding Officer interviews</li><li id=\"63\">Appendix 4: Semi-structured interview schedule for university representative interviews</li><li id=\"64\">Appendix 5: Student survey participation by university and service unit</li><li id=\"65\">Appendix 6: Students' assessments of skills development through university armed service unit participation</li><li id=\"66\">Appendix 7 Students' assessments of skills development through degree programme</li><li id=\"67\">Notes</li></ul>",
    "data": {
        "1": {
            "text": "Cover"
        },
        "2": {
            "text": "Title Page"
        },
        "3": {
            "text": "Copyright"
        },
        "4": {
            "text": "Contents"
        },
        "5": {
            "text": "List of tables"
        },
        "6": {
            "text": "List of figures"
        },
        "7": {
            "text": "List of abbreviations"
        },
        "8": {
            "text": "Note on terminology"
        },
        "9": {
            "text": "Acknowledgements"
        },
        "10": {
            "text": "Chapter 1. The University Armed Service Units: Background and Context",
            "11": {
                "text": "1.1 Introducing the university armed service units"
            },
            "12": {
                "text": "1.2 The university armed service units missions"
            },
            "13": {
                "text": "1.3 The UK higher education sector"
            },
            "14": {
                "text": "1.4 Policy issues framing the university armed service units"
            },
            "15": {
                "text": "1.5 The purpose and structure of this book"
            }
        },
        "16": {
            "text": "Chapter 2. Studying the Value of the University Armed Service Units: Research Rationale and Methods",
            "17": {
                "text": "2.1 Rationale and background to the research"
            },
            "18": {
                "text": "2.2 Research methodology"
            },
            "19": {
                "text": "2.3 Conclusions on rationale and methodology"
            }
        },
        "20": {
            "text": "Chapter 3. The Student Experience of University Armed Service Unit Participation",
            "21": {
                "text": "3.1 Demographic characteristics of the university armed forces units survey sample"
            },
            "22": {
                "text": "3.2 University attendance, qualifications, degree subjects and other activities"
            },
            "23": {
                "text": "3.3 Joining a university armed service unit"
            },
            "24": {
                "text": "3.4 University armed service units and skills development"
            },
            "25": {
                "text": "3.5 Progression through university"
            },
            "26": {
                "text": "3.6 Career choices"
            },
            "27": {
                "text": "3.7 Seeking and gaining employment after graduation"
            },
            "28": {
                "text": "3.8 Opinions about the armed forces"
            },
            "29": {
                "text": "3.9 Overall experiences of university armed service units"
            },
            "30": {
                "text": "3.10 Conclusions: the value of the university armed service units for participating students"
            }
        },
        "31": {
            "text": "Chapter 4. Graduate Evaluations of the University Armed Service Units Experience",
            "32": {
                "text": "4.1 The sample of graduates"
            },
            "33": {
                "text": "4.2 The value of university armed service units experience in the workplace"
            },
            "34": {
                "text": "4.3 Defence-minded for life?"
            },
            "35": {
                "text": "4.4 Considering a career in the armed forces"
            },
            "36": {
                "text": "4.5 The value of the individual to their university armed service unit and the armed forces"
            },
            "37": {
                "text": "4.6 Graduate perceptions of the value of the university armed service units"
            },
            "38": {
                "text": "4.7 Conclusions: the value of the university armed service units to graduates"
            }
        },
        "39": {
            "text": "Chapter 5. The Value of the University Armed Service Units to the Armed Forces",
            "40": {
                "text": "5.1 The commanding officers"
            },
            "41": {
                "text": "5.2 The university armed service units and the universities"
            },
            "42": {
                "text": "5.3 The value of the university armed service units to universities"
            },
            "43": {
                "text": "5.4 The value added to university armed service units and the armed forces from the university relationship"
            },
            "44": {
                "text": "5.5 Commanding Officer perceptions of the value of the university armed service units"
            },
            "45": {
                "text": "5.6 Conclusions: the value of the university armed service units to the armed forces"
            }
        },
        "46": {
            "text": "Chapter 6. The Universities and the University Armed Service Units",
            "47": {
                "text": "6.1 Knowledge of the university armed service units within universities"
            },
            "48": {
                "text": "6.2 University armed service units-university communication and liaison"
            },
            "49": {
                "text": "6.3 Perceptions of the value of university armed service units to students"
            },
            "50": {
                "text": "6.4 The benefits to universities of the university armed service units"
            },
            "51": {
                "text": "6.5 Conclusions: the value of the university armed service units to universities"
            }
        },
        "52": {
            "text": "Chapter 7. Conclusions: the Value of the University Armed Service Units",
            "53": {
                "text": "7.1 The reach of the university armed service units across higher education"
            },
            "54": {
                "text": "7.2 Equalities, politics and access to information about university armed service units"
            },
            "55": {
                "text": "7.3 The comparability of university armed service units and other extracurricular student activities"
            },
            "56": {
                "text": "7.4 The university armed service units and recruitment to the UK armed forces"
            },
            "57": {
                "text": "7.5 Knowledge of the university armed service units within the higher education sector"
            },
            "58": {
                "text": "7.6 Knowledge of university armed service units amongst employers"
            },
            "59": {
                "text": "7.7 Researching the university armed service units"
            }
        },
        "60": {
            "text": "Appendix 1: Questionnaire used for survey of student USU participants, spring 2013"
        },
        "61": {
            "text": "Appendix 2: Semi-structured interview schedule for graduate interviews"
        },
        "62": {
            "text": "Appendix 3: Semi-structured interview schedule for Commanding Officer interviews"
        },
        "63": {
            "text": "Appendix 4: Semi-structured interview schedule for university representative interviews"
        },
        "64": {
            "text": "Appendix 5: Student survey participation by university and service unit"
        },
        "65": {
            "text": "Appendix 6: Students' assessments of skills development through university armed service unit participation"
        },
        "66": {
            "text": "Appendix 7 Students' assessments of skills development through degree programme"
        },
        "67": {
            "text": "Notes"
        }
    }
}