{
    "title": "Polemics and Patronage in the City of Victory",
    "subtitle": "Vyasatirtha, Hindu Sectarianism, and the Sixteenth-Century Vijayanagara Court",
    "series_index": 1,
    "caid": 38,
    "uuid": "f81121d5-c569-4377-9737-62575514d611",
    "isbn": "9780520291836",
    "doi": "10.1525/luminos.18",
    "gdrds": "29563619",
    "authors": [
        {
            "name": "Valerie Stoker",
            "name_sort": "Stoker, Valerie",
            "auid": "80274438"
        }
    ],
    "authors_so": [
        "Stoker, Valerie"
    ],
    "authors_pp": "Valerie Stoker",
    "pub_date_ts": 1463311605,
    "add_date_ts": 1487113200,
    "lastmod_ts": 1496951685,
    "liked": false,
    "blurb_raw": "<p>A free ebook version of this title is available through Luminos, University of California Press's Open Access publishing program for monographs. Visit <a href=\"http://www.luminosoa.org\">www.luminosoa.org</a> to learn more.</p><p>How did the patronage activities of India's Vijayanagara Empire (c. 1346-1565) influence Hindu sectarian identities? Although the empire has been commonly viewed as a Hindu bulwark against Islamic incursion from the north or as a religiously ecumenical state, Valerie Stoker argues that the Vijayanagara court was selective in its patronage of religious institutions. To understand the dynamic interaction between religious and royal institutions in this period, she focuses on the career of the Hindu intellectual and monastic leader Vyasatirtha. An agent of the state and a powerful religious authority, Vyasatirtha played an important role in expanding the empire's economic and social networks. By examining his polemics against rival sects in the context of his work for the empire, Stoker provides a remarkably nuanced picture of the relationship between religious identity and sociopolitical reality under Vijayanagara rule.</p>",
    "uri": "http://rlp.rebus.cc/library/book/f81121d5-c569-4377-9737-62575514d611",
    "reviewed": false,
    "publisher": {
        "id": 1,
        "name": "University of California Press"
    },
    "reads": "unread",
    "has_cover": 1,
    "path": "Valerie Stoker/Polemics and Patronage in the City of Victory_ Vyasatirtha, Hindu Sectarianism, and the Sixteent (38)",
    "filename": "Polemics and Patronage in the City of Vict - Valerie Stoker",
    "tags_ds": "History, Religion, South Asian History, India, South Asia",
    "tags_assoc": {
        "15": "History",
        "143": "Religion",
        "186": "South Asian History",
        "187": "India",
        "188": "South Asia"
    },
    "bundles_ds": null,
    "bundles_assoc": null,
    "stacks_ds": "Cultural Politics 101",
    "stacks_assoc": {
        "1": "Cultural Politics 101"
    },
    "pages": 230,
    "words": 118939,
    "fre": 50,
    "fre_grey": 127.5,
    "annotations": null,
    "annotated": false,
    "colors": [
        "#FFCC33",
        "#F5DD01",
        "#996633"
    ],
    "epub_copy_name": "Polemics_and_Patronage_in_the_City_of_Victory-Valerie_Stoker.epub"
}