{
    "html": "<ul><li id=\"1\">Cover</li><li id=\"2\">Title</li><li id=\"3\">Copyright</li><li id=\"4\">Contents</li><li id=\"5\">List of Illustrations</li><li id=\"6\">Acknowledgments</li><li id=\"7\">Abbreviations</li><li id=\"8\">Note on Transliteration and Translation</li><li id=\"9\">1. Hindu Sectarianism and the City of Victory</li><li id=\"10\">2. Royal and Religious Authority in Sixteenth-Century Vijayanagara: A Maṭhādhipati at Kṛṣṇadevarāya’s Court</li><li id=\"11\">3. Sectarian Rivalries at an Ecumenical Court: Vyāsatīrtha, Advaita Vedānta, and the Smārta Brahmins</li><li id=\"12\">4. Allies or Rivals? Vyāsatīrtha’s Material, Social, and Ritual Interactions with the Śrīvaiṣṇavas</li><li id=\"13\">5. The Social Life of Vedānta Philosophy: Vyāsatīrtha’s Polemics against Viśiṣṭādvaita Vedānta</li><li id=\"14\">6. Hindu, Ecumenical, Sectarian: Religion and the Vijayanagara Court</li><li id=\"15\">Notes</li><li id=\"16\">Bibliography</li></ul>",
    "data": {
        "1": {
            "text": "Cover"
        },
        "2": {
            "text": "Title"
        },
        "3": {
            "text": "Copyright"
        },
        "4": {
            "text": "Contents"
        },
        "5": {
            "text": "List of Illustrations"
        },
        "6": {
            "text": "Acknowledgments"
        },
        "7": {
            "text": "Abbreviations"
        },
        "8": {
            "text": "Note on Transliteration and Translation"
        },
        "9": {
            "text": "1. Hindu Sectarianism and the City of Victory"
        },
        "10": {
            "text": "2. Royal and Religious Authority in Sixteenth-Century Vijayanagara: A Maṭhādhipati at Kṛṣṇadevarāya’s Court"
        },
        "11": {
            "text": "3. Sectarian Rivalries at an Ecumenical Court: Vyāsatīrtha, Advaita Vedānta, and the Smārta Brahmins"
        },
        "12": {
            "text": "4. Allies or Rivals? Vyāsatīrtha’s Material, Social, and Ritual Interactions with the Śrīvaiṣṇavas"
        },
        "13": {
            "text": "5. The Social Life of Vedānta Philosophy: Vyāsatīrtha’s Polemics against Viśiṣṭādvaita Vedānta"
        },
        "14": {
            "text": "6. Hindu, Ecumenical, Sectarian: Religion and the Vijayanagara Court"
        },
        "15": {
            "text": "Notes"
        },
        "16": {
            "text": "Bibliography"
        }
    }
}