{
    "title": "The Past in the Present",
    "subtitle": "A Living Heritage Approach - Meteora, Greece",
    "series_index": 1,
    "caid": 9,
    "uuid": "1d464883-e282-4e18-82a9-21c0aaea6138",
    "isbn": "9781909188280",
    "doi": "10.5334/bak",
    "gdrds": "23332760",
    "authors": [
        {
            "name": "Ioannis Poulios",
            "name_sort": "Poulios, Ioannis",
            "auid": "d8e12a2a"
        }
    ],
    "authors_so": [
        "Poulios, Ioannis"
    ],
    "authors_pp": "Ioannis Poulios",
    "pub_date_ts": 1407369600,
    "add_date_ts": 1487631600,
    "lastmod_ts": 1496951645,
    "liked": false,
    "blurb_raw": "<p>The Past in the Present deals with the complexities in the operation and management of living heritage sites. It presents a new interpretation of such sites based on the concept of continuity, and its evolution to the present. It is demonstrated that the current theoretical framework and practice of conservation, as best epitomised in a values-based approach and the World Heritage concept, is based on discontinuity created between the monuments (considered to belong to the past) and the people of the present, thus seemingly unable to embrace living heritage sites. From this position, the study suggests an innovative approach that views communities and sites as an inseparable entity: a Living Heritage Approach. This approach brings a new insight into key concepts such as authenticity and sustainable development. Through the use of the monastic site of Meteora, Greece, as a case study, the discussion generated aims to shift the focus of conservation from 'preservation' towards a continual process of 'creation' in an ongoing present, attempting to change the way heritage is perceived, protected and, more importantly, further created.</p><p>**</p>",
    "uri": "http://rlp.rebus.cc/library/book/1d464883-e282-4e18-82a9-21c0aaea6138",
    "reviewed": false,
    "publisher": {
        "id": 2,
        "name": "Ubiquity Press"
    },
    "reads": "unread",
    "has_cover": 1,
    "path": "Ioannis Poulios/The Past in the Present_ A Living Heritage Approach - Meteora, Greece (9)",
    "filename": "The Past in the Present_ A Living Heritage - Ioannis Poulios",
    "tags_ds": "Architecture, Historic Preservation, History, Conservation, Heritage, Sustainable development",
    "tags_assoc": {
        "8": "Architecture",
        "9": "Historic Preservation",
        "15": "History",
        "21": "Conservation",
        "22": "Heritage",
        "23": "Sustainable development"
    },
    "bundles_ds": null,
    "bundles_assoc": null,
    "stacks_ds": "Cultural Politics 101",
    "stacks_assoc": {
        "1": "Cultural Politics 101"
    },
    "pages": 180,
    "words": 67880,
    "fre": 0,
    "fre_grey": 255,
    "annotations": null,
    "annotated": false,
    "colors": [
        "#999999",
        "#996633",
        "#424153"
    ],
    "epub_copy_name": "The_Past_in_the_Present-Ioannis_Poulios.epub"
}