{
    "html": "<ul><li id=\"1\">Acknowledgements</li><li id=\"2\">A note on the author</li><li id=\"3\">Introduction</li><li id=\"4\">Part 1. Existing Approaches to Conservation<ul><li id=\"5\">Chapter 1. Introduction: definition and development of conservation – the concept of authenticity</li><li id=\"6\">Chapter 2. Recognising the living dimension of heritage sites</li><li id=\"7\">Chapter 3. Existing approaches to conservation</li><li id=\"10\">Chapter 4. Defining and managing ‘living heritage’</li></ul></li><li id=\"13\">Part 2. The Conservation and Management of the Site of Meteora in Greece<ul><li id=\"14\">Chapter 5. Description of Meteora: landscape, and history</li><li id=\"15\">Chapter 6. Meteora within the systems of monasticism, heritage protection and tourism operation</li><li id=\"16\">Chapter 7. The meaning of Meteora as an Orthodox monastic site</li><li id=\"19\">Chapter 8. The conservation and management of Meteora (1960 to present): presentation</li><li id=\"22\">Chapter 9. The conservation and management of Meteora (1960 to present): analysis</li><li id=\"25\">Chapter 10. The use and arrangement of space at Meteora (1960 to present)</li><li id=\"29\">Chapter 11. Conclusion</li></ul></li><li id=\"30\">Part 3. Towards a New Approach to Conservation: A Living Heritage Approach<ul><li id=\"31\">Chapter 12. Towards a new approach to the definition of living heritage sites</li><li id=\"32\">Chapter 13. Why living heritage sites cannot be embraced within the current approaches to conservation?</li><li id=\"33\">Chapter 14. A living heritage approach: the main principles</li><li id=\"34\">Chapter 15. A living heritage approach: planning process methodology</li><li id=\"35\">Conclusion: The Contribution of a Living Heritage Approach to the Discipline of Conservation</li><li id=\"36\">References</li><li id=\"37\">Index</li></ul></li></ul>",
    "data": {
        "1": {
            "text": "Acknowledgements"
        },
        "2": {
            "text": "A note on the author"
        },
        "3": {
            "text": "Introduction"
        },
        "4": {
            "text": "Part 1. Existing Approaches to Conservation",
            "5": {
                "text": "Chapter 1. Introduction: definition and development of conservation – the concept of authenticity"
            },
            "6": {
                "text": "Chapter 2. Recognising the living dimension of heritage sites"
            },
            "7": {
                "text": "Chapter 3. Existing approaches to conservation"
            },
            "10": {
                "text": "Chapter 4. Defining and managing ‘living heritage’"
            }
        },
        "13": {
            "text": "Part 2. The Conservation and Management of the Site of Meteora in Greece",
            "14": {
                "text": "Chapter 5. Description of Meteora: landscape, and history"
            },
            "15": {
                "text": "Chapter 6. Meteora within the systems of monasticism, heritage protection and tourism operation"
            },
            "16": {
                "text": "Chapter 7. The meaning of Meteora as an Orthodox monastic site"
            },
            "19": {
                "text": "Chapter 8. The conservation and management of Meteora (1960 to present): presentation"
            },
            "22": {
                "text": "Chapter 9. The conservation and management of Meteora (1960 to present): analysis"
            },
            "25": {
                "text": "Chapter 10. The use and arrangement of space at Meteora (1960 to present)"
            },
            "29": {
                "text": "Chapter 11. Conclusion"
            }
        },
        "30": {
            "text": "Part 3. Towards a New Approach to Conservation: A Living Heritage Approach",
            "31": {
                "text": "Chapter 12. Towards a new approach to the definition of living heritage sites"
            },
            "32": {
                "text": "Chapter 13. Why living heritage sites cannot be embraced within the current approaches to conservation?"
            },
            "33": {
                "text": "Chapter 14. A living heritage approach: the main principles"
            },
            "34": {
                "text": "Chapter 15. A living heritage approach: planning process methodology"
            },
            "35": {
                "text": "Conclusion: The Contribution of a Living Heritage Approach to the Discipline of Conservation"
            },
            "36": {
                "text": "References"
            },
            "37": {
                "text": "Index"
            }
        }
    }
}