{
    "title": "Writing Self, Writing Empire",
    "subtitle": "Chandar Bhan Brahman and the Cultural World of the Indo-Persian State Secretary",
    "series_index": 1,
    "caid": 32,
    "uuid": "8d7fa14e-d55d-4797-9099-7a10355ca698",
    "isbn": "9780520286467",
    "doi": "10.1525/luminos.3",
    "gdrds": "25779789",
    "authors": [
        {
            "name": "Rajeev Kinra",
            "name_sort": "Kinra, Rajeev",
            "auid": "4ad1b7af"
        }
    ],
    "authors_so": [
        "Kinra, Rajeev"
    ],
    "authors_pp": "Rajeev Kinra",
    "pub_date_ts": 1431689124,
    "add_date_ts": 1484521200,
    "lastmod_ts": 1496951724,
    "liked": false,
    "blurb_raw": "<p>A free ebook version of this title is available through Luminos, University of California Press's new open access publishing program for monographs. Visit <a href=\"http://www.luminosoa.org\">www.luminosoa.org</a> to learn more.</p><p><em>Writing Self, Writing Empire</em> examines the life, career, and writings of the Mughal state secretary, or munshi, Chandar Bhan \"Brahman\" (d. c.1670), one of the great Indo-Persian poets and prose stylists of early modern South Asia. Chandar Bhan's life spanned the reigns of four different emperors, Akbar (1556-1605), Jahangir (1605-1627), Shah Jahan (1628-1658), and Aurangzeb 'Alamgir (1658-1707), the last of the \"Great Mughals\" whose courts dominated the culture and politics of the subcontinent at the height of the empire's power, territorial reach, and global influence.</p><p>As a high-caste Hindu who worked for a series of Muslim monarchs and other officials, forming powerful friendships along the way, Chandar Bhan's experience bears vivid testimony to the pluralistic atmosphere of the Mughal court, particularly during the reign of Shah Jahan, the celebrated builder of the Taj Mahal. But his widely circulated and emulated works also touch on a range of topics central to our understanding of the court's literary, mystical, administrative, and ethical cultures, while his letters and autobiographical writings provide tantalizing examples of early modern Indo-Persian modes of self-fashioning. Chandar Bhan's oeuvre is a valuable window onto a crucial, though surprisingly neglected, period of Mughal cultural and political history.</p>",
    "uri": "http://rlp.rebus.cc/library/book/8d7fa14e-d55d-4797-9099-7a10355ca698",
    "reviewed": false,
    "publisher": {
        "id": 1,
        "name": "University of California Press"
    },
    "reads": "unread",
    "has_cover": 1,
    "path": "Rajeev Kinra/Writing Self, Writing Empire_ Chandar Bhan Brahman and the Cultural World of the Indo-Persian St (32)",
    "filename": "Writing Self, Writing Empire_ Chandar Bhan - Rajeev Kinra",
    "tags_ds": "History, Biography & Autobiography, General, Asia, India & South Asia, Literary Criticism, Asian, Biography, History of India and South Asia, Indo-Persian poetry",
    "tags_assoc": {
        "15": "History",
        "165": "Biography & Autobiography",
        "166": "General",
        "167": "Asia",
        "168": "India & South Asia",
        "169": "Literary Criticism",
        "170": "Asian",
        "171": "Biography",
        "172": "History of India and South Asia",
        "173": "Indo-Persian poetry"
    },
    "bundles_ds": null,
    "bundles_assoc": null,
    "stacks_ds": null,
    "stacks_assoc": null,
    "pages": 394,
    "words": 196235,
    "fre": 52,
    "fre_grey": 122.4,
    "annotations": null,
    "annotated": false,
    "colors": [
        "#E7D8B1",
        "#996633",
        "#FF9900"
    ],
    "epub_copy_name": "Writing_Self_Writing_Empire-Rajeev_Kinra.epub"
}