{
    "html": "<ul><li id=\"1\">Cover</li><li id=\"2\">Title</li><li id=\"3\">Imprint</li><li id=\"4\">Dedication</li><li id=\"5\">Epigraph</li><li id=\"6\">Contents</li><li id=\"7\">Preface</li><li id=\"8\">Introduction: A Hindu Secretary in King Shah Jahan’s Court</li><li id=\"9\">1. Chandar Bhan’s Intellectual World</li><li id=\"10\">2. A Mirror for Munshīs</li><li id=\"11\">3. King of Delhi, King of the World</li><li id=\"12\">4. Writing the Mughal Self</li><li id=\"13\">5. Making Indo-Persian Literature Fresh</li><li id=\"14\">6. The Persistence of Gossip</li><li id=\"15\">Conclusion: Ending at Just the Beginning</li><li id=\"16\">Notes</li><li id=\"17\">Bibliography</li></ul>",
    "data": {
        "1": {
            "text": "Cover"
        },
        "2": {
            "text": "Title"
        },
        "3": {
            "text": "Imprint"
        },
        "4": {
            "text": "Dedication"
        },
        "5": {
            "text": "Epigraph"
        },
        "6": {
            "text": "Contents"
        },
        "7": {
            "text": "Preface"
        },
        "8": {
            "text": "Introduction: A Hindu Secretary in King Shah Jahan’s Court"
        },
        "9": {
            "text": "1. Chandar Bhan’s Intellectual World"
        },
        "10": {
            "text": "2. A Mirror for Munshīs"
        },
        "11": {
            "text": "3. King of Delhi, King of the World"
        },
        "12": {
            "text": "4. Writing the Mughal Self"
        },
        "13": {
            "text": "5. Making Indo-Persian Literature Fresh"
        },
        "14": {
            "text": "6. The Persistence of Gossip"
        },
        "15": {
            "text": "Conclusion: Ending at Just the Beginning"
        },
        "16": {
            "text": "Notes"
        },
        "17": {
            "text": "Bibliography"
        }
    }
}