{
    "title": "Animal (De)liberation",
    "subtitle": "Should the Consumption of Animal Products Be Banned?",
    "series_index": 1,
    "caid": 1,
    "uuid": "9d251ec6-f2bc-45a8-9fe4-05ebb64a64bf",
    "isbn": "9781909188860",
    "doi": "10.5334/bay",
    "gdrds": "31339137",
    "authors": [
        {
            "name": "Jan Deckers",
            "name_sort": "Deckers, Jan",
            "auid": "bc340214"
        }
    ],
    "authors_so": [
        "Deckers, Jan"
    ],
    "authors_pp": "Jan Deckers",
    "pub_date_ts": 1463321539,
    "add_date_ts": 1487113200,
    "lastmod_ts": 1496951658,
    "liked": false,
    "blurb_raw": "<p>In this book, Jan Deckers addresses the most crucial question that people must deliberate in relation to how we should treat other animals: whether we should eat animal products. Many people object to the consumption of animal products from the conviction that it inflicts pain, suffering, and death upon animals. This book argues that a convincing ethical theory cannot be based on these important concerns: rather, it must focus on our interest in human health. Tending to this interest demands not only that we extend speciesism-the attribution of special significance to members of our own species merely because they belong to the same species as ourself-towards nonhuman animals, but also that we safeguard the integrity of nature. In this light, projects that aim to engineer the genetic material of animals to reduce their capacities to feel pain and to suffer are morally suspect. The same applies to projects that aim to develop in-vitro flesh, even if the production of such flesh should be welcomed on other grounds. The theory proposed in this book is accompanied by a political goal, the 'vegan project', which strives for a qualified ban on the consumption of animal products. Deckers also provides empirical evidence that some support for this goal exists already, and his analysis of the views of others-including those of slaughterhouse workers-reveals that the vegan project stands firm in spite of public opposition. Many charges have been pressed against vegan diets, including: that they alienate human beings from nature; that they increase human food security concerns; and that they are unsustainable. Deckers argues that these charges are legitimate in some cases, but that, in many situations, vegan diets are actually superior. For those who remain doubtful, the book also contains an appendix that considers whether vegan diets might actually be nutritionally adequate.</p>",
    "uri": "http://rlp.rebus.cc/library/book/9d251ec6-f2bc-45a8-9fe4-05ebb64a64bf",
    "reviewed": false,
    "publisher": {
        "id": 2,
        "name": "Ubiquity Press"
    },
    "reads": "unread",
    "has_cover": 1,
    "path": "Jan Deckers/Animal (De)liberation_ Should the Consumption of Animal Products Be Banned_ (1)",
    "filename": "Animal (De)liberation_ Should the Consumpt - Jan Deckers",
    "tags_ds": "Philosophy, Agriculture, Law, Medicine, Animals, Veganism, Genetic engineering, Speciesism, Holistic health, Vegan agriculture, Nutrition",
    "tags_assoc": {
        "1": "Philosophy",
        "81": "Agriculture",
        "82": "Law",
        "83": "Medicine",
        "84": "Animals",
        "85": "Veganism",
        "86": "Genetic engineering",
        "87": "Speciesism",
        "88": "Holistic health",
        "89": "Vegan agriculture",
        "90": "Nutrition"
    },
    "bundles_ds": null,
    "bundles_assoc": null,
    "stacks_ds": null,
    "stacks_assoc": null,
    "pages": 246,
    "words": 114389,
    "fre": 0,
    "fre_grey": 255,
    "annotations": null,
    "annotated": false,
    "colors": [
        "#424153",
        "#999999",
        "#CC0000"
    ],
    "epub_copy_name": "Animal_Deliberation-Jan_Deckers.epub"
}