{
    "html": "<ul><li id=\"1\">Cover</li><li id=\"2\">Title</li><li id=\"3\">Copyright</li><li id=\"4\">Contents</li><li id=\"5\">Acknowledgements</li><li id=\"6\">Introduction</li><li id=\"7\">Chapter One: The Consumption of Animal Products and the Human Right to Health Care<ul><li id=\"8\">1.1 Introduction</li><li id=\"9\">1.2 Zoonoses</li><li id=\"10\">1.3 Land use and degradation</li><li id=\"11\">1.4 Water use and pollution</li><li id=\"12\">1.5 The use of fossil fuels and atmospheric pollution</li><li id=\"13\">1.6 The moral imperative to reduce negative GHIs</li><li id=\"14\">1.7 Reducing negative GHIs through dietary changes</li><li id=\"15\">1.8 The case for a radical transformation of agriculture</li><li id=\"16\">1.9 Conclusion</li></ul></li><li id=\"17\">Chapter Two: The Ethics of Qualified Moral Veganism<ul><li id=\"18\">2.1 Introduction</li><li id=\"19\">2.2 The lives of chickens</li><li id=\"20\">2.3 The lives of pigs</li><li id=\"21\">2.4 The lives of cows</li><li id=\"22\">2.5 The lives of fish</li><li id=\"23\">2.6 The moral imperative to take sentience seriously</li><li id=\"24\">2.7 Is the minimisation of pain and suffering all that matters?</li><li id=\"25\">2.8 Is the killing of anaesthetised animals for food acceptable? Weaknesses of existing theories</li><li id=\"26\">2.9 Recognising that speciesist and animalist interests are morally relevant</li><li id=\"27\">2.10 Animalism’s distinctive answers in relation to the morality of killing and consuming animals</li><li id=\"28\">2.11 Human health, the genetic engineering of animals, and animals’ interests in living independently</li><li id=\"29\">2.12 Human health and in-vitro flesh</li><li id=\"30\">2.13 The duty to adopt qualified moral veganism</li><li id=\"31\">2.14 Conclusion</li></ul></li><li id=\"32\">Chapter Three: The Politics of Qualified Moral Veganism<ul><li id=\"33\">3.1 Introduction</li><li id=\"34\">3.2 Educating people about the reasons underpinning qualified moral veganism</li><li id=\"35\">3.3 Increasing the costs of animal products</li><li id=\"36\">3.4 The vegan project</li><li id=\"37\">3.5 Three objections to the vegan project, and their refutations</li><li id=\"41\">3.6 Conclusion</li></ul></li><li id=\"42\">Chapter Four: An Evaluation of Others’ Deliberations<ul><li id=\"43\">4.1 Introduction</li><li id=\"44\">4.2 Methodology</li><li id=\"45\">4.3 Thematic analysis and evaluation of the views of academic staff, students, and Newcastle residents</li><li id=\"55\">4.4 Thematic analysis and evaluation of the views of Oldham slaughterhouse workers</li><li id=\"61\">4.5 Conclusion</li></ul></li><li id=\"62\">Conclusion</li><li id=\"63\">Appendix: Might a Vegan Diet Be Healthy, or Even Healthier?<ul><li id=\"64\">1 Introduction</li><li id=\"65\">2 Might vegan diets be healthy?</li><li id=\"66\">3 Might vegan diets be healthier than other diets?</li><li id=\"67\">4 Conclusion</li></ul></li><li id=\"68\">References</li></ul>",
    "data": {
        "1": {
            "text": "Cover"
        },
        "2": {
            "text": "Title"
        },
        "3": {
            "text": "Copyright"
        },
        "4": {
            "text": "Contents"
        },
        "5": {
            "text": "Acknowledgements"
        },
        "6": {
            "text": "Introduction"
        },
        "7": {
            "text": "Chapter One: The Consumption of Animal Products and the Human Right to Health Care",
            "8": {
                "text": "1.1 Introduction"
            },
            "9": {
                "text": "1.2 Zoonoses"
            },
            "10": {
                "text": "1.3 Land use and degradation"
            },
            "11": {
                "text": "1.4 Water use and pollution"
            },
            "12": {
                "text": "1.5 The use of fossil fuels and atmospheric pollution"
            },
            "13": {
                "text": "1.6 The moral imperative to reduce negative GHIs"
            },
            "14": {
                "text": "1.7 Reducing negative GHIs through dietary changes"
            },
            "15": {
                "text": "1.8 The case for a radical transformation of agriculture"
            },
            "16": {
                "text": "1.9 Conclusion"
            }
        },
        "17": {
            "text": "Chapter Two: The Ethics of Qualified Moral Veganism",
            "18": {
                "text": "2.1 Introduction"
            },
            "19": {
                "text": "2.2 The lives of chickens"
            },
            "20": {
                "text": "2.3 The lives of pigs"
            },
            "21": {
                "text": "2.4 The lives of cows"
            },
            "22": {
                "text": "2.5 The lives of fish"
            },
            "23": {
                "text": "2.6 The moral imperative to take sentience seriously"
            },
            "24": {
                "text": "2.7 Is the minimisation of pain and suffering all that matters?"
            },
            "25": {
                "text": "2.8 Is the killing of anaesthetised animals for food acceptable? Weaknesses of existing theories"
            },
            "26": {
                "text": "2.9 Recognising that speciesist and animalist interests are morally relevant"
            },
            "27": {
                "text": "2.10 Animalism’s distinctive answers in relation to the morality of killing and consuming animals"
            },
            "28": {
                "text": "2.11 Human health, the genetic engineering of animals, and animals’ interests in living independently"
            },
            "29": {
                "text": "2.12 Human health and in-vitro flesh"
            },
            "30": {
                "text": "2.13 The duty to adopt qualified moral veganism"
            },
            "31": {
                "text": "2.14 Conclusion"
            }
        },
        "32": {
            "text": "Chapter Three: The Politics of Qualified Moral Veganism",
            "33": {
                "text": "3.1 Introduction"
            },
            "34": {
                "text": "3.2 Educating people about the reasons underpinning qualified moral veganism"
            },
            "35": {
                "text": "3.3 Increasing the costs of animal products"
            },
            "36": {
                "text": "3.4 The vegan project"
            },
            "37": {
                "text": "3.5 Three objections to the vegan project, and their refutations"
            },
            "41": {
                "text": "3.6 Conclusion"
            }
        },
        "42": {
            "text": "Chapter Four: An Evaluation of Others’ Deliberations",
            "43": {
                "text": "4.1 Introduction"
            },
            "44": {
                "text": "4.2 Methodology"
            },
            "45": {
                "text": "4.3 Thematic analysis and evaluation of the views of academic staff, students, and Newcastle residents"
            },
            "55": {
                "text": "4.4 Thematic analysis and evaluation of the views of Oldham slaughterhouse workers"
            },
            "61": {
                "text": "4.5 Conclusion"
            }
        },
        "62": {
            "text": "Conclusion"
        },
        "63": {
            "text": "Appendix: Might a Vegan Diet Be Healthy, or Even Healthier?",
            "64": {
                "text": "1 Introduction"
            },
            "65": {
                "text": "2 Might vegan diets be healthy?"
            },
            "66": {
                "text": "3 Might vegan diets be healthier than other diets?"
            },
            "67": {
                "text": "4 Conclusion"
            }
        },
        "68": {
            "text": "References"
        }
    }
}