{
    "title": "Representing Mass Violence",
    "subtitle": "Conflicting Responses to Human Rights Violations in Darfur",
    "series_index": 1,
    "caid": 29,
    "uuid": "9d154f17-b988-470d-b4c2-b0b9cdb98992",
    "isbn": "9780520281509",
    "doi": "10.1525/luminos.4",
    "gdrds": "25778233",
    "authors": [
        {
            "name": "J Savelsberg",
            "name_sort": "Savelsberg, J",
            "auid": "3d567cf8"
        }
    ],
    "authors_so": [
        "Savelsberg, J"
    ],
    "authors_pp": "J Savelsberg",
    "pub_date_ts": 1431689380,
    "add_date_ts": 1484521200,
    "lastmod_ts": 1496951720,
    "liked": false,
    "blurb_raw": "<p>A free ebook version of this title is available through Luminos, University of California Press’s new open access publishing program for monographs. Visit <a href=\"http://www.luminosoa.org\">www.luminosoa.org</a> to learn more.</p><p>How do interventions by the UN Security Council and the International Criminal Court influence representations of mass violence? What images arise instead from the humanitarianism and diplomacy fields? How are these competing perspectives communicated to the public via mass media? Zooming in on the case of Darfur, Joachim J. Savelsberg analyzes more than three thousand news reports and opinion pieces and interviews leading newspaper correspondents, NGO experts, and foreign ministry officials from eight countries to show the dramatic differences in the framing of mass violence around the world and across social fields. <em>Representing Mass Violence</em> contributes to our understanding of how the world acknowledges and responds to violence in the Global South.</p>",
    "uri": "http://rlp.rebus.cc/library/book/9d154f17-b988-470d-b4c2-b0b9cdb98992",
    "reviewed": false,
    "publisher": {
        "id": 1,
        "name": "University of California Press"
    },
    "reads": "unread",
    "has_cover": 1,
    "path": "Joachim J. Savelsberg/Representing Mass Violence_ Conflicting Responses to Human Rights Violations in Darfur (29)",
    "filename": "Representing Mass Violence_ Conflicting Re - Joachim J. Savelsberg",
    "tags_ds": "History, Sociology, Criminology",
    "tags_assoc": {
        "15": "History",
        "127": "Sociology",
        "159": "Criminology"
    },
    "bundles_ds": null,
    "bundles_assoc": null,
    "stacks_ds": null,
    "stacks_assoc": null,
    "pages": 362,
    "words": 121760,
    "fre": 69,
    "fre_grey": 79.05,
    "annotations": null,
    "annotated": false,
    "colors": [
        "#FF9900",
        "#CC6633",
        "#E7D8B1"
    ],
    "epub_copy_name": "Representing_Mass_Violence-J_Savelsberg.epub"
}