{
    "html": "<ul><li id=\"1\">Title</li><li id=\"2\">Imprint</li><li id=\"3\">Dedication</li><li id=\"4\">List of Illustrations</li><li id=\"5\">Acknowledgments</li><li id=\"6\">List of Abbreviations</li><li id=\"7\">Introduction: Questions, Theory, Darfur, Data</li><li id=\"8\">Part One. Justice versus Impunity</li><li id=\"9\">1. Setting the Stage: The Justice Cascade and Darfur</li><li id=\"10\">2. The Human Rights Field and Amnesty International</li><li id=\"11\">3. American Mobilization and the Justice Cascade</li><li id=\"12\">Part Two. Aid versus Justice: The Humanitarian Field</li><li id=\"13\">4. The Humanitarian Aid Field and Doctors Without Borders</li><li id=\"14\">5. The Humanitarian Complex and Challenges to the Justice Cascade: The Case of Ireland</li><li id=\"15\">Part Three. Peace versus Justice: The Diplomatic Field</li><li id=\"16\">6. Diplomatic Representations of Mass Violence</li><li id=\"17\">7. The Diplomatic Field in National Contexts: Deviations from the Master Narrative</li><li id=\"18\">Part Four. Mediating Competing Representations: The Journalistic Field</li><li id=\"19\">8. Rules of the Journalistic Game, Autonomy, and the Habitus of Africa Correspondents</li><li id=\"20\">9. Patterns of Reporting: Fields, Countries, Ideology, and Gender</li><li id=\"21\">10. Conclusions: Fields, the Global versus the National, and Representations of Mass Violence</li><li id=\"22\">Postscript</li><li id=\"23\">Appendix A. Photo Credits and Copyright Information</li><li id=\"24\">Appendix B. Interview Guidelines</li><li id=\"25\">Appendix C. Code Book Explanations</li><li id=\"26\">Notes</li><li id=\"27\">References</li></ul>",
    "data": {
        "1": {
            "text": "Title"
        },
        "2": {
            "text": "Imprint"
        },
        "3": {
            "text": "Dedication"
        },
        "4": {
            "text": "List of Illustrations"
        },
        "5": {
            "text": "Acknowledgments"
        },
        "6": {
            "text": "List of Abbreviations"
        },
        "7": {
            "text": "Introduction: Questions, Theory, Darfur, Data"
        },
        "8": {
            "text": "Part One. Justice versus Impunity"
        },
        "9": {
            "text": "1. Setting the Stage: The Justice Cascade and Darfur"
        },
        "10": {
            "text": "2. The Human Rights Field and Amnesty International"
        },
        "11": {
            "text": "3. American Mobilization and the Justice Cascade"
        },
        "12": {
            "text": "Part Two. Aid versus Justice: The Humanitarian Field"
        },
        "13": {
            "text": "4. The Humanitarian Aid Field and Doctors Without Borders"
        },
        "14": {
            "text": "5. The Humanitarian Complex and Challenges to the Justice Cascade: The Case of Ireland"
        },
        "15": {
            "text": "Part Three. Peace versus Justice: The Diplomatic Field"
        },
        "16": {
            "text": "6. Diplomatic Representations of Mass Violence"
        },
        "17": {
            "text": "7. The Diplomatic Field in National Contexts: Deviations from the Master Narrative"
        },
        "18": {
            "text": "Part Four. Mediating Competing Representations: The Journalistic Field"
        },
        "19": {
            "text": "8. Rules of the Journalistic Game, Autonomy, and the Habitus of Africa Correspondents"
        },
        "20": {
            "text": "9. Patterns of Reporting: Fields, Countries, Ideology, and Gender"
        },
        "21": {
            "text": "10. Conclusions: Fields, the Global versus the National, and Representations of Mass Violence"
        },
        "22": {
            "text": "Postscript"
        },
        "23": {
            "text": "Appendix A. Photo Credits and Copyright Information"
        },
        "24": {
            "text": "Appendix B. Interview Guidelines"
        },
        "25": {
            "text": "Appendix C. Code Book Explanations"
        },
        "26": {
            "text": "Notes"
        },
        "27": {
            "text": "References"
        }
    }
}