{
    "title": "Keys to Play",
    "subtitle": null,
    "series_index": 1,
    "caid": 44,
    "uuid": "0d9214ac-d18d-4f9d-8c12-bd31b97908f8",
    "isbn": "978-0-520-96509-6",
    "doi": "10.1525/luminos.16",
    "gdrds": "29587583",
    "authors": [
        {
            "name": "Roger Moseley",
            "name_sort": "Moseley, Roger",
            "auid": "0da03469"
        }
    ],
    "authors_so": [
        "Moseley, Roger"
    ],
    "authors_pp": "Roger Moseley",
    "pub_date_ts": 1475107200,
    "add_date_ts": 1489532400,
    "lastmod_ts": 1496951617,
    "liked": false,
    "blurb_raw": "<div><div>How do keyboards make music playable? Drawing on theories of media, systems, and cultural techniques, Keys to Play spans Greek myth and contemporary Japanese digital games to chart a genealogy of musical play and its animation via improvisation, performance, and recreation. As a paradigmatic digital interface, the keyboard forms a field of play on which the book’s diverse objects of inquiry—from clavichords to PCs and eighteenth-century musical dice games to the latest rhythm-action titles—enter into analogical relations. Remapping the keyboard’s topography by way of Mozart and Super Mario, who head an expansive cast of historical and virtual actors, Keys to Play invites readers to unlock ludic dimensions of music that are at once old and new.</div><div>“Keys to Play is full of novel ideas, provocative observations, and brilliant aperçus. Whether our interests lie in audiovisual media, aesthetics, performance, improvisation, compositional technique, notation, theory, or historiography, Moseley shows us how much the field at large has to gain from taking play seriously. In a word: stunning.” ALEXANDER REHDING, Harvard University</div><div>“Moseley’s game-changing book puts a new and versatile set of tools at our disposal. Wonderfully allusive and erudite, Keys to Play will open new horizons for music scholars of all kinds.” ELISABETH LE GUIN, University of California, Los Angeles“</div><div>A dazzling and daring book: an intellectual symphony, a virtuosic boss run, a vigorous expedition in media-musical archaeology, and an exquisite love letter to the vitality of interdisciplinary play.” WILLIAM CHENG, author of Sound Play: Video Games and the Musical Imagination</div><div>“Keys to Play offers a new approach to central episodes in the narrative of European art music refracted through histories of the keyboard, digital games, and improvisation. It is at once provocative, bracing and, yes, profoundly playful.” BENJAMIN WALTON, University of Cambridge</div><div>ROGER MOSELEY is Assistant Professor of Music at Cornell University.</div></div>",
    "uri": "http://rlp.rebus.cc/library/book/0d9214ac-d18d-4f9d-8c12-bd31b97908f8",
    "reviewed": false,
    "publisher": {
        "id": 1,
        "name": "University of California Press"
    },
    "reads": "unread",
    "has_cover": 1,
    "path": "Roger Moseley/Keys to Play (44)",
    "filename": "Keys to Play - Roger Moseley",
    "tags_ds": "Music, Media studies",
    "tags_assoc": {
        "134": "Music",
        "179": "Media studies"
    },
    "bundles_ds": null,
    "bundles_assoc": null,
    "stacks_ds": null,
    "stacks_assoc": null,
    "pages": 485,
    "words": 197216,
    "fre": 57,
    "fre_grey": 109.65,
    "annotations": null,
    "annotated": false,
    "colors": [
        "#333399",
        "#990000",
        "#424153"
    ],
    "epub_copy_name": "Keys_to_Play-Roger_Moseley.epub"
}