{
    "html": "<ul><li id=\"1\">Cover</li><li id=\"2\">Title Page</li><li id=\"3\">Contents</li><li id=\"4\">Acknowledgments</li><li id=\"5\">Prelude: Press Any Key to Start</li><li id=\"6\">Part I. Fields And Interfaces Of Musical Play<ul><li id=\"7\">Key 1. Ludomusicality</li><li id=\"13\">Key 2. Digital Analogies</li></ul></li><li id=\"19\">Part II. Play By Play: Improvisation, Performance, Recreation<ul><li id=\"20\">Key 3. The Emergence of Musical Play</li><li id=\"26\">Key 4. High Scores: WAM vs. LVB</li><li id=\"32\">Key 5. Play Again?</li></ul></li><li id=\"38\">Notes</li><li id=\"39\">Bibliography</li><li id=\"40\">Ludography</li></ul>",
    "data": {
        "1": {
            "text": "Cover"
        },
        "2": {
            "text": "Title Page"
        },
        "3": {
            "text": "Contents"
        },
        "4": {
            "text": "Acknowledgments"
        },
        "5": {
            "text": "Prelude: Press Any Key to Start"
        },
        "6": {
            "text": "Part I. Fields And Interfaces Of Musical Play",
            "7": {
                "text": "Key 1. Ludomusicality"
            },
            "13": {
                "text": "Key 2. Digital Analogies"
            }
        },
        "19": {
            "text": "Part II. Play By Play: Improvisation, Performance, Recreation",
            "20": {
                "text": "Key 3. The Emergence of Musical Play"
            },
            "26": {
                "text": "Key 4. High Scores: WAM vs. LVB"
            },
            "32": {
                "text": "Key 5. Play Again?"
            }
        },
        "38": {
            "text": "Notes"
        },
        "39": {
            "text": "Bibliography"
        },
        "40": {
            "text": "Ludography"
        }
    }
}