{
    "title": "Garden Learning",
    "subtitle": "A Study on European Botanic Gardens Collaborative Learning Processes",
    "series_index": 1,
    "caid": 6,
    "uuid": "b9f3491e-43e6-4126-afec-02461719c201",
    "isbn": "9781909188631",
    "doi": "10.5334/bas",
    "gdrds": "28215486",
    "authors": [
        {
            "name": "Suzanne Kapelari",
            "name_sort": "Kapelari, Suzanne",
            "auid": "f1d53b9b"
        }
    ],
    "authors_so": [
        "Kapelari, Suzanne"
    ],
    "authors_pp": "Suzanne Kapelari",
    "pub_date_ts": 1431699023,
    "add_date_ts": 1487631600,
    "lastmod_ts": 1496951631,
    "liked": false,
    "blurb_raw": "<p>From 2007-2013 the European 7th Framework Program Science in Society (FP7) funded a multitude of formal and informal educational institutions to join forces and engage in alternative ways to teach science-inside and outside the classroom-all over Europe. This book reports on one of these projects named INQUIRE which was developed and implemented to support 14 Botanic Gardens and Natural History Museums in 11 European countries, to establish a collaborative learning network and expand their understanding of inquiry based science teaching (IBST). Suzanne Kapelari provides insight into the complex theoretical background and practical considerations that informed the project design and which guided the consortium through a three-year process of collaborative knowledge creation. 'Expansive Learning Theory' is fundamental to this approach and places emphasis on communities as learners, on transformation and creation of culture, on horizontal movement and hybridization of knowledge, and on the formation of theoretical concepts. This book is to be considered for planning and running international science education projects as well as a multifaceted theoretical underpinning of teaching. It serves as a conceptual and practical resource for formal and informal science educators and project managers.</p>",
    "uri": "http://rlp.rebus.cc/library/book/b9f3491e-43e6-4126-afec-02461719c201",
    "reviewed": false,
    "publisher": {
        "id": 2,
        "name": "Ubiquity Press"
    },
    "reads": "unread",
    "has_cover": 1,
    "path": "Suzanne Kapelari/Garden Learning_ A Study on European Botanic Gardens Collaborative Learning Processes (6)",
    "filename": "Garden Learning_ A Study on European Botan - Suzanne Kapelari",
    "tags_ds": "Education, Teaching methods, Inquiry based science education, Botanic garden education, Learning outside the classroom, Expansive learning, Biology education research",
    "tags_assoc": {
        "3": "Education",
        "41": "Teaching methods",
        "67": "Inquiry based science education",
        "68": "Botanic garden education",
        "69": "Learning outside the classroom",
        "70": "Expansive learning",
        "71": "Biology education research"
    },
    "bundles_ds": null,
    "bundles_assoc": null,
    "stacks_ds": null,
    "stacks_assoc": null,
    "pages": 194,
    "words": 71726,
    "fre": 0,
    "fre_grey": 255,
    "annotations": null,
    "annotated": false,
    "colors": [
        "#CCCCCC",
        "#669900",
        "#999900"
    ],
    "epub_copy_name": "Garden_Learning-Suzanne_Kapelari.epub"
}