{
    "html": "<ul><li id=\"1\">Cover</li><li id=\"2\">Title Page</li><li id=\"3\">Copyright</li><li id=\"4\">Contents</li><li id=\"5\">Abstract</li><li id=\"6\">Acknowledgement</li><li id=\"7\">1. Introduction<ul><li id=\"8\">1.1 Towards good practice in science teaching</li><li id=\"9\">1.2 Collaborative learning at botanic gardens</li><li id=\"10\">1.3 Finding a common ground</li><li id=\"11\">1.4 Overview of my work</li><li id=\"12\">1.5 Implications</li></ul></li><li id=\"13\">2. Part A - Theoretical Framework<ul><li id=\"14\">2.1 What is Science?</li><li id=\"18\">2.2 Selected Theories of Learning</li><li id=\"24\">2.3 Science Education in the 21st Century</li><li id=\"28\">2.4 Alternative Places for Learning Science</li><li id=\"31\">2.5 Professional Science Teaching</li><li id=\"35\">2.6 Design Based Research Informs Practice</li></ul></li><li id=\"36\">3. Part B - Putting Theory into Practice<ul><li id=\"37\">3.1 The INQUIRE Project:</li><li id=\"45\">3.2 The INQUIRE Case Study</li></ul></li><li id=\"49\">4. Discussion and Conclusion<ul><li id=\"50\">4.1 Discussion</li><li id=\"51\">4.2 Conclusion</li><li id=\"52\">4.3 Future perspectives</li></ul></li><li id=\"53\">5. References</li><li id=\"54\">6. Lists of Figures and Tables</li></ul>",
    "data": {
        "1": {
            "text": "Cover"
        },
        "2": {
            "text": "Title Page"
        },
        "3": {
            "text": "Copyright"
        },
        "4": {
            "text": "Contents"
        },
        "5": {
            "text": "Abstract"
        },
        "6": {
            "text": "Acknowledgement"
        },
        "7": {
            "text": "1. Introduction",
            "8": {
                "text": "1.1 Towards good practice in science teaching"
            },
            "9": {
                "text": "1.2 Collaborative learning at botanic gardens"
            },
            "10": {
                "text": "1.3 Finding a common ground"
            },
            "11": {
                "text": "1.4 Overview of my work"
            },
            "12": {
                "text": "1.5 Implications"
            }
        },
        "13": {
            "text": "2. Part A - Theoretical Framework",
            "14": {
                "text": "2.1 What is Science?"
            },
            "18": {
                "text": "2.2 Selected Theories of Learning"
            },
            "24": {
                "text": "2.3 Science Education in the 21st Century"
            },
            "28": {
                "text": "2.4 Alternative Places for Learning Science"
            },
            "31": {
                "text": "2.5 Professional Science Teaching"
            },
            "35": {
                "text": "2.6 Design Based Research Informs Practice"
            }
        },
        "36": {
            "text": "3. Part B - Putting Theory into Practice",
            "37": {
                "text": "3.1 The INQUIRE Project:"
            },
            "45": {
                "text": "3.2 The INQUIRE Case Study"
            }
        },
        "49": {
            "text": "4. Discussion and Conclusion",
            "50": {
                "text": "4.1 Discussion"
            },
            "51": {
                "text": "4.2 Conclusion"
            },
            "52": {
                "text": "4.3 Future perspectives"
            }
        },
        "53": {
            "text": "5. References"
        },
        "54": {
            "text": "6. Lists of Figures and Tables"
        }
    }
}