{
    "title": "Public Debt, Inequality, and Power",
    "subtitle": "The Making of a Modern Debt State",
    "series_index": 1,
    "caid": 30,
    "uuid": "b0264306-12c8-43c1-95f0-6879ff94207b",
    "isbn": "9780520284661",
    "doi": "10.1525/luminos.14",
    "gdrds": "27220666",
    "authors": [
        {
            "name": "Sandy Brian Hager",
            "name_sort": "Hager, Sandy Brian",
            "auid": "310b3c56"
        }
    ],
    "authors_so": [
        "Hager, Sandy Brian"
    ],
    "authors_pp": "Sandy Brian Hager",
    "pub_date_ts": 1463311637,
    "add_date_ts": 1484521200,
    "lastmod_ts": 1496951699,
    "liked": false,
    "blurb_raw": "<p>A free ebook version of this title is available through Luminos, University of California Press's open access publishing program for monographs. Visit <a href=\"http://www.luminosoa.org\">www.luminosoa.org</a> to learn more.</p><p>Who are the dominant owners of U.S. public debt? Is it widely held, or concentrated in the hands of a few? Does ownership of public debt give these bondholders power over our government? What do we make of the fact that foreign-owned debt has ballooned to nearly 50 percent today? Until now, we have not had any satisfactory answers to these questions. <em>Public Debt, Inequality, and Power</em> is the first comprehensive historical analysis of public debt ownership in the United States. It reveals that ownership of federal bonds has been increasingly concentrated in the hands of the 1 percent over the last three decades. Based on extensive and original research, <em>Public Debt, Inequality, and Power</em> will shock and enlighten.</p>",
    "uri": "http://rlp.rebus.cc/library/book/b0264306-12c8-43c1-95f0-6879ff94207b",
    "reviewed": false,
    "publisher": {
        "id": 1,
        "name": "University of California Press"
    },
    "reads": "unread",
    "has_cover": 1,
    "path": "Sandy Brian Hager/Public Debt, Inequality, and Power_ The Making of a Modern Debt State (30)",
    "filename": "Public Debt, Inequality, and Power_ The Ma - Sandy Brian Hager",
    "tags_ds": "History, Business, United States, 21st Century, Economics, U.S. History",
    "tags_assoc": {
        "15": "History",
        "140": "Business",
        "147": "United States",
        "160": "21st Century",
        "161": "Economics",
        "162": "U.S. History"
    },
    "bundles_ds": null,
    "bundles_assoc": null,
    "stacks_ds": null,
    "stacks_assoc": null,
    "pages": 174,
    "words": 58654,
    "fre": 61,
    "fre_grey": 99.45,
    "annotations": null,
    "annotated": false,
    "colors": [
        "#0066CC",
        "#333399",
        "#FDADC7"
    ],
    "epub_copy_name": "Public_Debt_Inequality_and_Power-Sandy_Brian_Hager.epub"
}