{
    "html": "<ul><li id=\"1\">Cover</li><li id=\"2\">Title</li><li id=\"3\">Copyright</li><li id=\"4\">Contents</li><li id=\"5\">List of Illustrations</li><li id=\"6\">Preface</li><li id=\"7\">1. Introduction: Public Debt, Inequality, and Power</li><li id=\"8\">2. The Spectacle of a Highly Centralized Public Debt</li><li id=\"9\">3. The Bondholding Class Resurgent</li><li id=\"10\">4. Fiscal Conflict: Past and Present</li><li id=\"11\">5. Bonding Domestic and Foreign Owners</li><li id=\"12\">6. Who Rules the Debt State?</li><li id=\"13\">7. Conclusion: Informing Democratic Debate</li><li id=\"14\">Appendix: Accounting for the Public Debt</li><li id=\"15\">Notes</li><li id=\"16\">Bibliography</li></ul>",
    "data": {
        "1": {
            "text": "Cover"
        },
        "2": {
            "text": "Title"
        },
        "3": {
            "text": "Copyright"
        },
        "4": {
            "text": "Contents"
        },
        "5": {
            "text": "List of Illustrations"
        },
        "6": {
            "text": "Preface"
        },
        "7": {
            "text": "1. Introduction: Public Debt, Inequality, and Power"
        },
        "8": {
            "text": "2. The Spectacle of a Highly Centralized Public Debt"
        },
        "9": {
            "text": "3. The Bondholding Class Resurgent"
        },
        "10": {
            "text": "4. Fiscal Conflict: Past and Present"
        },
        "11": {
            "text": "5. Bonding Domestic and Foreign Owners"
        },
        "12": {
            "text": "6. Who Rules the Debt State?"
        },
        "13": {
            "text": "7. Conclusion: Informing Democratic Debate"
        },
        "14": {
            "text": "Appendix: Accounting for the Public Debt"
        },
        "15": {
            "text": "Notes"
        },
        "16": {
            "text": "Bibliography"
        }
    }
}