{
    "title": "Open",
    "subtitle": "The Philosophy and Practices That Are Revolutionizing Education and Science",
    "series_index": 1,
    "caid": 20,
    "uuid": "526865f3-d0d9-4ffa-a6f9-7d93a50600da",
    "isbn": "9781911529026",
    "doi": "10.5334/bbc",
    "gdrds": "35151354",
    "authors": [
        {
            "name": "Rajiv S. Jhangiani",
            "name_sort": "Jhangiani, Rajiv S.",
            "auid": "f07c258a"
        },
        {
            "name": "Robert Biswas-Diener",
            "name_sort": "Biswas-Diener, Robert",
            "auid": "573fa874"
        }
    ],
    "authors_so": [
        "Jhangiani, Rajiv S. & Biswas-Diener, Robert"
    ],
    "authors_pp": "Rajiv S. Jhangiani & Robert Biswas-Diener",
    "pub_date_ts": 1490572800,
    "add_date_ts": 1481756400,
    "lastmod_ts": 1497189403,
    "liked": false,
    "blurb_raw": "<div><p>Affordable education. Transparent science. Accessible scholarship.</p><p>These ideals are slowly becoming a reality thanks to the open education, open science, and open access movements. Running separate—if parallel—courses, they all share a philosophy of equity, progress, and justice. This book shares the stories, motives, insights, and practical tips from global leaders in the open movement.</p></div>",
    "uri": "http://rlp.rebus.cc/library/book/526865f3-d0d9-4ffa-a6f9-7d93a50600da",
    "reviewed": false,
    "publisher": {
        "id": 2,
        "name": "Ubiquity Press"
    },
    "reads": "reading",
    "has_cover": 1,
    "path": "Rajiv S. Jhangiani/Open_ The Philosophy and Practices That Are Revolutionizing Education and Science (20)",
    "filename": "Open_ The Philosophy and Practices That Ar - Rajiv S. Jhangiani",
    "tags_ds": "Education, Education, Open education, Open education, Open access, Open access, Science, Science, Open science, Open science, Social science, Social science, Pedagogy, Pedagogy, Psychology, Psychology, Open textbooks, Open textbooks, Open pedagogy, Open pedagogy, Open educational resources, Open educational resources",
    "tags_assoc": {
        "3": "Education",
        "29": "Open education",
        "30": "Open access",
        "32": "Science",
        "35": "Open science",
        "54": "Social science",
        "119": "Pedagogy",
        "120": "Psychology",
        "121": "Open textbooks",
        "122": "Open pedagogy",
        "123": "Open educational resources"
    },
    "bundles_ds": "Test Bundle",
    "bundles_assoc": {
        "1": "Test Bundle"
    },
    "stacks_ds": "Technology & Politics, Open Science",
    "stacks_assoc": {
        "2": "Technology & Politics",
        "6": "Open Science"
    },
    "pages": 302,
    "words": 109090,
    "fre": 0,
    "fre_grey": 255,
    "annotations": {
        "1480634940": {
            "timestamp": "1480634940",
            "location": "134",
            "iam": "highlight",
            "text_h": "<p>have enabled the marginal cost of education, such as the sharing of resources, to approach zero. </p>",
            "text_j": [
                "have enabled the marginal cost of education, such as the sharing of resources, to approach zero. "
            ]
        },
        "1480635061": {
            "timestamp": "1480635061",
            "location": "139",
            "iam": "highlight",
            "text_h": "<p>The real tragedy is the loss of every scientific discovery, artistic work, invention, new business, and cultivated mind because of lack of opportunity according to random chance at birth. </p>",
            "text_j": [
                "The real tragedy is the loss of every scientific discovery, artistic work, invention, new business, and cultivated mind because of lack of opportunity according to random chance at birth. "
            ]
        },
        "1480635180": {
            "timestamp": "1480635180",
            "location": "146",
            "iam": "highlight",
            "text_h": "<p>This means that the entire blue-collar labor force will continue to be functionally illiterate for another generation’ </p>",
            "text_j": [
                "This means that the entire blue-collar labor force will continue to be functionally illiterate for another generation’ "
            ]
        }
    },
    "annotated": true,
    "annotationcounts": {
        "highlights": 4,
        "notes": 3,
        "bookmarks": null
    },
    "colors": [
        "#424153",
        "#996633",
        "#E7D8B1"
    ],
    "epub_copy_name": "Open-Rajiv_S._Jhangiani.epub"
}