{
    "html": "<ul><li id=\"1\">Cover</li><li id=\"2\">Title</li><li id=\"3\">Copyright</li><li id=\"4\">Table of Contents</li><li id=\"5\">Acknowledgements</li><li id=\"6\">Contributors</li><li id=\"7\">Introduction<ul><li id=\"8\">Introduction to Open (Robert Biswas-Diener and Rajiv S. Jhangiani)</li><li id=\"9\">A Brief History of Open Educational Resources (T. J. Bliss and M. Smith)</li><li id=\"10\">Open Licensing and Open Education Licensing Policy (Cable Green)</li><li id=\"11\">Openness and the Transformation of Education and Schooling (William G. Huitt and David M. Monetti)</li><li id=\"12\">What Can OER Do for Me? Evaluating the Claims for OER (Martin Weller, Beatriz de los Arcos, Rob Farrow, Rebecca Pitt and Patrick McAndrew)</li><li id=\"13\">Are OE Resources High Quality? (Regan A. R. Gurung)</li></ul></li><li id=\"14\">Open Practices<ul><li id=\"15\">Opening Science (Brian A. Nosek)</li><li id=\"16\">Open Course Development at the OERu (Wayne Mackintosh)</li><li id=\"17\">From OER to Open Pedagogy: Harnessing the Power of Open (Robin DeRosa and Scott Robison)</li><li id=\"18\">Opening Up Higher Education with Screencasts (David B. Miller and Addison Zhao)</li><li id=\"19\">Librarians in the Pursuit of Open Practices (Quill West)</li><li id=\"20\">A Library Viewpoint: Exploring Open Educational Practices (Anita Walz)</li><li id=\"21\">How to Open an Academic Department (Farhad Dastur)</li></ul></li><li id=\"22\">Case Studies<ul><li id=\"23\">The International Journal of Wellbeing: An Open Access Success Story (Dan Weijers and Aaron Jarden)</li><li id=\"24\">Iterating Toward Openness: Lessons Learned on a Personal Journey (David Wiley)</li><li id=\"25\">Open-Source for Educational Materials Making Textbooks Cheaper and Better (Ed Diener, Carol Diener and Robert Biswas-Diener)</li><li id=\"26\">Free is Not Enough (Richard Baraniuk, Nicole Finkbeiner, David Harris, Dani Nicholson and Daniel Williamson)</li><li id=\"27\">The BC Open Textbook Project (Mary Burgess)</li><li id=\"28\">TeachPsychScience.org: Sharing to Improve the Teaching of Research Methods (David B. Strohmetz, Natalie J. Ciarocco and Gary W. Lewandowski, Jr.)</li><li id=\"29\">DIY Open Pedagogy: Freely Sharing Teaching Resources in Psychology (Jessica Hartnett)</li></ul></li><li id=\"30\">Conclusion<ul><li id=\"31\">You Can’t Sell Free, and Other OER Problems (Robert Biswas-Diener)</li><li id=\"32\">Open as Default: The Future of Education and Scholarship (Rajiv S. Jhangiani)</li></ul></li></ul>",
    "data": {
        "1": {
            "text": "Cover"
        },
        "2": {
            "text": "Title"
        },
        "3": {
            "text": "Copyright"
        },
        "4": {
            "text": "Table of Contents"
        },
        "5": {
            "text": "Acknowledgements"
        },
        "6": {
            "text": "Contributors"
        },
        "7": {
            "text": "Introduction",
            "8": {
                "text": "Introduction to Open (Robert Biswas-Diener and Rajiv S. Jhangiani)"
            },
            "9": {
                "text": "A Brief History of Open Educational Resources (T. J. Bliss and M. Smith)"
            },
            "10": {
                "text": "Open Licensing and Open Education Licensing Policy (Cable Green)"
            },
            "11": {
                "text": "Openness and the Transformation of Education and Schooling (William G. Huitt and David M. Monetti)"
            },
            "12": {
                "text": "What Can OER Do for Me? Evaluating the Claims for OER (Martin Weller, Beatriz de los Arcos, Rob Farrow, Rebecca Pitt and Patrick McAndrew)"
            },
            "13": {
                "text": "Are OE Resources High Quality? (Regan A. R. Gurung)"
            }
        },
        "14": {
            "text": "Open Practices",
            "15": {
                "text": "Opening Science (Brian A. Nosek)"
            },
            "16": {
                "text": "Open Course Development at the OERu (Wayne Mackintosh)"
            },
            "17": {
                "text": "From OER to Open Pedagogy: Harnessing the Power of Open (Robin DeRosa and Scott Robison)"
            },
            "18": {
                "text": "Opening Up Higher Education with Screencasts (David B. Miller and Addison Zhao)"
            },
            "19": {
                "text": "Librarians in the Pursuit of Open Practices (Quill West)"
            },
            "20": {
                "text": "A Library Viewpoint: Exploring Open Educational Practices (Anita Walz)"
            },
            "21": {
                "text": "How to Open an Academic Department (Farhad Dastur)"
            }
        },
        "22": {
            "text": "Case Studies",
            "23": {
                "text": "The International Journal of Wellbeing: An Open Access Success Story (Dan Weijers and Aaron Jarden)"
            },
            "24": {
                "text": "Iterating Toward Openness: Lessons Learned on a Personal Journey (David Wiley)"
            },
            "25": {
                "text": "Open-Source for Educational Materials Making Textbooks Cheaper and Better (Ed Diener, Carol Diener and Robert Biswas-Diener)"
            },
            "26": {
                "text": "Free is Not Enough (Richard Baraniuk, Nicole Finkbeiner, David Harris, Dani Nicholson and Daniel Williamson)"
            },
            "27": {
                "text": "The BC Open Textbook Project (Mary Burgess)"
            },
            "28": {
                "text": "TeachPsychScience.org: Sharing to Improve the Teaching of Research Methods (David B. Strohmetz, Natalie J. Ciarocco and Gary W. Lewandowski, Jr.)"
            },
            "29": {
                "text": "DIY Open Pedagogy: Freely Sharing Teaching Resources in Psychology (Jessica Hartnett)"
            }
        },
        "30": {
            "text": "Conclusion",
            "31": {
                "text": "You Can’t Sell Free, and Other OER Problems (Robert Biswas-Diener)"
            },
            "32": {
                "text": "Open as Default: The Future of Education and Scholarship (Rajiv S. Jhangiani)"
            }
        }
    }
}