{
    "title": "Migrating Into Financial Markets",
    "subtitle": "How Remittances Became a Development Tool",
    "series_index": 1,
    "caid": 36,
    "uuid": "0b36e81f-bbb0-4bed-aaea-b3ba098017ad",
    "isbn": "9780520285460",
    "doi": "10.1525/luminos.5",
    "gdrds": "25778242",
    "authors": [
        {
            "name": "Matt Bakker",
            "name_sort": "Bakker, Matt",
            "auid": "45bb3ea8"
        }
    ],
    "authors_so": [
        "Bakker, Matt"
    ],
    "authors_pp": "Matt Bakker",
    "pub_date_ts": 1431689183,
    "add_date_ts": 1487113200,
    "lastmod_ts": 1496951651,
    "liked": false,
    "blurb_raw": "<p>A free ebook version of this title is available through Luminos, University of California Press new open access publishing program for monographs. Visit <a href=\"http://www.luminosoa.org\">www.luminosoa.org</a> to learn more. We understand very little about the billions of dollars that flow throughout the world from migrants back to their home countries. In this rigorous and illuminating work, Matt Bakker, an economic sociologist, examines how these migrant remittances the resources of some of the world s least affluent people have come to be seen in recent years as a fundamental contributor to development in the migrant-sending states of the Global South. This book analyzes how the connection between remittances and development was forged through the concrete political and intellectual practices of policy entrepreneurs within a variety of institutional settings, from national government agencies and international development organizations to nongovernmental policy foundations and think tanks.\"</p>",
    "uri": "http://rlp.rebus.cc/library/book/0b36e81f-bbb0-4bed-aaea-b3ba098017ad",
    "reviewed": false,
    "publisher": {
        "id": 1,
        "name": "University of California Press"
    },
    "reads": "unread",
    "has_cover": 1,
    "path": "Matt Bakker/Migrating Into Financial Markets_ How Remittances Became a Development Tool (36)",
    "filename": "Migrating Into Financial Markets_ How Remi - Matt Bakker",
    "tags_ds": "Sustainable development, Sociology, Economics, Finance, Migration",
    "tags_assoc": {
        "23": "Sustainable development",
        "127": "Sociology",
        "161": "Economics",
        "182": "Finance",
        "183": "Migration"
    },
    "bundles_ds": null,
    "bundles_assoc": null,
    "stacks_ds": "Informal Economies",
    "stacks_assoc": {
        "5": "Informal Economies"
    },
    "pages": 296,
    "words": 71327,
    "fre": 42,
    "fre_grey": 147.9,
    "annotations": null,
    "annotated": false,
    "colors": [
        "#999999",
        "#996633",
        "#CC6633"
    ],
    "epub_copy_name": "Migrating_Into_Financial_Markets-Matt_Bakker.epub"
}