{
    "html": "<ul><li id=\"1\">Cover</li><li id=\"2\">Title Page</li><li id=\"3\">Copyright</li><li id=\"4\">Contents</li><li id=\"5\">Acknowledgments</li><li id=\"6\">PART 1. THE REMITTANCES-TO-DEVELOPMENT AGENDA AT THE GLOBAL SCALE</li><li id=\"7\">Chapter 1. Introducing the Remittances-to-Development Agenda: Migration, Remittances, and Development - Three Vignettes</li><li id=\"8\">Chapter 2. Facts, Figures, and the Politics of Measurement: The Construction and Diffusion of Remittances as a Financial Flow</li><li id=\"9\">Chapter 3. Forging the Remittances-to-Development Nexus: Conceptual Linkages and Political Practices</li><li id=\"10\">PART 2. THE LONG ROAD TO FINANCIAL DEMOCRACY IN NORTH AMERICA FROM STATE-LED TRANSNATIONALISM TO INTERGOVERNMENTAL COLLABORATION</li><li id=\"11\">Chapter 4. Bringing Remittances into the North American Economic-Integration Project: A Genealogy of Mexican State-Led Transnationalism</li><li id=\"12\">Chapter 5. From Promise to Practice Toward Financial Democracy in North America</li><li id=\"13\">Chapter 6. Conclusions</li><li id=\"14\">Notes</li><li id=\"15\">Bibliography</li></ul>",
    "data": {
        "1": {
            "text": "Cover"
        },
        "2": {
            "text": "Title Page"
        },
        "3": {
            "text": "Copyright"
        },
        "4": {
            "text": "Contents"
        },
        "5": {
            "text": "Acknowledgments"
        },
        "6": {
            "text": "PART 1. THE REMITTANCES-TO-DEVELOPMENT AGENDA AT THE GLOBAL SCALE"
        },
        "7": {
            "text": "Chapter 1. Introducing the Remittances-to-Development Agenda: Migration, Remittances, and Development - Three Vignettes"
        },
        "8": {
            "text": "Chapter 2. Facts, Figures, and the Politics of Measurement: The Construction and Diffusion of Remittances as a Financial Flow"
        },
        "9": {
            "text": "Chapter 3. Forging the Remittances-to-Development Nexus: Conceptual Linkages and Political Practices"
        },
        "10": {
            "text": "PART 2. THE LONG ROAD TO FINANCIAL DEMOCRACY IN NORTH AMERICA FROM STATE-LED TRANSNATIONALISM TO INTERGOVERNMENTAL COLLABORATION"
        },
        "11": {
            "text": "Chapter 4. Bringing Remittances into the North American Economic-Integration Project: A Genealogy of Mexican State-Led Transnationalism"
        },
        "12": {
            "text": "Chapter 5. From Promise to Practice Toward Financial Democracy in North America"
        },
        "13": {
            "text": "Chapter 6. Conclusions"
        },
        "14": {
            "text": "Notes"
        },
        "15": {
            "text": "Bibliography"
        }
    }
}