{
    "title": "Imperial Genus",
    "subtitle": "The Formation and Limits of the Human in Modern Korea and Japan",
    "series_index": 1,
    "caid": 46,
    "uuid": "a97da110-2846-46b5-b40a-c739557184e5",
    "isbn": "9780520289598",
    "doi": "10.1525/luminos.9",
    "gdrds": "26196537",
    "authors": [
        {
            "name": "Travis Workman",
            "name_sort": "Workman, Travis",
            "auid": "da602f3f"
        }
    ],
    "authors_so": [
        "Workman, Travis"
    ],
    "authors_pp": "Travis Workman",
    "pub_date_ts": 1448755200,
    "add_date_ts": 1487113200,
    "lastmod_ts": 1496951699,
    "liked": false,
    "blurb_raw": "<p>A free ebook version of this title is available through Luminos, University of California Press's open access publishing program for monographs. Visit <a href=\"http://www.luminosoa.org\">www.luminosoa.org</a> to learn more.</p><p><em>Imperial Genus</em> begins with the turn to world culture and ideas of the generally human in Japan's cultural policy in Korea in 1919. How were concepts of the human's genus-being operative in the discourses of the Japanese empire? How did they inform the imagination and representation of modernity in colonial Korea? Travis Workman delves into these questions through texts in philosophy, literature, and social science.</p><p><em>Imperial Genus</em> focuses on how notions of human generality mediated uncertainty between the transcendental and the empirical, the universal and the particular, and empire and colony<em>.</em> It shows how cosmopolitan cultural principles, the proletarian arts, and Pan-Asian imperial nationalism converged with practices of colonial governmentality. It is a genealogy of the various articulations of the human's genus-being within modern humanist thinking in East Asia, as well as an exploration of the limits of the human as both concept and historical figure.</p>",
    "uri": "http://rlp.rebus.cc/library/book/a97da110-2846-46b5-b40a-c739557184e5",
    "reviewed": false,
    "publisher": {
        "id": 1,
        "name": "University of California Press"
    },
    "reads": "unread",
    "has_cover": 1,
    "path": "Travis Workman/Imperial Genus_ The Formation and Limits of the Human in Modern Korea and Japan (46)",
    "filename": "Imperial Genus_ The Formation and Limits o - Travis Workman",
    "tags_ds": "Philosophy, History, Japan, Korea, Asia, Korean history, Korean literature",
    "tags_assoc": {
        "1": "Philosophy",
        "15": "History",
        "109": "Japan",
        "111": "Korea",
        "167": "Asia",
        "201": "Korean history",
        "202": "Korean literature"
    },
    "bundles_ds": null,
    "bundles_assoc": null,
    "stacks_ds": "East Asian Studies Class",
    "stacks_assoc": {
        "3": "East Asian Studies Class"
    },
    "pages": 324,
    "words": 144944,
    "fre": 42,
    "fre_grey": 147.9,
    "annotations": null,
    "annotated": false,
    "colors": [
        "#424153",
        "#999999",
        "#CCCCCC"
    ],
    "epub_copy_name": "Imperial_Genus-Travis_Workman.epub"
}