{
    "html": "<ul><li id=\"1\">Cover</li><li id=\"2\">Title Page</li><li id=\"3\">Copyright</li><li id=\"4\">Table of Contents</li><li id=\"5\">Acknowledgments</li><li id=\"6\">Introduction<ul><li id=\"7\">The Japanese Empire and Universality</li><li id=\"8\">The Logic of Genus-Being</li><li id=\"9\">From Civilization to Culture in Imperial Rule, 18951919</li><li id=\"10\">Practice, Pragmatics, and Norming Space</li><li id=\"11\">The Limits of the Human</li></ul></li><li id=\"12\">1. Culturalism and the Human<ul><li id=\"13\">Culturalism and Cultural Policy</li><li id=\"14\">Morality, Life, and the Person: Kuwaki Genyoku</li><li id=\"15\">Political Economy and Cultural Economy: The Limit Concept in Sôda Kiichirô</li><li id=\"16\">Translating the Human, Communicating Concepts, National Language</li><li id=\"17\">Japans Area Studies: Korea as Cultural and Literary Region</li></ul></li><li id=\"18\">2. The Colony and the World: Nation, Poetics, and Biopolitics in Yi Kwang-su<ul><li id=\"19\">Cultural Reconstruction</li><li id=\"20\">Forming Life for Humanity</li><li id=\"21\">Cosmopolitan Sentiment and the Role of Literature</li><li id=\"22\">Finitude and the Allegorical Novel</li><li id=\"23\">Critiques of Cultural Personhood</li></ul></li><li id=\"24\">3. Labor and Bildung in Marxism and the Proletarian Arts<ul><li id=\"25\">An Uncertain International: Nakano Shigeharu and Im Hwa</li><li id=\"26\">Soviet Debates: Unevenness, Anthropology, and Culture</li><li id=\"27\">Proletarian Bildung in East Asia: The Cultural Formation of a National Proletariat</li><li id=\"28\">Economic Stages of Genus-Being: Paek Nam-un</li><li id=\"29\">Proletarian Culture and the East Asian Community</li></ul></li><li id=\"30\">4. Other Chronotopes in Realist Literature<ul><li id=\"31\">Chronotope and Humanism</li><li id=\"32\">Allegory and Realism in Fiction and Criticism</li><li id=\"33\">Choe Sŏ-hae: Migration, Letters, and Death</li><li id=\"34\">Countryside, City, Primitive Accumulation</li></ul></li><li id=\"35\">5. World History and Minor Literature<ul><li id=\"36\">The World-Historical State</li><li id=\"37\">Osmotic Expression</li><li id=\"38\">Choe Chae-sŏ and Peoples Literature: The Crisis of Modern Humanism</li><li id=\"39\">Translation as Tactic</li><li id=\"40\">Acting Human: The Minor Literature of Kim Sa-ryang and Kim Nam-chŏn</li><li id=\"41\">Ambiguous Identities: Into the Light</li></ul></li><li id=\"42\">6. Modernism without a Home: Cinematic Literature, Colonial Architecture, and Yi Sangs Poetics<ul><li id=\"43\">Modernist Temporality and Imperialism</li><li id=\"44\">The Ecstatic Time of Cinematic Literature: Choe Chae-sŏ and Yokomitsu Riichi</li><li id=\"45\">Culturalism and Architectural Space: Korea and Architecture</li><li id=\"46\">Yi Sangs Cinepoetic Space: Blueprint for a Three-Dimensional Shape</li></ul></li><li id=\"47\">Notes</li><li id=\"48\">Appendix<ul><li id=\"49\">Opening an Umbrella on Yokohama Pier/Im Hwa</li><li id=\"50\">Blueprint for a Three-Dimensional Shape/Yi Sang</li></ul></li><li id=\"51\">Selected Bibliography</li></ul>",
    "data": {
        "1": {
            "text": "Cover"
        },
        "2": {
            "text": "Title Page"
        },
        "3": {
            "text": "Copyright"
        },
        "4": {
            "text": "Table of Contents"
        },
        "5": {
            "text": "Acknowledgments"
        },
        "6": {
            "text": "Introduction",
            "7": {
                "text": "The Japanese Empire and Universality"
            },
            "8": {
                "text": "The Logic of Genus-Being"
            },
            "9": {
                "text": "From Civilization to Culture in Imperial Rule, 18951919"
            },
            "10": {
                "text": "Practice, Pragmatics, and Norming Space"
            },
            "11": {
                "text": "The Limits of the Human"
            }
        },
        "12": {
            "text": "1. Culturalism and the Human",
            "13": {
                "text": "Culturalism and Cultural Policy"
            },
            "14": {
                "text": "Morality, Life, and the Person: Kuwaki Genyoku"
            },
            "15": {
                "text": "Political Economy and Cultural Economy: The Limit Concept in Sôda Kiichirô"
            },
            "16": {
                "text": "Translating the Human, Communicating Concepts, National Language"
            },
            "17": {
                "text": "Japans Area Studies: Korea as Cultural and Literary Region"
            }
        },
        "18": {
            "text": "2. The Colony and the World: Nation, Poetics, and Biopolitics in Yi Kwang-su",
            "19": {
                "text": "Cultural Reconstruction"
            },
            "20": {
                "text": "Forming Life for Humanity"
            },
            "21": {
                "text": "Cosmopolitan Sentiment and the Role of Literature"
            },
            "22": {
                "text": "Finitude and the Allegorical Novel"
            },
            "23": {
                "text": "Critiques of Cultural Personhood"
            }
        },
        "24": {
            "text": "3. Labor and Bildung in Marxism and the Proletarian Arts",
            "25": {
                "text": "An Uncertain International: Nakano Shigeharu and Im Hwa"
            },
            "26": {
                "text": "Soviet Debates: Unevenness, Anthropology, and Culture"
            },
            "27": {
                "text": "Proletarian Bildung in East Asia: The Cultural Formation of a National Proletariat"
            },
            "28": {
                "text": "Economic Stages of Genus-Being: Paek Nam-un"
            },
            "29": {
                "text": "Proletarian Culture and the East Asian Community"
            }
        },
        "30": {
            "text": "4. Other Chronotopes in Realist Literature",
            "31": {
                "text": "Chronotope and Humanism"
            },
            "32": {
                "text": "Allegory and Realism in Fiction and Criticism"
            },
            "33": {
                "text": "Choe Sŏ-hae: Migration, Letters, and Death"
            },
            "34": {
                "text": "Countryside, City, Primitive Accumulation"
            }
        },
        "35": {
            "text": "5. World History and Minor Literature",
            "36": {
                "text": "The World-Historical State"
            },
            "37": {
                "text": "Osmotic Expression"
            },
            "38": {
                "text": "Choe Chae-sŏ and Peoples Literature: The Crisis of Modern Humanism"
            },
            "39": {
                "text": "Translation as Tactic"
            },
            "40": {
                "text": "Acting Human: The Minor Literature of Kim Sa-ryang and Kim Nam-chŏn"
            },
            "41": {
                "text": "Ambiguous Identities: Into the Light"
            }
        },
        "42": {
            "text": "6. Modernism without a Home: Cinematic Literature, Colonial Architecture, and Yi Sangs Poetics",
            "43": {
                "text": "Modernist Temporality and Imperialism"
            },
            "44": {
                "text": "The Ecstatic Time of Cinematic Literature: Choe Chae-sŏ and Yokomitsu Riichi"
            },
            "45": {
                "text": "Culturalism and Architectural Space: Korea and Architecture"
            },
            "46": {
                "text": "Yi Sangs Cinepoetic Space: Blueprint for a Three-Dimensional Shape"
            }
        },
        "47": {
            "text": "Notes"
        },
        "48": {
            "text": "Appendix",
            "49": {
                "text": "Opening an Umbrella on Yokohama Pier/Im Hwa"
            },
            "50": {
                "text": "Blueprint for a Three-Dimensional Shape/Yi Sang"
            }
        },
        "51": {
            "text": "Selected Bibliography"
        }
    }
}