{
    "title": "Discrimination at Work",
    "subtitle": "Comparing European, French, and American Law",
    "series_index": 1,
    "caid": 24,
    "uuid": "ee30a856-03e4-4d00-84b3-d666026a04d9",
    "isbn": "9780520283800",
    "doi": "10.1525/luminos.11",
    "gdrds": "25778248",
    "authors": [
        {
            "name": "Marie Mercat-Bruns",
            "name_sort": "Mercat-Bruns, Marie",
            "auid": "65c3e98c"
        },
        {
            "name": "Elaine Holt",
            "name_sort": "Holt, Elaine",
            "auid": "c218c874"
        },
        {
            "name": "Christopher Kutz",
            "name_sort": "Kutz, Christopher",
            "auid": "4b2b679c"
        }
    ],
    "authors_so": [
        "Mercat-Bruns, Marie & Holt, Elaine & Kutz, Christopher"
    ],
    "authors_pp": "Marie Mercat-Bruns, Elaine Holt & Christopher Kutz",
    "pub_date_ts": 1456099200,
    "add_date_ts": 1481756400,
    "lastmod_ts": 1496951582,
    "liked": false,
    "blurb_raw": "<p>A free ebook version of this title is available through Luminos, University of California Press’s new open access publishing program for monographs. Visit www.luminosoa.org to learn more.</p><p>Do the United States and France, both post-industrial democracies, differ in their views and laws concerning discrimination? Marie Mercat-Bruns, a Franco-American scholar, examines the differences in how the two countries approach discrimination. Bringing together prominent legal scholars—including Robert Post, Linda Krieger, Martha Minow, Reva Siegel, Susan Sturm, Richard Ford, and others—Mercat-Bruns demonstrates how the two nations have adopted divergent strategies. The United States continues, with mixed success at “colorblind” policies, to deal with issues of diversity in university enrollment, class action sex-discrimination lawsuits, and rampant police violence against African American men and women. In France, the country has banned the full-face veil while making efforts to present itself as a secular republic. Young men and women whose parents and grandparents came from sub-Sahara and North Africa are stuck coping with a society that fails to take into account the barriers to employment and education they face.</p><p><em>Discrimination at Work</em> provides an incisive comparative analysis of how the nature of discrimination in both countries has changed, now often hidden, or steeped in deep unconscious bias. While it is rare for employers in both countries to openly discriminate, deep systemic discrimination exists, rooted in structural and environmental causes and the ways each state has dealt with difference in general.&nbsp;Invigorating and incisive, the book examines hot-button issues such as sexual harassment; race, religious and gender discrimination; and equality for LGBT individuals, thereby delivering comparisons meant to further social equality and fundamental human rights across borders.</p><p>**</p>",
    "uri": "http://rlp.rebus.cc/library/book/ee30a856-03e4-4d00-84b3-d666026a04d9",
    "reviewed": false,
    "publisher": {
        "id": 1,
        "name": "University of California Press"
    },
    "reads": "unread",
    "has_cover": 1,
    "path": "Marie Mercat-Bruns/Discrimination at Work_ Comparing European, French, and American Law (24)",
    "filename": "Discrimination at Work_ Comparing European - Marie Mercat-Bruns",
    "tags_ds": "Law, Discrimination, Workplace, Business, Management, Human Resources",
    "tags_assoc": {
        "82": "Law",
        "138": "Discrimination",
        "139": "Workplace",
        "140": "Business",
        "141": "Management",
        "142": "Human Resources"
    },
    "bundles_ds": null,
    "bundles_assoc": null,
    "stacks_ds": null,
    "stacks_assoc": null,
    "pages": 386,
    "words": 195476,
    "fre": 61,
    "fre_grey": 99.45,
    "annotations": null,
    "annotated": false,
    "colors": [
        "#F5DD01",
        "#FFFF00",
        "#424153"
    ],
    "epub_copy_name": "Discrimination_at_Work-Marie_MercatBruns.epub"
}