{
    "html": "<ul><li id=\"1\">Cover</li><li id=\"2\">Title</li><li id=\"3\">Copyright</li><li id=\"4\">Contents</li><li id=\"5\">Foreword</li><li id=\"6\">Preface</li><li id=\"7\">Introduction</li><li id=\"8\">1. History of Antidiscrimination Law: The Constitution and the Search for Paradigms of Equality</li><li id=\"9\">2. Antidiscrimination Models and Enforcement</li><li id=\"10\">3. Disparate Treatment Discrimination: Intent, Bias, and the Burden of Proof</li><li id=\"11\">4. From Disparate Impact to Systemic Discrimination</li><li id=\"12\">5. The Multiple Grounds of Discrimination</li><li id=\"13\">Appendix</li><li id=\"14\">Notes</li></ul>",
    "data": {
        "1": {
            "text": "Cover"
        },
        "2": {
            "text": "Title"
        },
        "3": {
            "text": "Copyright"
        },
        "4": {
            "text": "Contents"
        },
        "5": {
            "text": "Foreword"
        },
        "6": {
            "text": "Preface"
        },
        "7": {
            "text": "Introduction"
        },
        "8": {
            "text": "1. History of Antidiscrimination Law: The Constitution and the Search for Paradigms of Equality"
        },
        "9": {
            "text": "2. Antidiscrimination Models and Enforcement"
        },
        "10": {
            "text": "3. Disparate Treatment Discrimination: Intent, Bias, and the Burden of Proof"
        },
        "11": {
            "text": "4. From Disparate Impact to Systemic Discrimination"
        },
        "12": {
            "text": "5. The Multiple Grounds of Discrimination"
        },
        "13": {
            "text": "Appendix"
        },
        "14": {
            "text": "Notes"
        }
    }
}