{
    "title": "Voices of Labor",
    "subtitle": "Creativity, Craft, and Conflict in Global Hollywood",
    "series_index": 1,
    "caid": 27,
    "uuid": "746a5666-40d4-4d34-a543-f923652bb2b9",
    "isbn": "9780520968196",
    "doi": "10.1525/luminos.26",
    "gdrds": "33596278",
    "authors": [
        {
            "name": "Michael Curtin",
            "name_sort": "Curtin, Michael",
            "auid": "d3ef5fcb"
        },
        {
            "name": "Kevin Sanson",
            "name_sort": "Sanson, Kevin",
            "auid": "a336a937"
        }
    ],
    "authors_so": [
        "Curtin, Michael & Sanson, Kevin"
    ],
    "authors_pp": "Michael Curtin & Kevin Sanson",
    "pub_date_ts": 1488499200,
    "add_date_ts": 1484521200,
    "lastmod_ts": 1497189400,
    "liked": false,
    "blurb_raw": "<p>\"The film industry in Hollywood now employs a global mode of production run by massive media conglomerates that mobilize hundreds, sometimes thousands, of workers for each feature film or television series. Yet these workers and their labor remain largely invisible to the general audience. In fact, this has been a signal characteristic of Hollywood style for more than a hundred years: everything that matters happens onscreen, not off. Consequently, when it comes to movies and television, the voices heard most often are those belonging to talent and corporate executives. Those we hear least are the voices of labor, and it's that silence we aim to redress in the collection of interviews in this book. Drawing from the detailed and personal accounts in this collection, we offer three interrelated propositions about the current state and future prospects of craftwork and screen media labor: 1. Craftwork exists within an intricate and intimate matrix of social relations. 2. Hollywood craftwork today constitutes a regime of excessive labor. 3. Screen media production is a protean entity. We organized the collection into three sections: company town, global machine, and fringe city. The first section refers to Hollywood's historic roots as a core component of the motion picture business. The second section engages more directly with the spatial dynamics of film and television production to underscore the economic and political structures that are integrating distant locations into the studios' mode of production. We close with a section on the visual effects sector, in which stories shared by vfx artists, advocates, and organizers specifically illustrate how the industry today relies on marginal institutions to sustain its power and profitability\"--Provided by publisher.</p>",
    "uri": "http://rlp.rebus.cc/library/book/746a5666-40d4-4d34-a543-f923652bb2b9",
    "reviewed": false,
    "publisher": {
        "id": 1,
        "name": "University of California Press"
    },
    "reads": "reading",
    "has_cover": 1,
    "path": "Michael Curtin/Voices of Labor_ Creativity, Craft, and Conflict in Global Hollywood (27)",
    "filename": "Voices of Labor_ Creativity, Craft, and Co - Michael Curtin",
    "tags_ds": "Business, Hollywood, Film industry",
    "tags_assoc": {
        "140": "Business",
        "153": "Hollywood",
        "154": "Film industry"
    },
    "bundles_ds": null,
    "bundles_assoc": null,
    "stacks_ds": "New Hollywood",
    "stacks_assoc": {
        "4": "New Hollywood"
    },
    "pages": 270,
    "words": 133214,
    "fre": 79,
    "fre_grey": 53.55,
    "annotations": {
        "1480834560": {
            "timestamp": "1480834560",
            "location": "155",
            "iam": "highlight",
            "text_h": "<p>Unlike an integrated assembly line, motion picture production is a large-scale industrial enterprise that is distinguished by the collaborative production of prototypes, each one the outcome of thousands of creative choices. 4 Movies are made, not mass produced. They are the product of seemingly endless tinkering and deliberation that begins each morning at sunrise and often extends late into the night. Microphones, cameras, and props are positioned and repositioned, angles are tweaked, sound levels are mixed and monitored. A remarkable collection of skills are brought to bear throughout the workday, requiring self-discipline and sociality that are, we found, a source of enormous pride among craft workers and crew, and a baseline requirement for future employment. </p>",
            "text_j": [
                "Unlike an integrated assembly line, motion picture production is a large-scale industrial enterprise that is distinguished by the collaborative production of prototypes, each one the outcome of thousands of creative choices. 4 Movies are made, not mass produced. They are the product of seemingly endless tinkering and deliberation that begins each morning at sunrise and often extends late into the night. Microphones, cameras, and props are positioned and repositioned, angles are tweaked, sound levels are mixed and monitored. A remarkable collection of skills are brought to bear throughout the workday, requiring self-discipline and sociality that are, we found, a source of enormous pride among craft workers and crew, and a baseline requirement for future employment. "
            ]
        },
        "1497196500": {
            "timestamp": "1497196500",
            "location": "169",
            "iam": "highlight",
            "text_h": "<p>requiring a mammoth amount of organizing to pull together the people and equipment necessary for each project. Again, sociality and professionalism are at a premium. Production managers fashion flexible networks, routines, and protocols that allow them to accommodate the disparate demands of each production while also maintaining a reputation for consistency and cost management. </p>",
            "text_j": [
                "requiring a mammoth amount of organizing to pull together the people and equipment necessary for each project. Again, sociality and professionalism are at a premium. Production managers fashion flexible networks, routines, and protocols that allow them to accommodate the disparate demands of each production while also maintaining a reputation for consistency and cost management. "
            ]
        }
    },
    "annotated": true,
    "annotationcounts": {
        "highlights": 2,
        "notes": null,
        "bookmarks": null
    },
    "colors": [
        "#424153",
        "#999999",
        "#CCCCCC"
    ],
    "epub_copy_name": "Voices_of_Labor-Michael_Curtin.epub"
}