{
    "html": "<ul><li id=\"1\">Cover</li><li id=\"2\">Title</li><li id=\"3\">Copyright</li><li id=\"4\">Contents</li><li id=\"5\">Acknowledgments</li><li id=\"6\">1. Listening to Labor</li><li id=\"7\">Company Town<ul><li id=\"8\">2. Editors’ Introduction</li><li id=\"9\">3. Mara Brock Akil, showrunner</li><li id=\"10\">4. Tom Schulman, screenwriter</li><li id=\"11\">5. Allison Anders, director</li><li id=\"12\">6. Lauren Polizzi, art director</li><li id=\"13\">7. Mary Jane Fort, costume designer</li><li id=\"14\">8. Anonymous, makeup artist</li><li id=\"15\">9. Stephen Lighthill, cinematographer</li><li id=\"16\">10. Calvin Starnes, grip</li><li id=\"17\">11. Steve Nelson, sound recordist</li><li id=\"18\">12. Rob Matsuda, musician</li></ul></li><li id=\"19\">Global Machine<ul><li id=\"20\">13. Editors’ Introduction</li><li id=\"21\">14. Anonymous, studio production executive</li><li id=\"22\">15. David Minkowski, service producer</li><li id=\"23\">16. Adam Goodman, service producer</li><li id=\"24\">17. Stephen Burt, production manager</li><li id=\"25\">18. Belle Doyle, location manager</li><li id=\"26\">19. Wesley Hagan, location manager</li></ul></li><li id=\"27\">Fringe City<ul><li id=\"28\">20. Editors’ Introduction</li><li id=\"29\">21. Scott Ross, VFX manager</li><li id=\"30\">22. Dave Rand, VFX artist</li><li id=\"31\">23. Mariana Acuña-Acosta, VFX artist</li><li id=\"32\">24. Daniel Lay, VFX artist</li><li id=\"33\">25. Steve Kaplan, union official</li><li id=\"34\">26. Dusty Kelly, union official</li></ul></li><li id=\"35\">Appendix: Interview Schedule</li></ul>",
    "data": {
        "1": {
            "text": "Cover"
        },
        "2": {
            "text": "Title"
        },
        "3": {
            "text": "Copyright"
        },
        "4": {
            "text": "Contents"
        },
        "5": {
            "text": "Acknowledgments"
        },
        "6": {
            "text": "1. Listening to Labor"
        },
        "7": {
            "text": "Company Town",
            "8": {
                "text": "2. Editors’ Introduction"
            },
            "9": {
                "text": "3. Mara Brock Akil, showrunner"
            },
            "10": {
                "text": "4. Tom Schulman, screenwriter"
            },
            "11": {
                "text": "5. Allison Anders, director"
            },
            "12": {
                "text": "6. Lauren Polizzi, art director"
            },
            "13": {
                "text": "7. Mary Jane Fort, costume designer"
            },
            "14": {
                "text": "8. Anonymous, makeup artist"
            },
            "15": {
                "text": "9. Stephen Lighthill, cinematographer"
            },
            "16": {
                "text": "10. Calvin Starnes, grip"
            },
            "17": {
                "text": "11. Steve Nelson, sound recordist"
            },
            "18": {
                "text": "12. Rob Matsuda, musician"
            }
        },
        "19": {
            "text": "Global Machine",
            "20": {
                "text": "13. Editors’ Introduction"
            },
            "21": {
                "text": "14. Anonymous, studio production executive"
            },
            "22": {
                "text": "15. David Minkowski, service producer"
            },
            "23": {
                "text": "16. Adam Goodman, service producer"
            },
            "24": {
                "text": "17. Stephen Burt, production manager"
            },
            "25": {
                "text": "18. Belle Doyle, location manager"
            },
            "26": {
                "text": "19. Wesley Hagan, location manager"
            }
        },
        "27": {
            "text": "Fringe City",
            "28": {
                "text": "20. Editors’ Introduction"
            },
            "29": {
                "text": "21. Scott Ross, VFX manager"
            },
            "30": {
                "text": "22. Dave Rand, VFX artist"
            },
            "31": {
                "text": "23. Mariana Acuña-Acosta, VFX artist"
            },
            "32": {
                "text": "24. Daniel Lay, VFX artist"
            },
            "33": {
                "text": "25. Steve Kaplan, union official"
            },
            "34": {
                "text": "26. Dusty Kelly, union official"
            }
        },
        "35": {
            "text": "Appendix: Interview Schedule"
        }
    }
}