{
    "title": "The Art of Fugue",
    "subtitle": "Bach Fugues for Keyboard, 1715-1750",
    "series_index": 1,
    "caid": 22,
    "uuid": "1a339702-943d-4f45-a6e5-7d761e39ef4e",
    "isbn": "9780520941397",
    "doi": "10.1525/luminos.1",
    "gdrds": "16339727",
    "authors": [
        {
            "name": "J Kerman",
            "name_sort": "Kerman, J",
            "auid": "4e680948"
        }
    ],
    "authors_so": [
        "Kerman, J"
    ],
    "authors_pp": "J Kerman",
    "pub_date_ts": 1436479200,
    "add_date_ts": 1481756400,
    "lastmod_ts": 1496951564,
    "liked": false,
    "blurb_raw": "<p>A free ebook version of this title is available through Luminos, University of California Press s new open access publishing program for monographs. Visit <a href=\"http://www.luminosoa.org\">www.luminosoa.org</a> to learn more.</p><p>Fugue for J. S. Bach was a natural language; he wrote fugues in organ toccatas and voluntaries, in masses and motets, in orchestral and chamber music, and even in his sonatas for violin solo. The more intimate fugues he wrote for keyboard are among the greatest, most influential, and best-loved works in all of Western music. They have long been the foundation of the keyboard repertory, played by beginning students and world-famous virtuosi alike. In a series of elegantly written essays, eminent musicologist Joseph Kerman discusses his favorite Bach keyboard fugues some of them among the best-known fugues and others much less familiar. Kerman skillfully, at times playfully, reveals the inner workings of these pieces, linking the form of the fugues with their many different characters and expressive qualities, and illuminating what makes them particularly beautiful, powerful, and moving.</p><p>These witty, insightful pieces, addressed to musical amateurs as well as to specialists and students, are beautifully augmented by performances made specially for this volume: Karen Rosenak, piano, playing two preludes and fugues fromTheWell-Tempered Clavier C Major, book 1; and B Major, book 2--and Davitt Moroney playing the Fughetta in C Major, BWV 952, on clavichord; the Fugue on \"Jesus Christus unser Heiland,\" BWV 689, on organ; and the Fantasy and Fugue in A Minor, BWV 904, on harpsichord.\"</p>",
    "uri": "http://rlp.rebus.cc/library/book/1a339702-943d-4f45-a6e5-7d761e39ef4e",
    "reviewed": false,
    "publisher": {
        "id": 1,
        "name": "University of California Press"
    },
    "reads": "unread",
    "has_cover": 1,
    "path": "Joseph Kerman/The Art of Fugue_ Bach Fugues for Keyboard, 1715-1750 (22)",
    "filename": "The Art of Fugue_ Bach Fugues for Keyboard - Joseph Kerman",
    "tags_ds": "Music",
    "tags_assoc": {
        "134": "Music"
    },
    "bundles_ds": null,
    "bundles_assoc": null,
    "stacks_ds": null,
    "stacks_assoc": null,
    "pages": 196,
    "words": 42952,
    "fre": 72,
    "fre_grey": 71.4,
    "annotations": null,
    "annotated": false,
    "colors": [
        "#E7D8B1",
        "#cccccc",
        "#e6e6e6"
    ],
    "epub_copy_name": "The_Art_of_Fugue-J_Kerman.epub"
}