{
    "html": "<ul><li id=\"1\">List of Recordings and Scores</li><li id=\"2\">Preface</li><li id=\"3\">Acknowledgments</li><li id=\"4\">1. Fugue in C Major: The Well-Tempered Clavier, book 1</li><li id=\"5\">2. Fugue in C Minor: The Well-Tempered Clavier, book 1</li><li id=\"6\">3. Fughetta in C Major, BWV 952</li><li id=\"7\">4. Fugue in C-sharp Minor: The Well-Tempered Clavier, book 1</li><li id=\"8\">5. Contrapunctus 1: The Art of Fugue</li><li id=\"9\">6. Contrapunctus 10: The Art of Fugue</li><li id=\"10\">7. Chromatic Fantasy and Fugue, BWV 903</li><li id=\"11\">8. Prelude and Fugue in E-flat Major: The Well-Tempered Clavier, book 1</li><li id=\"12\">9. Fugue in E Major: The Well-Tempered Clavier, book 2</li><li id=\"13\">10. Fugue on \"Jesus Christus unser Heiland\": Clavierubüng, book 3</li><li id=\"14\">11. Fugue in F-sharp Minor: The Well-Tempered Clavier, book 1</li><li id=\"15\">12. Gigue: English Suite no. 3 in G Minor</li><li id=\"16\">13. Fugue in A-flat Major: The Well-Tempered Clavier, book 1</li><li id=\"17\">14. Fugue in A Minor: Fantasy and Fugue in A Minor, BWV 904</li><li id=\"18\">15. Fugue in B-flat Major: The Well-Tempered Clavier, book 2</li><li id=\"19\">16. Fugue in B Major: The Well-Tempered Clavier, book 2</li><li id=\"20\">Afterword</li><li id=\"21\">Notes</li><li id=\"22\">Notes to the Recordings</li><li id=\"23\">Glossary</li><li id=\"24\">Bibliography</li></ul>",
    "data": {
        "1": {
            "text": "List of Recordings and Scores"
        },
        "2": {
            "text": "Preface"
        },
        "3": {
            "text": "Acknowledgments"
        },
        "4": {
            "text": "1. Fugue in C Major: The Well-Tempered Clavier, book 1"
        },
        "5": {
            "text": "2. Fugue in C Minor: The Well-Tempered Clavier, book 1"
        },
        "6": {
            "text": "3. Fughetta in C Major, BWV 952"
        },
        "7": {
            "text": "4. Fugue in C-sharp Minor: The Well-Tempered Clavier, book 1"
        },
        "8": {
            "text": "5. Contrapunctus 1: The Art of Fugue"
        },
        "9": {
            "text": "6. Contrapunctus 10: The Art of Fugue"
        },
        "10": {
            "text": "7. Chromatic Fantasy and Fugue, BWV 903"
        },
        "11": {
            "text": "8. Prelude and Fugue in E-flat Major: The Well-Tempered Clavier, book 1"
        },
        "12": {
            "text": "9. Fugue in E Major: The Well-Tempered Clavier, book 2"
        },
        "13": {
            "text": "10. Fugue on \"Jesus Christus unser Heiland\": Clavierubüng, book 3"
        },
        "14": {
            "text": "11. Fugue in F-sharp Minor: The Well-Tempered Clavier, book 1"
        },
        "15": {
            "text": "12. Gigue: English Suite no. 3 in G Minor"
        },
        "16": {
            "text": "13. Fugue in A-flat Major: The Well-Tempered Clavier, book 1"
        },
        "17": {
            "text": "14. Fugue in A Minor: Fantasy and Fugue in A Minor, BWV 904"
        },
        "18": {
            "text": "15. Fugue in B-flat Major: The Well-Tempered Clavier, book 2"
        },
        "19": {
            "text": "16. Fugue in B Major: The Well-Tempered Clavier, book 2"
        },
        "20": {
            "text": "Afterword"
        },
        "21": {
            "text": "Notes"
        },
        "22": {
            "text": "Notes to the Recordings"
        },
        "23": {
            "text": "Glossary"
        },
        "24": {
            "text": "Bibliography"
        }
    }
}