{
    "title": "Thinking Beyond Sectors for Sustainable Development",
    "subtitle": null,
    "series_index": 1,
    "caid": 3,
    "uuid": "d2f05f82-d6ac-4252-ba98-6bbb30aac4f3",
    "isbn": "9781909188440",
    "doi": "10.5334/bao",
    "gdrds": "26493050",
    "authors": [
        {
            "name": "Jeff Waage",
            "name_sort": "Waage, Jeff",
            "auid": "6a4c6607"
        },
        {
            "name": "Christopher Yap",
            "name_sort": "Yap, Christopher",
            "auid": "32821b88"
        }
    ],
    "authors_so": [
        "Waage, Jeff & Yap, Christopher"
    ],
    "authors_pp": "Jeff Waage & Christopher Yap",
    "pub_date_ts": 1435017600,
    "add_date_ts": 1487113200,
    "lastmod_ts": 1496951999,
    "liked": false,
    "blurb_raw": "",
    "uri": "http://rlp.rebus.cc/library/book/d2f05f82-d6ac-4252-ba98-6bbb30aac4f3",
    "reviewed": false,
    "publisher": {
        "id": 2,
        "name": "Ubiquity Press"
    },
    "reads": "unread",
    "has_cover": 1,
    "path": "Jeff Waage/Thinking Beyond Sectors for Sustainable Development (3)",
    "filename": "Thinking Beyond Sectors for Sustainable De - Jeff Waage",
    "tags_ds": "Sustainable development, Governance, International development, Political science, Public policy",
    "tags_assoc": {
        "23": "Sustainable development",
        "37": "Governance",
        "38": "International development",
        "39": "Political science",
        "40": "Public policy"
    },
    "bundles_ds": null,
    "bundles_assoc": null,
    "stacks_ds": null,
    "stacks_assoc": null,
    "pages": 126,
    "words": null,
    "fre": 0,
    "fre_grey": 255,
    "annotations": null,
    "annotated": false,
    "colors": [
        "#ABBCDA",
        "#999999",
        "#e6e6e6"
    ],
    "epub_copy_name": "Thinking_Beyond_Sectors_for_Sustainable_Development-Jeff_Waage.epub"
}