{
    "html": "<ul><li id=\"1\">Acknowledgements</li><li id=\"2\">Contributing institutions</li><li id=\"3\">Statement</li><li id=\"4\">How this book came about</li><li id=\"5\">Foreword</li><li id=\"6\">Contributors</li><li id=\"7\">PART I: Perspectives on the Post-2015 Sustainable Development Agenda</li><li id=\"8\">Biodiversity and ecosystems</li><li id=\"9\">Climate and climate change</li><li id=\"10\">Urbanisation and urban poverty ­reduction in low- and middle-income countries</li><li id=\"11\">Human health</li><li id=\"12\">Population growth</li><li id=\"13\">Agriculture and food</li><li id=\"14\">Education, information, and knowledge</li><li id=\"15\">Governance and institutions</li><li id=\"16\">PART II: Thinking Beyond Sectors</li><li id=\"17\">Governing Sustainable Development Goals: interactions, infrastructures, and institutions</li><li id=\"18\">Case study on sexual and ­reproductive health and education: reflections on ­interlinkage and governance</li><li id=\"19\">Appendix: Millennium Development Goals and Targets</li></ul>",
    "data": {
        "1": {
            "text": "Acknowledgements"
        },
        "2": {
            "text": "Contributing institutions"
        },
        "3": {
            "text": "Statement"
        },
        "4": {
            "text": "How this book came about"
        },
        "5": {
            "text": "Foreword"
        },
        "6": {
            "text": "Contributors"
        },
        "7": {
            "text": "PART I: Perspectives on the Post-2015 Sustainable Development Agenda"
        },
        "8": {
            "text": "Biodiversity and ecosystems"
        },
        "9": {
            "text": "Climate and climate change"
        },
        "10": {
            "text": "Urbanisation and urban poverty ­reduction in low- and middle-income countries"
        },
        "11": {
            "text": "Human health"
        },
        "12": {
            "text": "Population growth"
        },
        "13": {
            "text": "Agriculture and food"
        },
        "14": {
            "text": "Education, information, and knowledge"
        },
        "15": {
            "text": "Governance and institutions"
        },
        "16": {
            "text": "PART II: Thinking Beyond Sectors"
        },
        "17": {
            "text": "Governing Sustainable Development Goals: interactions, infrastructures, and institutions"
        },
        "18": {
            "text": "Case study on sexual and ­reproductive health and education: reflections on ­interlinkage and governance"
        },
        "19": {
            "text": "Appendix: Millennium Development Goals and Targets"
        }
    }
}