{
    "title": "eBooks in Education",
    "subtitle": "Realising the Vision",
    "series_index": 1,
    "caid": 4,
    "uuid": "7cf6b0cb-6053-4621-9b56-038ac8abe695",
    "isbn": "9781909188389",
    "doi": "10.5334/bal",
    "gdrds": "26493049",
    "authors": [
        {
            "name": "Hazel Woodward",
            "name_sort": "Woodward, Hazel",
            "auid": "9b7dff96"
        }
    ],
    "authors_so": [
        "Woodward, Hazel"
    ],
    "authors_pp": "Hazel Woodward",
    "pub_date_ts": 1414713600,
    "add_date_ts": 1487113200,
    "lastmod_ts": 1496951688,
    "liked": false,
    "blurb_raw": "<p>Ebooks are coming of age in education, as this exciting collection commissioned by Jisc demonstrates. This collection will provide inspiration and guidance to institutions as they develop projects and services to support students and researchers and will be of interest to library practitioners, publishers, ebook vendors, information professionals, teachers, lecturers and students.</p>",
    "uri": "http://rlp.rebus.cc/library/book/7cf6b0cb-6053-4621-9b56-038ac8abe695",
    "reviewed": false,
    "publisher": {
        "id": 2,
        "name": "Ubiquity Press"
    },
    "reads": "unread",
    "has_cover": 1,
    "path": "Hazel Woodward/eBooks in Education_ Realising the Vision (4)",
    "filename": "eBooks in Education_ Realising the Vision - Hazel Woodward",
    "tags_ds": "Education, Computing, Ebooks, Publishing, Universities",
    "tags_assoc": {
        "3": "Education",
        "24": "Computing",
        "25": "Ebooks",
        "26": "Publishing",
        "27": "Universities"
    },
    "bundles_ds": null,
    "bundles_assoc": null,
    "stacks_ds": "Technology & Politics",
    "stacks_assoc": {
        "2": "Technology & Politics"
    },
    "pages": 244,
    "words": 44739,
    "fre": 0,
    "fre_grey": 255,
    "annotations": null,
    "annotated": false,
    "colors": [
        "#424153",
        "#999999",
        "#CCCCCC"
    ],
    "epub_copy_name": "eBooks_in_Education-Hazel_Woodward.epub"
}