{
    "html": "<ul><li id=\"1\">Foreword</li><li id=\"2\">Ebooks in higher education: a strategic priority?</li><li id=\"3\">Ebooks in further education</li><li id=\"4\">Ebooks and the distance learner</li><li id=\"5\">Ebooks: the learning and teaching perspective</li><li id=\"6\">Ebooks and accessibility</li><li id=\"7\">Academic ebooks and the mobile user experience</li><li id=\"8\">Ebooks acquisition as a shared service</li><li id=\"9\">Ebooks at the University of Portsmouth: a ten year success story</li><li id=\"10\">Instant fulfilment: the successful use of patron driven acquisitions to satisfy interlibrary loans</li><li id=\"11\">Creating open access books: a partnership between a university library and a research centre</li><li id=\"12\">“Zap our App!”</li><li id=\"13\">A living open book</li><li id=\"14\">The Plymouth ebook project</li><li id=\"15\">E-textbooks at Coventry University: a pilot project</li><li id=\"16\">Index</li></ul>",
    "data": {
        "1": {
            "text": "Foreword"
        },
        "2": {
            "text": "Ebooks in higher education: a strategic priority?"
        },
        "3": {
            "text": "Ebooks in further education"
        },
        "4": {
            "text": "Ebooks and the distance learner"
        },
        "5": {
            "text": "Ebooks: the learning and teaching perspective"
        },
        "6": {
            "text": "Ebooks and accessibility"
        },
        "7": {
            "text": "Academic ebooks and the mobile user experience"
        },
        "8": {
            "text": "Ebooks acquisition as a shared service"
        },
        "9": {
            "text": "Ebooks at the University of Portsmouth: a ten year success story"
        },
        "10": {
            "text": "Instant fulfilment: the successful use of patron driven acquisitions to satisfy interlibrary loans"
        },
        "11": {
            "text": "Creating open access books: a partnership between a university library and a research centre"
        },
        "12": {
            "text": "“Zap our App!”"
        },
        "13": {
            "text": "A living open book"
        },
        "14": {
            "text": "The Plymouth ebook project"
        },
        "15": {
            "text": "E-textbooks at Coventry University: a pilot project"
        },
        "16": {
            "text": "Index"
        }
    }
}