{
    "title": "Publishing Addiction Science",
    "subtitle": "A Guide for the Perplexed",
    "series_index": 1,
    "caid": 21,
    "uuid": "4c41d691-41c5-4bf7-b15b-fd08afc701d6",
    "isbn": "9781911529101",
    "doi": "10.5334/bbd",
    "authors": [
        {
            "name": "Thomas F. Babor",
            "name_sort": "Babor, Thomas F.",
            "auid": "3fb38f72"
        },
        {
            "name": "Kerstin Stenius",
            "name_sort": "Stenius, Kerstin",
            "auid": "4b00019b"
        },
        {
            "name": "Richard Pates",
            "name_sort": "Pates, Richard",
            "auid": "93ededa8"
        },
        {
            "name": "Michal Miovský",
            "name_sort": "Miovský, Michal",
            "auid": "b5342385"
        },
        {
            "name": "Jean O’Reilly",
            "name_sort": "O’Reilly, Jean",
            "auid": "6ef67d65"
        },
        {
            "name": "Paul Candon",
            "name_sort": "Candon, Paul",
            "auid": "1f0e9a14"
        }
    ],
    "authors_so": [
        "Babor, Thomas F. & Stenius, Kerstin & Pates, Richard & Miovský, Michal & O’Reilly, Jean & Candon, Paul"
    ],
    "authors_pp": "Thomas F. Babor, Kerstin Stenius, Richard Pates, Michal Miovský, Jean O’Reilly & Paul Candon",
    "pub_date_ts": 1495576800,
    "add_date_ts": 1481756400,
    "lastmod_ts": 1496992061,
    "liked": false,
    "blurb_raw": "<div><div>Publishing Addiction Science is a comprehensive guide for addiction scientists facing the complex process of contributing to scholarly journals. Written by an international group of addiction journal editors and their colleagues, it discusses how to write research articles and systematic reviews, choose a journal, respond to reviewers’ reports, become a reviewer, and resolve the often difficult authorship, ethical and citation issues that arise in addiction science publishing.</div><div>As a “Guide for the Perplexed,” Publishing Addiction Science helps novice as well as experienced researchers to deal with these challenges. It is suitable for university courses and forms the basis of the training workshops offered by the International Society of Addiction Journal Editors (ISAJE).</div><div>Co-sponsored by ISAJE and the scientific journal Addiction, the third edition of Publishing Addiction Science gives special attention to the challenges faced by researchers from developing and non-English-speaking countries and features new chapters on guidance for clinician-scientists and the growth of infrastructure and career opportunities in addiction science.</div></div>",
    "uri": "http://rlp.rebus.cc/library/book/4c41d691-41c5-4bf7-b15b-fd08afc701d6",
    "reviewed": false,
    "publisher": {
        "id": 2,
        "name": "Ubiquity Press"
    },
    "reads": "unread",
    "has_cover": 1,
    "path": "Thomas F. Babor/Publishing Addiction Science_ A Guide for the Perplexed (21)",
    "filename": "Publishing Addiction Science_ A Guide for - Thomas F. Babor",
    "tags_ds": "Medicine, Psychology, Addiction studies, Psychiatry, Public health, Sociology, Competing interests, Authorship, Scientific integrity, Addiction science, Publication ethics, Responsible conduct of research",
    "tags_assoc": {
        "83": "Medicine",
        "120": "Psychology",
        "124": "Addiction studies",
        "125": "Psychiatry",
        "126": "Public health",
        "127": "Sociology",
        "128": "Competing interests",
        "129": "Authorship",
        "130": "Scientific integrity",
        "131": "Addiction science",
        "132": "Publication ethics",
        "133": "Responsible conduct of research"
    },
    "bundles_ds": null,
    "bundles_assoc": null,
    "stacks_ds": "Open Science",
    "stacks_assoc": {
        "6": "Open Science"
    },
    "pages": 406,
    "words": 141561,
    "fre": 0,
    "fre_grey": 255,
    "annotations": null,
    "annotated": false,
    "colors": [
        "#0099CC",
        "#CCCCCC",
        "#333399"
    ],
    "epub_copy_name": "Publishing_Addiction_Science-Thomas_F._Babor.epub"
}