{
    "html": "<ul><li id=\"1\">Cover</li><li id=\"2\">Title</li><li id=\"3\">Copyright</li><li id=\"4\">Dedication</li><li id=\"5\">Contents</li><li id=\"6\">Foreword to the Third Edition</li><li id=\"7\">Preface</li><li id=\"8\">About the Authors</li><li id=\"9\">Supporting Institutions</li><li id=\"10\">Section 1: Introduction<ul><li id=\"11\">Chapter 1: A Guide for the Perplexed</li><li id=\"12\">Chapter 2: Infrastructure and Career Opportunities in Addiction Science: The Emergence of an Interdisciplinary Field</li></ul></li><li id=\"13\">Section 2: How and Where to Publish<ul><li id=\"14\">Chapter 3: How to Choose a Journal: Scientific and Practical Considerations</li><li id=\"15\">Chapter 4: Beyond The Anglo-American World: Advice for Researchers from Developing and Non-English-Speaking Countries</li><li id=\"16\">Chapter 5: Getting Started: Publication Issues for Graduate Students, Postdoctoral Fellows, and Other Aspiring Addiction Scientists</li><li id=\"17\">Chapter 6: Addiction Science for Professionals Working in Clinical Settings</li></ul></li><li id=\"18\">Section 3: The Practical Side of Addiction Publishing<ul><li id=\"19\">Chapter 7: How to Write a Scientific Article for a Peer-Reviewed Journal</li><li id=\"20\">Chapter 8: How to Write Publishable Qualitative Research</li><li id=\"21\">Chapter 9: How to Write a Systematic Review Article and Meta-Analysis</li><li id=\"22\">Chapter 10: Use and Abuse of Citations</li><li id=\"23\">Chapter 11: Coin of the Realm: Practical Procedures for Determining Authorship</li><li id=\"24\">Chapter 12: Preparing Manuscripts and Responding to Reviewersâ€™ Reports: Inside the Editorial Black Box</li><li id=\"25\">Chapter 13: Reviewing Manuscripts for Scientific Journals</li></ul></li><li id=\"26\">Section 4: Ethics Matter<ul><li id=\"27\">Chapter 14: Danteâ€™s Inferno: Seven Deadly Sins in Scientific Publishing and How to Avoid Them</li><li id=\"28\">Chapter 15: The Road to Paradise: Moral Reasoning in Addiction Publishing</li><li id=\"29\">Chapter 16: Relationships with the Alcoholic-Beverage Industry, Pharmaceutical Companies, and Other Funding Agencies: Holy Grail or Poisoned Chalice?</li></ul></li><li id=\"30\">Section 5: Conclusion<ul><li id=\"31\">Chapter 17: Addiction Publishing and the Meaning of [Scientific] Life</li></ul></li></ul>",
    "data": {
        "1": {
            "text": "Cover"
        },
        "2": {
            "text": "Title"
        },
        "3": {
            "text": "Copyright"
        },
        "4": {
            "text": "Dedication"
        },
        "5": {
            "text": "Contents"
        },
        "6": {
            "text": "Foreword to the Third Edition"
        },
        "7": {
            "text": "Preface"
        },
        "8": {
            "text": "About the Authors"
        },
        "9": {
            "text": "Supporting Institutions"
        },
        "10": {
            "text": "Section 1: Introduction",
            "11": {
                "text": "Chapter 1: A Guide for the Perplexed"
            },
            "12": {
                "text": "Chapter 2: Infrastructure and Career Opportunities in Addiction Science: The Emergence of an Interdisciplinary Field"
            }
        },
        "13": {
            "text": "Section 2: How and Where to Publish",
            "14": {
                "text": "Chapter 3: How to Choose a Journal: Scientific and Practical Considerations"
            },
            "15": {
                "text": "Chapter 4: Beyond The Anglo-American World: Advice for Researchers from Developing and Non-English-Speaking Countries"
            },
            "16": {
                "text": "Chapter 5: Getting Started: Publication Issues for Graduate Students, Postdoctoral Fellows, and Other Aspiring Addiction Scientists"
            },
            "17": {
                "text": "Chapter 6: Addiction Science for Professionals Working in Clinical Settings"
            }
        },
        "18": {
            "text": "Section 3: The Practical Side of Addiction Publishing",
            "19": {
                "text": "Chapter 7: How to Write a Scientific Article for a Peer-Reviewed Journal"
            },
            "20": {
                "text": "Chapter 8: How to Write Publishable Qualitative Research"
            },
            "21": {
                "text": "Chapter 9: How to Write a Systematic Review Article and Meta-Analysis"
            },
            "22": {
                "text": "Chapter 10: Use and Abuse of Citations"
            },
            "23": {
                "text": "Chapter 11: Coin of the Realm: Practical Procedures for Determining Authorship"
            },
            "24": {
                "text": "Chapter 12: Preparing Manuscripts and Responding to Reviewersâ€™ Reports: Inside the Editorial Black Box"
            },
            "25": {
                "text": "Chapter 13: Reviewing Manuscripts for Scientific Journals"
            }
        },
        "26": {
            "text": "Section 4: Ethics Matter",
            "27": {
                "text": "Chapter 14: Danteâ€™s Inferno: Seven Deadly Sins in Scientific Publishing and How to Avoid Them"
            },
            "28": {
                "text": "Chapter 15: The Road to Paradise: Moral Reasoning in Addiction Publishing"
            },
            "29": {
                "text": "Chapter 16: Relationships with the Alcoholic-Beverage Industry, Pharmaceutical Companies, and Other Funding Agencies: Holy Grail or Poisoned Chalice?"
            }
        },
        "30": {
            "text": "Section 5: Conclusion",
            "31": {
                "text": "Chapter 17: Addiction Publishing and the Meaning of [Scientific] Life"
            }
        }
    }
}