{
    "title": "Writing as Material Practice",
    "subtitle": "Substance, Surface and Medium",
    "series_index": 1,
    "caid": 15,
    "uuid": "6649b5bf-74a5-4d52-8692-b0209e9fa10a",
    "isbn": "9781909188259",
    "doi": "10.5334/bai",
    "gdrds": "20601413",
    "authors": [
        {
            "name": "Kathryn E. Piquette",
            "name_sort": "Piquette, Kathryn E.",
            "auid": "83468fcc"
        },
        {
            "name": "Ruth D. Whitehouse",
            "name_sort": "Whitehouse, Ruth D.",
            "auid": "01424770"
        }
    ],
    "authors_so": [
        "Piquette, Kathryn E. & Whitehouse, Ruth D."
    ],
    "authors_pp": "Kathryn E. Piquette & Ruth D. Whitehouse",
    "pub_date_ts": 1387324800,
    "add_date_ts": 1488409200,
    "lastmod_ts": 1496951646,
    "liked": false,
    "blurb_raw": "<p>Writing as Material Practice grapples with the issue of writing as a form of material culture in its ancient and more recent manifestations, and in the contexts of production and consumption. Fifteen case studies explore the artefactual nature of writing - the ways in which materials, techniques, colour, scale, orientation and visibility inform the creation of inscribed objects, spaces and landscapes, as well as structure subsequent engagement, perception and meaning making. Covering a temporal span of some 5000 years, from c.3200 BCE to the present day, and ranging in spatial context from the Americas to the Near East, the chapters in this volume bring a variety of perspectives which contribute to both specific and broader questions of writing materialities. Authors also aim to place past graphical systems in their social contexts so they can be understood in relation to the people who created and attributed meaning to writing and associated symbolic modes through a diverse array of individual and wider social practices.</p><p>**</p>",
    "uri": "http://rlp.rebus.cc/library/book/6649b5bf-74a5-4d52-8692-b0209e9fa10a",
    "reviewed": false,
    "publisher": {
        "id": 2,
        "name": "Ubiquity Press"
    },
    "reads": "unread",
    "has_cover": 1,
    "path": "Kathryn E. Piquette/Writing as Material Practice_ Substance, Surface and Medium (15)",
    "filename": "Writing as Material Practice_ Substance, S - Kathryn E. Piquette",
    "tags_ds": "Anthropology, Archaeology, History, Writing, Text, Practice theory, Materiality, Graphical culture",
    "tags_assoc": {
        "13": "Anthropology",
        "14": "Archaeology",
        "15": "History",
        "16": "Writing",
        "17": "Text",
        "18": "Practice theory",
        "19": "Materiality",
        "20": "Graphical culture"
    },
    "bundles_ds": null,
    "bundles_assoc": null,
    "stacks_ds": null,
    "stacks_assoc": null,
    "pages": 352,
    "words": 163364,
    "fre": 0,
    "fre_grey": 255,
    "annotations": null,
    "annotated": false,
    "colors": [
        "#996633",
        "#E7D8B1",
        "#663300"
    ],
    "epub_copy_name": "Writing_as_Material_Practice-Kathryn_E._Piquette.epub"
}