{
    "html": "<ul><li id=\"1\">Acknowledgements</li><li id=\"2\">Contributors</li><li id=\"3\">Abstracts</li><li id=\"4\">Chapter 1. Introduction: Developing an approach to writing as material practice</li><li id=\"5\">Chapter 2. The Twisting Paths of Recall: Khipu (Andean cord notation) as artifact</li><li id=\"6\">Chapter 3. Writing as Material Technology: Orientation within landscapes of the Classic Maya world</li><li id=\"7\">Chapter 4. Writing (and Reading) as Material Practice: The world of cuneiform culture as an arena for investigation</li><li id=\"8\">Chapter 5. Re-writing the Script: Decoding the textual experience in the Bronze Age Levant (c.2000–115 bc)</li><li id=\"9\">Chapter 6. The Function and Meaning of Writing in the Prehistoric Aegean: Some reflections on the social and symbolic significance of writing from a material perspective</li><li id=\"10\">Chapter 7. Form Follows Function: Writing and its supports in the Aegean Bronze Age</li><li id=\"11\">Chapter 8. Materiality of Minoan Writing: Modes of display and perception</li><li id=\"12\">Chapter 9. Saving on Clay: The Linear B practice of cutting tablets</li><li id=\"13\">Chapter 10. Straight, Crooked and Joined-up Writing: An early Mediterranean view</li><li id=\"14\">Chapter 11. “It Is Written”?: Making, remaking and unmaking early ‘writing’ in the lower Nile Valley</li><li id=\"15\">Chapter 12. Written Greek but Drawn Egyptian: Script changes in a bilingual dream papyrus</li><li id=\"16\">Chapter 13. The Other Writing: Iconic literacy and Situla Art in pre-Roman Veneto (Italy)</li><li id=\"17\">Chapter 14. ‘Tombstones’ in the North Italian Iron Age: Careless writers or athletic readers?</li><li id=\"18\">Chapter 15. Different Times, Different Materials and Different Purposes: Writing on objects at the Grand Arcade site in Cambridge</li><li id=\"19\">Chapter 16. Writing Conservation: The impact of text on conservation decisions and practice</li><li id=\"20\">Chapter 17. Epilogue</li></ul>",
    "data": {
        "1": {
            "text": "Acknowledgements"
        },
        "2": {
            "text": "Contributors"
        },
        "3": {
            "text": "Abstracts"
        },
        "4": {
            "text": "Chapter 1. Introduction: Developing an approach to writing as material practice"
        },
        "5": {
            "text": "Chapter 2. The Twisting Paths of Recall: Khipu (Andean cord notation) as artifact"
        },
        "6": {
            "text": "Chapter 3. Writing as Material Technology: Orientation within landscapes of the Classic Maya world"
        },
        "7": {
            "text": "Chapter 4. Writing (and Reading) as Material Practice: The world of cuneiform culture as an arena for investigation"
        },
        "8": {
            "text": "Chapter 5. Re-writing the Script: Decoding the textual experience in the Bronze Age Levant (c.2000–115 bc)"
        },
        "9": {
            "text": "Chapter 6. The Function and Meaning of Writing in the Prehistoric Aegean: Some reflections on the social and symbolic significance of writing from a material perspective"
        },
        "10": {
            "text": "Chapter 7. Form Follows Function: Writing and its supports in the Aegean Bronze Age"
        },
        "11": {
            "text": "Chapter 8. Materiality of Minoan Writing: Modes of display and perception"
        },
        "12": {
            "text": "Chapter 9. Saving on Clay: The Linear B practice of cutting tablets"
        },
        "13": {
            "text": "Chapter 10. Straight, Crooked and Joined-up Writing: An early Mediterranean view"
        },
        "14": {
            "text": "Chapter 11. “It Is Written”?: Making, remaking and unmaking early ‘writing’ in the lower Nile Valley"
        },
        "15": {
            "text": "Chapter 12. Written Greek but Drawn Egyptian: Script changes in a bilingual dream papyrus"
        },
        "16": {
            "text": "Chapter 13. The Other Writing: Iconic literacy and Situla Art in pre-Roman Veneto (Italy)"
        },
        "17": {
            "text": "Chapter 14. ‘Tombstones’ in the North Italian Iron Age: Careless writers or athletic readers?"
        },
        "18": {
            "text": "Chapter 15. Different Times, Different Materials and Different Purposes: Writing on objects at the Grand Arcade site in Cambridge"
        },
        "19": {
            "text": "Chapter 16. Writing Conservation: The impact of text on conservation decisions and practice"
        },
        "20": {
            "text": "Chapter 17. Epilogue"
        }
    }
}