{
    "title": "Turn on the Light on Science",
    "subtitle": "A Research-Based Guide to Break Down Popular Stereotypes About Science and Scientists",
    "series_index": 1,
    "caid": 19,
    "uuid": "4aed8001-8004-4fb2-92f5-fd240e976e27",
    "isbn": "9781911529064",
    "doi": "10.5334/bba",
    "gdrds": "34186152",
    "authors": [
        {
            "name": "Antonio Tintori",
            "name_sort": "Tintori, Antonio",
            "auid": "5e38eabb"
        },
        {
            "name": "Rossella Palomba",
            "name_sort": "Palomba, Rossella",
            "auid": "a24504af"
        }
    ],
    "authors_so": [
        "Tintori, Antonio & Palomba, Rossella"
    ],
    "authors_pp": "Antonio Tintori & Rossella Palomba",
    "pub_date_ts": 1487116800,
    "add_date_ts": 1481756400,
    "lastmod_ts": 1497189403,
    "liked": false,
    "blurb_raw": "<p>Scientists deserve public recognition. The ways that they are depicted, however, are severely limited in physical and personal traits, helping to establish and enhance stereotypes under the general title of 'scientist'. These stereotypes range from the arrogant researcher who wants to rule the world, to the lab coat wearing 'nerdy' genius, but all generally fall to an extreme view of an existing perception of what a scientist should look and be like. For example, the popular image of 'a scientist' overlooks the presence women almost entirely unless attributed to specific subjects and/or with narrow character depictions. The implications can be far-reaching. Young people, being heavily swayed by what they see and hear in the media, may avoid scientific careers because of these limited or unflattering portrayals of the scientific community, regardless of whether they reflect real life.</p><p>Based on findings from the Light'13 project, this book examines such stereotypes and questions whether it is possible to adjust people's perception of scientists and to increase interest in science and scientific careers through a series of specific actions and events.</p>",
    "uri": "http://rlp.rebus.cc/library/book/4aed8001-8004-4fb2-92f5-fd240e976e27",
    "reviewed": false,
    "publisher": {
        "id": 2,
        "name": "Ubiquity Press"
    },
    "reads": "reading",
    "has_cover": 1,
    "path": "Antonio Tintori/Turn on the Light on Science_ A Research-Based Guide to Break Down Popular Stereotypes About Sci (19)",
    "filename": "Turn on the Light on Science_ A Research-B - Antonio Tintori",
    "tags_ds": "Political science, Social science, STEM, Interaction-based science communication, Gender stereotypes in science, Stereotypes' removal, Stereotypes on scientists, Stereotypes",
    "tags_assoc": {
        "39": "Political science",
        "54": "Social science",
        "113": "STEM",
        "114": "Interaction-based science communication",
        "115": "Gender stereotypes in science",
        "116": "Stereotypes' removal",
        "117": "Stereotypes on scientists",
        "118": "Stereotypes"
    },
    "bundles_ds": null,
    "bundles_assoc": null,
    "stacks_ds": "Open Science",
    "stacks_assoc": {
        "6": "Open Science"
    },
    "pages": 120,
    "words": 29589,
    "fre": 0,
    "fre_grey": 255,
    "annotations": {
        "1480633320": {
            "timestamp": "1480633320",
            "location": "211",
            "iam": "highlight",
            "text_h": "<p>Stereotypes help us in the complex task of simplifying our world by sorting everyone and everything into tidy categories. It is an abstract but clear and simple mental process. In his work on the theory of social identity, Tajfel highlighted the close relationship between simplification and distortion of reality. </p>",
            "text_j": [
                "Stereotypes help us in the complex task of simplifying our world by sorting everyone and everything into tidy categories. It is an abstract but clear and simple mental process. In his work on the theory of social identity, Tajfel highlighted the close relationship between simplification and distortion of reality. "
            ]
        },
        "1480633321": {
            "timestamp": "1480633321",
            "location": "214",
            "iam": "highlight",
            "text_h": "<p>Stereotypes are basically generalizations concerning social groups, aimed at binding the cognitive process to the cultural context. In order to do that, stereotypes emphasize and overestimate the characteristics of a social group that make it different from the others </p>",
            "text_j": [
                "Stereotypes are basically generalizations concerning social groups, aimed at binding the cognitive process to the cultural context. In order to do that, stereotypes emphasize and overestimate the characteristics of a social group that make it different from the others "
            ]
        },
        "1480633380": {
            "timestamp": "1480633380",
            "location": "226",
            "iam": "highlight",
            "text_h": "<p>A stereotype is a rigid perspective on the world. It is based on bias. It represents beliefs that are not necessarily negative but certainly irrational, and may result in very negative attitudes and behaviours, as for example in the case of racism and xenophobia. </p>",
            "text_j": [
                "A stereotype is a rigid perspective on the world. It is based on bias. It represents beliefs that are not necessarily negative but certainly irrational, and may result in very negative attitudes and behaviours, as for example in the case of racism and xenophobia. "
            ]
        },
        "1480633440": {
            "timestamp": "1480633440",
            "location": "228",
            "iam": "highlight",
            "text_h": "<p>Stereotypes are also potentially dangerous because they may generate judgements that are not based on first-hand experience. </p>",
            "text_j": [
                "Stereotypes are also potentially dangerous because they may generate judgements that are not based on first-hand experience. "
            ]
        },
        "1480633441": {
            "timestamp": "1480633441",
            "location": "228",
            "iam": "note",
            "text_h": "<p>as the often do, sadly</p>",
            "text_j": [
                "as the often do, sadly"
            ]
        },
        "1480633560": {
            "timestamp": "1480633560",
            "location": "261",
            "iam": "highlight",
            "text_h": "<p>a majority of European citizens (62 per cent of respondents at the EU-27 level) feel that science can sometimes damage people’s ethical sense, and 53 per cent feel that scientists are too powerful and potentially dangerous. </p>",
            "text_j": [
                "a majority of European citizens (62 per cent of respondents at the EU-27 level) feel that science can sometimes damage people’s ethical sense, and 53 per cent feel that scientists are too powerful and potentially dangerous. "
            ]
        },
        "1480633680": {
            "timestamp": "1480633680",
            "location": "262",
            "iam": "note",
            "text_h": "<p>Perhaps surprising, but it would be worth investigating both why this is the perception, as well as dive into life ethics and how they might, at very least, be kept in mind by scientists.</p>",
            "text_j": [
                "Perhaps surprising, but it would be worth investigating both why this is the perception, as well as dive into life ethics and how they might, at very least, be kept in mind by scientists."
            ]
        },
        "1480633800": {
            "timestamp": "1480633800",
            "location": "317",
            "iam": "highlight",
            "text_h": "<p>Language pervades social life; it is the main vehicle for the transmission of cultural knowledge, and the primary means by which we gain access to the content of others’ minds. Language is implicated in attitude change, social perception, personal identity, social interaction, intergroup bias and stereotyping, and so on. It is a powerful indicator of underlying cultural values and, among other things, it is a powerful tool in maintaining and reinforcing stereotypes </p>",
            "text_j": [
                "Language pervades social life; it is the main vehicle for the transmission of cultural knowledge, and the primary means by which we gain access to the content of others’ minds. Language is implicated in attitude change, social perception, personal identity, social interaction, intergroup bias and stereotyping, and so on. It is a powerful indicator of underlying cultural values and, among other things, it is a powerful tool in maintaining and reinforcing stereotypes "
            ]
        },
        "1480633860": {
            "timestamp": "1480633860",
            "location": "320",
            "iam": "note",
            "text_h": "<p>cf. \"Metaphors we live by\", George Lakoff</p>",
            "text_j": [
                "cf. \"Metaphors we live by\", George Lakoff"
            ]
        },
        "1480633980": {
            "timestamp": "1480633980",
            "location": "391",
            "iam": "highlight",
            "text_h": "<p>science is a difficult subject. </p>",
            "text_j": [
                "science is a difficult subject. "
            ]
        },
        "1480634040": {
            "timestamp": "1480634040",
            "location": "391",
            "iam": "note",
            "text_h": "<p>except that science is not a subject, profession, etc... it is a discipline and a pursuit.</p>",
            "text_j": [
                "except that science is not a subject, profession, etc... it is a discipline and a pursuit."
            ]
        },
        "1480634400": {
            "timestamp": "1480634400",
            "location": "581",
            "iam": "highlight",
            "text_h": "<p>Scientists and ordinary people are like strangers to each other: they have never met before (or very rarely), they are not able to understand each other’s language, and they are driven by different goals, values and interests. </p>",
            "text_j": [
                "Scientists and ordinary people are like strangers to each other: they have never met before (or very rarely), they are not able to understand each other’s language, and they are driven by different goals, values and interests. "
            ]
        },
        "1480634700": {
            "timestamp": "1480634700",
            "location": "583",
            "iam": "note",
            "text_h": "<p>this does not help. scientists are normal people. they have chosen  a path and have been lucky enugh to be able to follow it, through socio-economic means. if anything must be clarified it is this. before someone can understand what is being shown them, they need to know where it comes from, how it came to be. \"so, you're a scientist. how is that possible? why do i have a 9-5 job?\"</p>",
            "text_j": [
                "this does not help. scientists are normal people. they have chosen  a path and have been lucky enugh to be able to follow it, through socio-economic means. if anything must be clarified it is this. before someone can understand what is being shown them, they need to know where it comes from, how it came to be. \"so, you're a scientist. how is that possible? why do i have a 9-5 job?\""
            ]
        },
        "1480634701": {
            "timestamp": "1480634701",
            "location": "592",
            "iam": "highlight",
            "text_h": "<p>We identified three fundamental interaction characteristics that may favour the interaction between scientists and ordinary people: interaction experiences should be social, not isolating; they should touch people’ s hearts and minds; and they should offer that which cannot be found elsewhere. The first two qualities depend on the setting; the third one is related to the content of the event. </p>",
            "text_j": [
                "We identified three fundamental interaction characteristics that may favour the interaction between scientists and ordinary people: interaction experiences should be social, not isolating; they should touch people’ s hearts and minds; and they should offer that which cannot be found elsewhere. The first two qualities depend on the setting; the third one is related to the content of the event. "
            ]
        }
    },
    "annotated": true,
    "annotationcounts": {
        "highlights": 9,
        "notes": 5,
        "bookmarks": null
    },
    "colors": [
        "#333399",
        "#424153",
        "#0066CC"
    ],
    "epub_copy_name": "Turn_on_the_Light_on_Science-Antonio_Tintori.epub"
}