{
    "html": "<ul><li id=\"1\">Cover</li><li id=\"2\">Title</li><li id=\"3\">Copyright</li><li id=\"4\">Contents</li><li id=\"5\">Acknowledgements</li><li id=\"6\">Introduction</li><li id=\"7\">Chapter 1. The most common stereotypes about science and scientists: what scholars know</li><li id=\"8\">Chapter 2. How to undo stereotypes about scientists and science</li><li id=\"9\">Chapter 3. How to undo young people’s stereotypes about scientists and science</li><li id=\"10\">Chapter 4. Can people really change their opinion about scientists?</li><li id=\"11\">Did we make a difference?</li><li id=\"12\">References</li></ul>",
    "data": {
        "1": {
            "text": "Cover"
        },
        "2": {
            "text": "Title"
        },
        "3": {
            "text": "Copyright"
        },
        "4": {
            "text": "Contents"
        },
        "5": {
            "text": "Acknowledgements"
        },
        "6": {
            "text": "Introduction"
        },
        "7": {
            "text": "Chapter 1. The most common stereotypes about science and scientists: what scholars know"
        },
        "8": {
            "text": "Chapter 2. How to undo stereotypes about scientists and science"
        },
        "9": {
            "text": "Chapter 3. How to undo young people’s stereotypes about scientists and science"
        },
        "10": {
            "text": "Chapter 4. Can people really change their opinion about scientists?"
        },
        "11": {
            "text": "Did we make a difference?"
        },
        "12": {
            "text": "References"
        }
    }
}