{
    "title": "Reading With My Eyes Open",
    "subtitle": "Embracing the Critical and the Personal in Language Pedagogy",
    "series_index": 1,
    "caid": 5,
    "uuid": "f0423272-94e6-43aa-88a9-e716efdf5025",
    "isbn": "9781909188228",
    "doi": "10.5334/baj",
    "gdrds": "19157834",
    "authors": [
        {
            "name": "Gerdi Quist",
            "name_sort": "Quist, Gerdi",
            "auid": "ba01551e"
        }
    ],
    "authors_so": [
        "Quist, Gerdi"
    ],
    "authors_pp": "Gerdi Quist",
    "pub_date_ts": 1385683200,
    "add_date_ts": 1487113200,
    "lastmod_ts": 1496951674,
    "liked": false,
    "blurb_raw": "<p>Untangling the various approaches to language teaching and their history, Gerdi Quist maps recent thinking in language studies. Using an interdisciplinary theoretical framework, drawn from educational philosophy, cultural studies, intercultural studies and language pedagogy, the author discusses the many tensions and currents in contemporary language teaching. The author puts forward an alternative pedagogy, that of a cultuurtekst-perspective, which engages learners at complex linguistic and cultural levels. In discussing the case study in which this approach is tested, the author develops her argument for embracing various critical perspectives through the personal engagement of students. From the start the author acknowledges her own engaged position as a language teacher in a liberal humanistic educational environment. She adopts a self-critical perspective through which her engagement with adverse student reaction leads to deepening insights both for the author and her students as part of the non-linear process of learning. 'This book should be obligatory reading for all new lecturers in foreign languages at university. It is extremely thought-provoking and will help them make sense of the world in which they find themselves.' Jane Fenoulhet (Professor in Dutch Studies and co-editor of Mobility and Localisation in Language Learning)</p><p>**</p>",
    "uri": "http://rlp.rebus.cc/library/book/f0423272-94e6-43aa-88a9-e716efdf5025",
    "reviewed": false,
    "publisher": {
        "id": 2,
        "name": "Ubiquity Press"
    },
    "reads": "unread",
    "has_cover": 1,
    "path": "Gerdi Quist/Reading With My Eyes Open_ Embracing the Critical and the Personal in Language Pedagogy (5)",
    "filename": "Reading With My Eyes Open_ Embracing the C - Gerdi Quist",
    "tags_ds": null,
    "tags_assoc": null,
    "bundles_ds": null,
    "bundles_assoc": null,
    "stacks_ds": null,
    "stacks_assoc": null,
    "pages": 202,
    "words": 83224,
    "fre": 0,
    "fre_grey": 255,
    "annotations": null,
    "annotated": false,
    "colors": [
        "#CC6633",
        "#FF9900",
        "#660000"
    ],
    "epub_copy_name": "Reading_With_My_Eyes_Open-Gerdi_Quist.epub"
}