{
    "html": "<ul><li id=\"1\">Acknowledgements</li><li id=\"2\">Introduction</li><li id=\"3\">Chapter 1 Tensions Between the Old and the New: the Influence of Educational Ideologies on Language Learning<ul><li id=\"4\">Introduction</li><li id=\"5\">The Position of Language Teaching at University</li><li id=\"6\">Classical Liberalism Versus Instrumentalism</li><li id=\"7\">The Liberal Tradition</li><li id=\"8\">The Instrumental Paradigm</li><li id=\"9\">A Re-accentuation of Elements of the Liberal Approach</li><li id=\"10\">Problematising Intellectual Engagement</li><li id=\"11\">Conclusion</li></ul></li><li id=\"12\">Chapter 2 Culture Pedagogy: Some Theoretical Considerations<ul><li id=\"13\">Introduction</li><li id=\"14\">Teaching Culture</li><li id=\"22\">Language in Relation to Culture</li><li id=\"25\">Social and Cultural Views of Language</li></ul></li><li id=\"33\">Chapter 3 Being Intercultural Through Texts: The Student as Text Ethnographer<ul><li id=\"34\">Introduction</li><li id=\"35\">Intercultural Communication in Language Teaching</li><li id=\"43\">Texts</li></ul></li><li id=\"52\">Chapter 4 Context of Teaching and Research<ul><li id=\"53\">Introduction</li><li id=\"54\">Background to the Study</li><li id=\"55\">Research Challenge</li><li id=\"56\">Methodology and Messiness</li><li id=\"57\">The Concepts which Informed the Study</li><li id=\"58\">Distinctiveness of the Course</li><li id=\"59\">Overview of the syllabus</li><li id=\"60\">The Lessons</li><li id=\"61\">Framework and How it Relates to the Two Classes</li><li id=\"62\">English translation of framework</li><li id=\"63\">The Text and my Analysis</li><li id=\"64\">Dutch Articulation</li><li id=\"65\">Using the Framework in the Classroom</li><li id=\"66\">The Students</li><li id=\"67\">Conclusion</li></ul></li><li id=\"68\">Chapter 5 Tensions in the Classroom<ul><li id=\"69\">Introduction</li><li id=\"70\">Lesson 1: Text as ‘Text’</li><li id=\"76\">Lesson 2: Cultuurtekst</li></ul></li><li id=\"83\">Chapter 6 Conclusion: Embracing Tensions<ul><li id=\"84\">Introduction</li><li id=\"85\">The Student Interviews</li><li id=\"86\">The Research Findings</li></ul></li><li id=\"94\">Bibliography</li><li id=\"95\">Appendix</li></ul>",
    "data": {
        "1": {
            "text": "Acknowledgements"
        },
        "2": {
            "text": "Introduction"
        },
        "3": {
            "text": "Chapter 1 Tensions Between the Old and the New: the Influence of Educational Ideologies on Language Learning",
            "4": {
                "text": "Introduction"
            },
            "5": {
                "text": "The Position of Language Teaching at University"
            },
            "6": {
                "text": "Classical Liberalism Versus Instrumentalism"
            },
            "7": {
                "text": "The Liberal Tradition"
            },
            "8": {
                "text": "The Instrumental Paradigm"
            },
            "9": {
                "text": "A Re-accentuation of Elements of the Liberal Approach"
            },
            "10": {
                "text": "Problematising Intellectual Engagement"
            },
            "11": {
                "text": "Conclusion"
            }
        },
        "12": {
            "text": "Chapter 2 Culture Pedagogy: Some Theoretical Considerations",
            "13": {
                "text": "Introduction"
            },
            "14": {
                "text": "Teaching Culture"
            },
            "22": {
                "text": "Language in Relation to Culture"
            },
            "25": {
                "text": "Social and Cultural Views of Language"
            }
        },
        "33": {
            "text": "Chapter 3 Being Intercultural Through Texts: The Student as Text Ethnographer",
            "34": {
                "text": "Introduction"
            },
            "35": {
                "text": "Intercultural Communication in Language Teaching"
            },
            "43": {
                "text": "Texts"
            }
        },
        "52": {
            "text": "Chapter 4 Context of Teaching and Research",
            "53": {
                "text": "Introduction"
            },
            "54": {
                "text": "Background to the Study"
            },
            "55": {
                "text": "Research Challenge"
            },
            "56": {
                "text": "Methodology and Messiness"
            },
            "57": {
                "text": "The Concepts which Informed the Study"
            },
            "58": {
                "text": "Distinctiveness of the Course"
            },
            "59": {
                "text": "Overview of the syllabus"
            },
            "60": {
                "text": "The Lessons"
            },
            "61": {
                "text": "Framework and How it Relates to the Two Classes"
            },
            "62": {
                "text": "English translation of framework"
            },
            "63": {
                "text": "The Text and my Analysis"
            },
            "64": {
                "text": "Dutch Articulation"
            },
            "65": {
                "text": "Using the Framework in the Classroom"
            },
            "66": {
                "text": "The Students"
            },
            "67": {
                "text": "Conclusion"
            }
        },
        "68": {
            "text": "Chapter 5 Tensions in the Classroom",
            "69": {
                "text": "Introduction"
            },
            "70": {
                "text": "Lesson 1: Text as ‘Text’"
            },
            "76": {
                "text": "Lesson 2: Cultuurtekst"
            }
        },
        "83": {
            "text": "Chapter 6 Conclusion: Embracing Tensions",
            "84": {
                "text": "Introduction"
            },
            "85": {
                "text": "The Student Interviews"
            },
            "86": {
                "text": "The Research Findings"
            }
        },
        "94": {
            "text": "Bibliography"
        },
        "95": {
            "text": "Appendix"
        }
    }
}