{
    "title": "Hokum!",
    "subtitle": "The Early Sound Slapstick Short and Depression-Era Mass Culture",
    "series_index": 1,
    "caid": 42,
    "uuid": "7cca92ce-8ab4-43ed-ad39-9354f3a8d0fc",
    "isbn": "9780520288119",
    "doi": "10.1525/luminos.28",
    "gdrds": "32714158",
    "authors": [
        {
            "name": "Rob King",
            "name_sort": "King, Rob",
            "auid": "a58dfc43"
        }
    ],
    "authors_so": [
        "King, Rob"
    ],
    "authors_pp": "Rob King",
    "pub_date_ts": 1491523200,
    "add_date_ts": 1489532400,
    "lastmod_ts": 1496951597,
    "liked": false,
    "blurb_raw": "<p>A free ebook version of this title is available through&nbsp;Luminos, University of California Press’s Open Access publishing program. Visit&nbsp;www.luminosoa.org&nbsp;to learn more.<br><br><em>Hokum!</em> is the first book to take a comprehensive view of short-subject slapstick comedy in the early sound era. Challenging the received wisdom that sound destroyed the slapstick tradition, author Rob King explores the slapstick short’s Depression-era development against a backdrop of changes in film industry practice, comedic tastes, and moviegoing culture. Each chapter is grounded in case studies of comedians and comic teams, including the Three Stooges, Laurel and Hardy, and Robert Benchley. The book also examines how the past legacy of silent-era slapstick was subsequently reimagined as part of a nostalgic mythology of Hollywood’s youth.</p><p>**</p>",
    "uri": "http://rlp.rebus.cc/library/book/7cca92ce-8ab4-43ed-ad39-9354f3a8d0fc",
    "reviewed": false,
    "publisher": {
        "id": 1,
        "name": "University of California Press"
    },
    "reads": "unread",
    "has_cover": 1,
    "path": "Rob King/Hokum!_ The Early Sound Slapstick Short and Depression-Era Mass Culture (42)",
    "filename": "Hokum!_ The Early Sound Slapstick Short an - Rob King",
    "tags_ds": "Social science, Performing Arts, Film, History & Criticism, Comedy, Popular Culture",
    "tags_assoc": {
        "54": "Social science",
        "149": "Performing Arts",
        "150": "Film",
        "194": "History & Criticism",
        "195": "Comedy",
        "196": "Popular Culture"
    },
    "bundles_ds": null,
    "bundles_assoc": null,
    "stacks_ds": null,
    "stacks_assoc": null,
    "pages": 272,
    "words": 121451,
    "fre": 58,
    "fre_grey": 107.1,
    "annotations": null,
    "annotated": false,
    "colors": [
        "#999999",
        "#F5DD01",
        "#CCCCCC"
    ],
    "epub_copy_name": "Hokum-Rob_King.epub"
}