{
    "html": "<ul><li id=\"1\">Cover</li><li id=\"2\">Half Title</li><li id=\"3\">Title Page</li><li id=\"4\">Copyright</li><li id=\"5\">Dedication</li><li id=\"6\">Table of Contents</li><li id=\"7\">List of Illustrations and Audiovisual Media</li><li id=\"8\">Acknowledgments</li><li id=\"9\">Introduction</li><li id=\"10\">PART I. CONTEXTS<ul><li id=\"11\">1.  “The Cuckoo School”: Humor and Metropolitan Culture in 1920s America</li><li id=\"12\">2. “The Stigma of Slapstick”: The Short-Subject Industry and Its Imagined Public</li></ul></li><li id=\"13\">PART II. CASE HISTORIES<ul><li id=\"14\">3.  “The Spice of the Program”: Educational Pictures and the Small-Town Audience</li><li id=\"15\">4. “I Want Music Everywhere”: Music, Operetta, and Cultural Hierarchy at the Hal Roach Studios</li><li id=\"16\">5.  “From the Archives of Keystone Memory”: Slapstick and Re-membrance at Columbia Pictures’ Short-Subjects Department</li></ul></li><li id=\"17\">Coda: When Comedy Was King</li><li id=\"18\">List of Abbreviations</li><li id=\"19\">Notes</li></ul>",
    "data": {
        "1": {
            "text": "Cover"
        },
        "2": {
            "text": "Half Title"
        },
        "3": {
            "text": "Title Page"
        },
        "4": {
            "text": "Copyright"
        },
        "5": {
            "text": "Dedication"
        },
        "6": {
            "text": "Table of Contents"
        },
        "7": {
            "text": "List of Illustrations and Audiovisual Media"
        },
        "8": {
            "text": "Acknowledgments"
        },
        "9": {
            "text": "Introduction"
        },
        "10": {
            "text": "PART I. CONTEXTS",
            "11": {
                "text": "1.  “The Cuckoo School”: Humor and Metropolitan Culture in 1920s America"
            },
            "12": {
                "text": "2. “The Stigma of Slapstick”: The Short-Subject Industry and Its Imagined Public"
            }
        },
        "13": {
            "text": "PART II. CASE HISTORIES",
            "14": {
                "text": "3.  “The Spice of the Program”: Educational Pictures and the Small-Town Audience"
            },
            "15": {
                "text": "4. “I Want Music Everywhere”: Music, Operetta, and Cultural Hierarchy at the Hal Roach Studios"
            },
            "16": {
                "text": "5.  “From the Archives of Keystone Memory”: Slapstick and Re-membrance at Columbia Pictures’ Short-Subjects Department"
            }
        },
        "17": {
            "text": "Coda: When Comedy Was King"
        },
        "18": {
            "text": "List of Abbreviations"
        },
        "19": {
            "text": "Notes"
        }
    }
}