{
    "all": {
        "#0066CC": {
            "16": 16,
            "19": 19,
            "25": 25,
            "28": 28,
            "30": 30,
            "35": 35
        },
        "#0099CC": {
            "8": 8,
            "21": 21
        },
        "#333399": {
            "19": 19,
            "21": 21,
            "30": 30,
            "44": 44
        },
        "#336600": {
            "11": 11,
            "23": 23,
            "43": 43
        },
        "#424153": {
            "1": 1,
            "4": 4,
            "7": 7,
            "8": 8,
            "9": 9,
            "10": 10,
            "12": 12,
            "14": 14,
            "18": 18,
            "19": 19,
            "20": 20,
            "24": 24,
            "25": 25,
            "26": 26,
            "27": 27,
            "31": 31,
            "33": 33,
            "39": 39,
            "40": 40,
            "43": 43,
            "44": 44,
            "45": 45,
            "46": 46
        },
        "#660000": {
            "5": 5
        },
        "#663300": {
            "15": 15,
            "34": 34,
            "49": 49
        },
        "#666600": {
            "23": 23
        },
        "#669900": {
            "6": 6,
            "11": 11
        },
        "#66CCCC": {
            "13": 13
        },
        "#77CC33": {
            "11": 11
        },
        "#990000": {
            "44": 44
        },
        "#996633": {
            "2": 2,
            "7": 7,
            "9": 9,
            "15": 15,
            "20": 20,
            "32": 32,
            "36": 36,
            "38": 38,
            "43": 43,
            "49": 49
        },
        "#999900": {
            "2": 2,
            "6": 6
        },
        "#999999": {
            "1": 1,
            "3": 3,
            "4": 4,
            "9": 9,
            "12": 12,
            "23": 23,
            "26": 26,
            "27": 27,
            "31": 31,
            "33": 33,
            "36": 36,
            "39": 39,
            "42": 42,
            "45": 45,
            "46": 46,
            "47": 47,
            "48": 48
        },
        "#ABBCDA": {
            "3": 3,
            "8": 8,
            "17": 17,
            "25": 25,
            "26": 26,
            "33": 33,
            "45": 45,
            "47": 47,
            "48": 48
        },
        "#CC0000": {
            "1": 1,
            "18": 18
        },
        "#CC3333": {
            "49": 49
        },
        "#CC6633": {
            "5": 5,
            "29": 29,
            "36": 36,
            "37": 37
        },
        "#CCCC33": {
            "34": 34
        },
        "#CCCCCC": {
            "4": 4,
            "6": 6,
            "21": 21,
            "27": 27,
            "31": 31,
            "39": 39,
            "40": 40,
            "41": 41,
            "42": 42,
            "46": 46,
            "47": 47,
            "48": 48,
            "50": 50
        },
        "#E7D8B1": {
            "15": 15,
            "18": 18,
            "20": 20,
            "22": 22,
            "29": 29,
            "32": 32,
            "34": 34,
            "41": 41
        },
        "#EA4C88": {
            "50": 50
        },
        "#F5DD01": {
            "24": 24,
            "35": 35,
            "38": 38,
            "42": 42
        },
        "#FDADC7": {
            "30": 30,
            "50": 50
        },
        "#FF6600": {
            "35": 35
        },
        "#FF9900": {
            "5": 5,
            "29": 29,
            "32": 32,
            "37": 37
        },
        "#FFCC33": {
            "2": 2,
            "12": 12,
            "28": 28,
            "37": 37,
            "38": 38
        },
        "#FFFF00": {
            "24": 24
        },
        "#cccccc": {
            "10": 10,
            "13": 13,
            "14": 14,
            "16": 16,
            "17": 17,
            "22": 22
        },
        "#e6e6e6": {
            "3": 3,
            "7": 7,
            "10": 10,
            "13": 13,
            "14": 14,
            "16": 16,
            "17": 17,
            "22": 22,
            "28": 28,
            "40": 40,
            "41": 41
        }
    },
    "primary": {
        "#0066CC": {
            "16": 16,
            "28": 28,
            "30": 30
        },
        "#0099CC": {
            "21": 21
        },
        "#333399": {
            "19": 19,
            "44": 44
        },
        "#336600": {
            "11": 11,
            "23": 23,
            "43": 43
        },
        "#424153": {
            "1": 1,
            "4": 4,
            "7": 7,
            "10": 10,
            "12": 12,
            "14": 14,
            "20": 20,
            "25": 25,
            "27": 27,
            "31": 31,
            "33": 33,
            "45": 45,
            "46": 46
        },
        "#663300": {
            "34": 34
        },
        "#66CCCC": {
            "13": 13
        },
        "#996633": {
            "15": 15,
            "49": 49
        },
        "#999999": {
            "9": 9,
            "26": 26,
            "36": 36,
            "39": 39,
            "42": 42
        },
        "#ABBCDA": {
            "3": 3,
            "8": 8,
            "17": 17,
            "47": 47,
            "48": 48
        },
        "#CC6633": {
            "5": 5
        },
        "#CCCCCC": {
            "6": 6,
            "40": 40
        },
        "#E7D8B1": {
            "18": 18,
            "22": 22,
            "32": 32,
            "41": 41
        },
        "#EA4C88": {
            "50": 50
        },
        "#F5DD01": {
            "24": 24
        },
        "#FF6600": {
            "35": 35
        },
        "#FF9900": {
            "29": 29
        },
        "#FFCC33": {
            "2": 2,
            "37": 37,
            "38": 38
        }
    }
}