{"time":{"1480683060":{"book":{"11":"highlight"}},"1480683061":{"book":{"11":"note"}},"1480683120":{"book":{"11":"highlight"}},"1480683300":{"book":{"11":"note"}},"1480643100":{"book":{"11":"highlight"}},"1480643101":{"book":{"11":"note"}},"1480643340":{"book":{"11":"highlight"}},"1480643400":{"book":{"11":"note"}},"1480643522":{"book":{"11":"highlight"}},"1480643523":{"book":{"11":"note"}},"1480643520":{"book":{"11":"highlight"}},"1480643521":{"book":{"11":"note"}},"1480657740":{"book":{"11":"highlight"}},"1480657800":{"book":{"11":"note"}},"1480657860":{"book":{"11":"highlight"}},"1480657861":{"book":{"11":"note"}},"1480657980":{"book":{"11":"highlight"}},"1480658220":{"book":{"11":"note"}},"1480633320":{"book":{"19":"highlight"}},"1480633321":{"book":{"19":"highlight"}},"1480633380":{"book":{"19":"highlight"}},"1480633440":{"book":{"19":"highlight"}},"1480633441":{"book":{"19":"note"}},"1480633560":{"book":{"19":"highlight"}},"1480633680":{"book":{"19":"note"}},"1480633800":{"book":{"19":"highlight"}},"1480633860":{"book":{"19":"note"}},"1480633980":{"book":{"19":"highlight"}},"1480634040":{"book":{"19":"note"}},"1480634400":{"book":{"19":"highlight"}},"1480634700":{"book":{"19":"note"}},"1480634701":{"book":{"19":"highlight"}},"1480634940":{"book":{"20":"highlight"}},"1480634941":{"book":{"20":"note"}},"1480635000":{"book":{"20":"highlight"}},"1480635060":{"book":{"20":"note"}},"1480635061":{"book":{"20":"highlight"}},"1480635180":{"book":{"20":"highlight"}},"1480635181":{"book":{"20":"note"}},"1480659420":{"book":{"26":"highlight"}},"1480774380":{"book":{"26":"highlight"}},"1480774440":{"book":{"26":"highlight"}},"1480774800":{"book":{"26":"highlight"}},"1480774860":{"book":{"26":"highlight"}},"1480775220":{"book":{"26":"highlight"}},"1480775280":{"book":{"26":"note"}},"1480834560":{"book":{"27":"highlight"}},"1497196500":{"book":{"27":"highlight"}},"1480806060":{"book":{"34":"highlight"}},"1480806180":{"book":{"34":"highlight"}},"1480806300":{"book":{"34":"highlight"}},"1480806301":{"book":{"34":"note"}},"1480808460":{"book":{"34":"highlight"}},"1480808520":{"book":{"34":"note"}},"1480830780":{"book":{"34":"highlight"}},"1480809060":{"book":{"34":"highlight"}},"1480809061":{"book":{"34":"note"}},"1480809120":{"book":{"34":"highlight"}},"1480833000":{"book":{"34":"highlight"}},"1480833060":{"book":{"34":"highlight"}},"1480833360":{"book":{"34":"highlight"}},"1480833361":{"book":{"34":"note"}}}}