{
    "added": {
        "by_date": {
            "ts": {
                "1489532400": 50,
                "1488409200": 18,
                "1487631600": 12,
                "1487113200": 46,
                "1484521200": 37,
                "1481756400": 26
            },
            "ymd": {
                "2017": {
                    "03": {
                        "14": {
                            "50": 50,
                            "49": 49,
                            "48": 48,
                            "47": 47,
                            "45": 45,
                            "44": 44,
                            "43": 43,
                            "42": 42
                        },
                        "01": {
                            "18": 18,
                            "17": 17,
                            "16": 16,
                            "15": 15,
                            "14": 14,
                            "13": 13,
                            "11": 11,
                            "10": 10
                        }
                    },
                    "02": {
                        "20": {
                            "12": 12,
                            "9": 9,
                            "8": 8,
                            "7": 7,
                            "6": 6
                        },
                        "14": {
                            "46": 46,
                            "41": 41,
                            "40": 40,
                            "39": 39,
                            "38": 38,
                            "36": 36,
                            "35": 35,
                            "34": 34,
                            "5": 5,
                            "4": 4,
                            "3": 3,
                            "2": 2,
                            "1": 1
                        }
                    },
                    "01": {
                        "15": {
                            "37": 37,
                            "33": 33,
                            "32": 32,
                            "31": 31,
                            "30": 30,
                            "29": 29,
                            "28": 28,
                            "27": 27
                        }
                    }
                },
                "2016": {
                    "12": {
                        "14": {
                            "26": 26,
                            "25": 25,
                            "24": 24,
                            "23": 23,
                            "22": 22,
                            "21": 21,
                            "20": 20,
                            "19": 19
                        }
                    }
                }
            },
            "y-m": {
                "2017-03": {
                    "50": 50,
                    "49": 49,
                    "48": 48,
                    "47": 47,
                    "45": 45,
                    "44": 44,
                    "43": 43,
                    "42": 42,
                    "18": 18,
                    "17": 17,
                    "16": 16,
                    "15": 15,
                    "14": 14,
                    "13": 13,
                    "11": 11,
                    "10": 10
                },
                "2017-02": {
                    "46": 46,
                    "41": 41,
                    "40": 40,
                    "39": 39,
                    "38": 38,
                    "36": 36,
                    "35": 35,
                    "34": 34,
                    "12": 12,
                    "9": 9,
                    "8": 8,
                    "7": 7,
                    "6": 6,
                    "5": 5,
                    "4": 4,
                    "3": 3,
                    "2": 2,
                    "1": 1
                },
                "2017-01": {
                    "37": 37,
                    "33": 33,
                    "32": 32,
                    "31": 31,
                    "30": 30,
                    "29": 29,
                    "28": 28,
                    "27": 27
                },
                "2016-12": {
                    "26": 26,
                    "25": 25,
                    "24": 24,
                    "23": 23,
                    "22": 22,
                    "21": 21,
                    "20": 20,
                    "19": 19
                }
            }
        }
    },
    "start": {
        "by_date": {
            "ts": null,
            "ymd": null,
            "y-m": null
        }
    },
    "finis": {
        "by_date": {
            "ts": null,
            "ymd": null,
            "y-m": null
        }
    }
}