{
    "2": {
        "label": "Technology & Politics",
        "books": {
            "4": "7cf6b0cb-6053-4621-9b56-038ac8abe695",
            "7": "5d8f8675-fa4b-4abb-8984-926fab44724f",
            "17": "2adce89b-70f1-4bc8-baa9-6cd5afbee1de",
            "20": "526865f3-d0d9-4ffa-a6f9-7d93a50600da",
            "39": "af065a21-0133-4ca0-87e7-886f5abb1586",
            "40": "8c9b5e7f-094c-42b6-8507-93e4e84a9eaa"
        },
        "count": 6
    },
    "1": {
        "label": "Cultural Politics 101",
        "books": {
            "9": "1d464883-e282-4e18-82a9-21c0aaea6138",
            "37": "43580f09-ed1c-4cf4-8e89-c295c0321ee4",
            "38": "f81121d5-c569-4377-9737-62575514d611",
            "45": "24b8a93f-af5d-4507-b20d-aa1155bdbcc8",
            "49": "b338bf97-d0cc-4927-aaa4-54a0a941657e"
        },
        "count": 5
    },
    "6": {
        "label": "Open Science",
        "books": {
            "11": "ff3e5df6-7671-4d21-9508-77c9aee0223e",
            "19": "4aed8001-8004-4fb2-92f5-fd240e976e27",
            "20": "526865f3-d0d9-4ffa-a6f9-7d93a50600da",
            "21": "4c41d691-41c5-4bf7-b15b-fd08afc701d6"
        },
        "count": 4
    },
    "4": {
        "label": "New Hollywood",
        "books": {
            "26": "9f8a6c93-5aa6-419e-841d-92821fe4318b",
            "27": "746a5666-40d4-4d34-a543-f923652bb2b9",
            "34": "92e4764f-eb9b-4c7c-999e-b50ee8d9f3be"
        },
        "count": 3
    },
    "5": {
        "label": "Informal Economies",
        "books": {
            "26": "9f8a6c93-5aa6-419e-841d-92821fe4318b",
            "36": "0b36e81f-bbb0-4bed-aaea-b3ba098017ad"
        },
        "count": 2
    },
    "3": {
        "label": "East Asian Studies Class",
        "books": {
            "31": "1e28b8f2-df4a-4b1e-8cf1-f47068c9c1cf",
            "46": "a97da110-2846-46b5-b40a-c739557184e5"
        },
        "count": 2
    }
}