{"author":{"15610ae2":{"name":"Vyron Antoniou","name_sort":"Antoniou, Vyron","books":{"17":17},"count":1},"02edc45c":{"name":"Kay W. Axhausen","name_sort":"Axhausen, Kay W.","books":{"16":16},"count":1},"3fb38f72":{"name":"Thomas F. Babor","name_sort":"Babor, Thomas F.","books":{"21":21},"count":1},"45bb3ea8":{"name":"Matt Bakker","name_sort":"Bakker, Matt","books":{"36":36},"count":1},"488d2dfa":{"name":"Chris Benner","name_sort":"Benner, Chris","books":{"48":48},"count":1},"573fa874":{"name":"Robert Biswas-Diener","name_sort":"Biswas-Diener, Robert","books":{"20":20},"count":1},"aadf65e5":{"name":"Gabriel Bodard","name_sort":"Bodard, Gabriel","books":{"7":7},"count":1},"e12024f3":{"name":"Alan Bryden","name_sort":"Bryden, Alan","books":{"10":10,"14":14},"count":2},"1f0e9a14":{"name":"Paul Candon","name_sort":"Candon, Paul","books":{"21":21},"count":1},"db4abbd0":{"name":"Cristina Capineri","name_sort":"Capineri, Cristina","books":{"17":17},"count":1},"4a25d50f":{"name":"E. Summerson Carr","name_sort":"Carr, E. Summerson","books":{"39":39},"count":1},"0bd76723":{"name":"Andrew Casson","name_sort":"Casson, Andrew","books":{"13":13},"count":1},"08522127":{"name":"Fairlie Chappuis","name_sort":"Chappuis, Fairlie","books":{"10":10,"14":14},"count":2},"d3ef5fcb":{"name":"Michael Curtin","name_sort":"Curtin, Michael","books":{"27":27,"34":34},"count":2},"bc340214":{"name":"Jan Deckers","name_sort":"Deckers, Jan","books":{"1":1},"count":1},"ef44ee19":{"name":"William Deverell","name_sort":"Deverell, William","books":{"33":33},"count":1},"c94e2cd6":{"name":"George E. Dutton","name_sort":"Dutton, George E.","books":{"31":31},"count":1},"e603068c":{"name":"Elaine M. Fisher","name_sort":"Fisher, Elaine M.","books":{"43":43},"count":1},"3add3fca":{"name":"Katharina Galor","name_sort":"Galor, Katharina","books":{"45":45},"count":1},"de93ac9c":{"name":"Shannon Gleeson","name_sort":"Gleeson, Shannon","books":{"35":35},"count":1},"6c0da707":{"name":"Nile Green","name_sort":"Green, Nile","books":{"23":23},"count":1},"24c7cd9b":{"name":"Keith Guzik","name_sort":"Guzik, Keith","books":{"40":40},"count":1},"310b3c56":{"name":"Sandy Brian Hager","name_sort":"Hager, Sandy Brian","books":{"30":30},"count":1},"343efa78":{"name":"Mordechai Haklay","name_sort":"Haklay, Mordechai","books":{"17":17},"count":1},"40072230":{"name":"Erik Harms","name_sort":"Harms, Erik","books":{"47":47},"count":1},"c218c874":{"name":"Elaine Holt","name_sort":"Holt, Elaine","books":{"24":24},"count":1},"4b9495dd":{"name":"Andreas Horni","name_sort":"Horni, Andreas","books":{"16":16},"count":1},"013a2353":{"name":"Haosheng Huang","name_sort":"Huang, Haosheng","books":{"17":17},"count":1},"e1f3ea93":{"name":"K Neil Jenkings","name_sort":"Jenkings, K Neil","books":{"8":8},"count":1},"f07c258a":{"name":"Rajiv S. Jhangiani","name_sort":"Jhangiani, Rajiv S.","books":{"20":20},"count":1},"f1d53b9b":{"name":"Suzanne Kapelari","name_sort":"Kapelari, Suzanne","books":{"6":6},"count":1},"4e680948":{"name":"J Kerman","name_sort":"Kerman, J","books":{"22":22},"count":1},"e9852e29":{"name":"Juhani Kettunen","name_sort":"Kettunen, Juhani","books":{"17":17},"count":1},"bb620c17":{"name":"Lori Khatchadourian","name_sort":"Khatchadourian, Lori","books":{"49":49},"count":1},"a58dfc43":{"name":"Rob King","name_sort":"King, Rob","books":{"42":42},"count":1},"4ad1b7af":{"name":"Rajeev Kinra","name_sort":"Kinra, Rajeev","books":{"32":32},"count":1},"4b2b679c":{"name":"Christopher Kutz","name_sort":"Kutz, Christopher","books":{"24":24},"count":1},"98e2c241":{"name":"Michael Lempert","name_sort":"Lempert, Michael","books":{"39":39},"count":1},"03108de7":{"name":"Simon Marginson","name_sort":"Marginson, Simon","books":{"28":28},"count":1},"fff57efe":{"name":"Akira Matsuda","name_sort":"Matsuda, Akira","books":{"18":18},"count":1},"473e3452":{"name":"Vicki Mayer","name_sort":"Mayer, Vicki","books":{"26":26},"count":1},"c9ecde7b":{"name":"Luisa Elena Mengoni","name_sort":"Mengoni, Luisa Elena","books":{"18":18},"count":1},"65c3e98c":{"name":"Marie Mercat-Bruns","name_sort":"Mercat-Bruns, Marie","books":{"24":24},"count":1},"b5342385":{"name":"Michal Miovský","name_sort":"Miovský, Michal","books":{"21":21},"count":1},"09875489":{"name":"Samuel A. Moore","name_sort":"Moore, Samuel A.","books":{"11":11},"count":1},"0da03469":{"name":"Roger Moseley","name_sort":"Moseley, Roger","books":{"44":44},"count":1},"76eb5911":{"name":"Kai Nagel","name_sort":"Nagel, Kai","books":{"16":16},"count":1},"748ef982":{"name":"Frank Ostermann","name_sort":"Ostermann, Frank","books":{"17":17},"count":1},"6ef67d65":{"name":"Jean O’Reilly","name_sort":"O’Reilly, Jean","books":{"21":21},"count":1},"a24504af":{"name":"Rossella Palomba","name_sort":"Palomba, Rossella","books":{"19":19},"count":1},"380616e7":{"name":"Manuel Pastor","name_sort":"Pastor, Manuel","books":{"48":48},"count":1},"93ededa8":{"name":"Richard Pates","name_sort":"Pates, Richard","books":{"21":21},"count":1},"c7b8178b":{"name":"Thomas Patteson","name_sort":"Patteson, Thomas","books":{"41":41},"count":1},"b0d1bc7c":{"name":"Pablo de Pedraza","name_sort":"Pedraza, Pablo de","books":{"12":12},"count":1},"9d80ea1c":{"name":"J. D. Y. Peel","name_sort":"Peel, J. D. Y.","books":{"25":25},"count":1},"5a87b395":{"name":"Robert Pinter","name_sort":"Pinter, Robert","books":{"12":12},"count":1},"83468fcc":{"name":"Kathryn E. Piquette","name_sort":"Piquette, Kathryn E.","books":{"15":15},"count":1},"33df06c7":{"name":"Nancy Postero","name_sort":"Postero, Nancy","books":{"50":50},"count":1},"d8e12a2a":{"name":"Ioannis Poulios","name_sort":"Poulios, Ioannis","books":{"9":9},"count":1},"68fd72ea":{"name":"Ross Purves","name_sort":"Purves, Ross","books":{"17":17},"count":1},"ba01551e":{"name":"Gerdi Quist","name_sort":"Quist, Gerdi","books":{"5":5},"count":1},"5f14e084":{"name":"Matteo Romanello","name_sort":"Romanello, Matteo","books":{"7":7},"count":1},"a336a937":{"name":"Kevin Sanson","name_sort":"Sanson, Kevin","books":{"27":27,"34":34},"count":2},"d3478bba":{"name":"S Sarbadhikary","name_sort":"Sarbadhikary, S","books":{"37":37},"count":1},"3d567cf8":{"name":"J Savelsberg","name_sort":"Savelsberg, J","books":{"29":29},"count":1},"c7c89057":{"name":"Tom Sitton","name_sort":"Sitton, Tom","books":{"33":33},"count":1},"4b00019b":{"name":"Kerstin Stenius","name_sort":"Stenius, Kerstin","books":{"21":21},"count":1},"80274438":{"name":"Valerie Stoker","name_sort":"Stoker, Valerie","books":{"38":38},"count":1},"5e38eabb":{"name":"Antonio Tintori","name_sort":"Tintori, Antonio","books":{"19":19},"count":1},"0e5e059d":{"name":"Daniele Toninelli","name_sort":"Toninelli, Daniele","books":{"12":12},"count":1},"6a4c6607":{"name":"Jeff Waage","name_sort":"Waage, Jeff","books":{"3":3},"count":1},"8cfe30d4":{"name":"Martin Weller","name_sort":"Weller, Martin","books":{"2":2},"count":1},"01424770":{"name":"Ruth D. Whitehouse","name_sort":"Whitehouse, Ruth D.","books":{"15":15},"count":1},"9a8403ef":{"name":"Alison J Williams","name_sort":"Williams, Alison J","books":{"8":8},"count":1},"9b7dff96":{"name":"Hazel Woodward","name_sort":"Woodward, Hazel","books":{"4":4},"count":1},"72ece67c":{"name":"Rachel Woodward","name_sort":"Woodward, Rachel","books":{"8":8},"count":1},"da602f3f":{"name":"Travis Workman","name_sort":"Workman, Travis","books":{"46":46},"count":1},"32821b88":{"name":"Christopher Yap","name_sort":"Yap, Christopher","books":{"3":3},"count":1}}}