{
    "Antoniou, Vyron": {
        "17": 17
    },
    "Axhausen, Kay W.": {
        "16": 16
    },
    "Babor, Thomas F.": {
        "21": 21
    },
    "Bakker, Matt": {
        "36": 36
    },
    "Benner, Chris": {
        "48": 48
    },
    "Biswas-Diener, Robert": {
        "20": 20
    },
    "Bodard, Gabriel": {
        "7": 7
    },
    "Bryden, Alan": {
        "10": 10,
        "14": 14
    },
    "Candon, Paul": {
        "21": 21
    },
    "Capineri, Cristina": {
        "17": 17
    },
    "Carr, E. Summerson": {
        "39": 39
    },
    "Casson, Andrew": {
        "13": 13
    },
    "Chappuis, Fairlie": {
        "10": 10,
        "14": 14
    },
    "Curtin, Michael": {
        "27": 27,
        "34": 34
    },
    "Deckers, Jan": {
        "1": 1
    },
    "Deverell, William": {
        "33": 33
    },
    "Dutton, George E.": {
        "31": 31
    },
    "Fisher, Elaine M.": {
        "43": 43
    },
    "Galor, Katharina": {
        "45": 45
    },
    "Gleeson, Shannon": {
        "35": 35
    },
    "Green, Nile": {
        "23": 23
    },
    "Guzik, Keith": {
        "40": 40
    },
    "Hager, Sandy Brian": {
        "30": 30
    },
    "Haklay, Mordechai": {
        "17": 17
    },
    "Harms, Erik": {
        "47": 47
    },
    "Holt, Elaine": {
        "24": 24
    },
    "Horni, Andreas": {
        "16": 16
    },
    "Huang, Haosheng": {
        "17": 17
    },
    "Jenkings, K Neil": {
        "8": 8
    },
    "Jhangiani, Rajiv S.": {
        "20": 20
    },
    "Kapelari, Suzanne": {
        "6": 6
    },
    "Kerman, J": {
        "22": 22
    },
    "Kettunen, Juhani": {
        "17": 17
    },
    "Khatchadourian, Lori": {
        "49": 49
    },
    "King, Rob": {
        "42": 42
    },
    "Kinra, Rajeev": {
        "32": 32
    },
    "Kutz, Christopher": {
        "24": 24
    },
    "Lempert, Michael": {
        "39": 39
    },
    "Marginson, Simon": {
        "28": 28
    },
    "Matsuda, Akira": {
        "18": 18
    },
    "Mayer, Vicki": {
        "26": 26
    },
    "Mengoni, Luisa Elena": {
        "18": 18
    },
    "Mercat-Bruns, Marie": {
        "24": 24
    },
    "Miovský, Michal": {
        "21": 21
    },
    "Moore, Samuel A.": {
        "11": 11
    },
    "Moseley, Roger": {
        "44": 44
    },
    "Nagel, Kai": {
        "16": 16
    },
    "Ostermann, Frank": {
        "17": 17
    },
    "O’Reilly, Jean": {
        "21": 21
    },
    "Palomba, Rossella": {
        "19": 19
    },
    "Pastor, Manuel": {
        "48": 48
    },
    "Pates, Richard": {
        "21": 21
    },
    "Patteson, Thomas": {
        "41": 41
    },
    "Pedraza, Pablo de": {
        "12": 12
    },
    "Peel, J. D. Y.": {
        "25": 25
    },
    "Pinter, Robert": {
        "12": 12
    },
    "Piquette, Kathryn E.": {
        "15": 15
    },
    "Postero, Nancy": {
        "50": 50
    },
    "Poulios, Ioannis": {
        "9": 9
    },
    "Purves, Ross": {
        "17": 17
    },
    "Quist, Gerdi": {
        "5": 5
    },
    "Romanello, Matteo": {
        "7": 7
    },
    "Sanson, Kevin": {
        "27": 27,
        "34": 34
    },
    "Sarbadhikary, S": {
        "37": 37
    },
    "Savelsberg, J": {
        "29": 29
    },
    "Sitton, Tom": {
        "33": 33
    },
    "Stenius, Kerstin": {
        "21": 21
    },
    "Stoker, Valerie": {
        "38": 38
    },
    "Tintori, Antonio": {
        "19": 19
    },
    "Toninelli, Daniele": {
        "12": 12
    },
    "Waage, Jeff": {
        "3": 3
    },
    "Weller, Martin": {
        "2": 2
    },
    "Whitehouse, Ruth D.": {
        "15": 15
    },
    "Williams, Alison J": {
        "8": 8
    },
    "Woodward, Hazel": {
        "4": 4
    },
    "Woodward, Rachel": {
        "8": 8
    },
    "Workman, Travis": {
        "46": 46
    },
    "Yap, Christopher": {
        "3": 3
    }
}