{
    "type": {
        "highlights": {
            "time": {
                "1480683060": 11,
                "1480683120": 11,
                "1480643100": 11,
                "1480643340": 11,
                "1480643522": 11,
                "1480643520": 11,
                "1480657740": 11,
                "1480657860": 11,
                "1480657980": 11,
                "1480633320": 19,
                "1480633321": 19,
                "1480633380": 19,
                "1480633440": 19,
                "1480633560": 19,
                "1480633800": 19,
                "1480633980": 19,
                "1480634400": 19,
                "1480634701": 19,
                "1480634940": 20,
                "1480635000": 20,
                "1480635061": 20,
                "1480635180": 20,
                "1480659420": 26,
                "1480774380": 26,
                "1480774440": 26,
                "1480774800": 26,
                "1480774860": 26,
                "1480775220": 26,
                "1480834560": 27,
                "1497196500": 27,
                "1480806060": 34,
                "1480806180": 34,
                "1480806300": 34,
                "1480808460": 34,
                "1480830780": 34,
                "1480809060": 34,
                "1480809120": 34,
                "1480833000": 34,
                "1480833060": 34,
                "1480833360": 34
            },
            "count": 40
        },
        "notes": {
            "time": {
                "1480683061": 11,
                "1480683300": 11,
                "1480643101": 11,
                "1480643400": 11,
                "1480643523": 11,
                "1480643521": 11,
                "1480657800": 11,
                "1480657861": 11,
                "1480658220": 11,
                "1480633441": 19,
                "1480633680": 19,
                "1480633860": 19,
                "1480634040": 19,
                "1480634700": 19,
                "1480634941": 20,
                "1480635060": 20,
                "1480635181": 20,
                "1480775280": 26,
                "1480806301": 34,
                "1480808520": 34,
                "1480809061": 34,
                "1480833361": 34
            },
            "count": 22
        }
    }
}