{"nodes":[{"id":"Animal+%28De%29liberation","group":2},{"id":"The+Battle+for+Open","group":5},{"id":"Thinking+Beyond+Sectors+for+Sustainable+Development","group":2},{"id":"eBooks+in+Education","group":2},{"id":"Reading+With+My+Eyes+Open","group":2},{"id":"Garden+Learning","group":2},{"id":"Digital+Classics+Outside+the+Echo-Chamber","group":2},{"id":"The+Value+of+the+University+Armed+Service+Units","group":2},{"id":"The+Past+in+the+Present","group":2},{"id":"Learning+From+West+African+Experiences+in+Security+Sector+Governance","group":2},{"id":"Issues+in+Open+Research+Data","group":2},{"id":"Mobile+Research+Methods","group":4},{"id":"Hogskolans+Ansvar","group":2},{"id":"Gouvernance+Du+Secteur+De+La+Securite","group":2},{"id":"Writing+as+Material+Practice","group":2},{"id":"The+Multi-Agent+Transport+Simulation+MATSim","group":2},{"id":"European+Handbook+of+Crowdsourced+Geographic+Information","group":5},{"id":"Reconsidering+Cultural+Heritage+in+East+Asia","group":2},{"id":"Turn+on+the+Light+on+Science","group":3},{"id":"Open","group":3},{"id":"Publishing+Addiction+Science","group":2},{"id":"The+Art+of+Fugue","group":2},{"id":"Afghanistan%27s+Islam","group":2},{"id":"Discrimination+at+Work","group":2},{"id":"Christianity%2C+Islam%2C+and+Orisa-Religion","group":2},{"id":"Almost+Hollywood%2C+Nearly+New+Orleans","group":2},{"id":"Voices+of+Labor","group":3},{"id":"The+Dream+Is+Over","group":2},{"id":"Representing+Mass+Violence","group":2},{"id":"Public+Debt%2C+Inequality%2C+and+Power","group":2},{"id":"A+Vietnamese+Moses","group":2},{"id":"Writing+Self%2C+Writing+Empire","group":2},{"id":"Water+and+Los+Angeles","group":2},{"id":"Precarious+Creativity","group":5},{"id":"Precarious+Claims","group":2},{"id":"Migrating+Into+Financial+Markets","group":2},{"id":"The+Place+of+Devotion","group":2},{"id":"Polemics+and+Patronage+in+the+City+of+Victory","group":2},{"id":"Scale","group":5},{"id":"Making+Things+Stick","group":2},{"id":"Instruments+for+New+Music","group":2},{"id":"Hokum%21","group":2},{"id":"Hindu+Pluralism","group":2},{"id":"Keys+to+Play","group":2},{"id":"Finding+Jerusalem","group":2},{"id":"Imperial+Genus","group":2},{"id":"Luxury+and+Rubble","group":2},{"id":"Equity%2C+Growth%2C+and+Community","group":2},{"id":"Imperial+Matter","group":2},{"id":"The+Indigenous+State","group":2}]}