{
    "[6]---Open Science": {
        "11": 11,
        "19": 19,
        "20": 20,
        "21": 21
    },
    "[5]---Informal Economies": {
        "26": 26,
        "36": 36
    },
    "[4]---New Hollywood": {
        "26": 26,
        "27": 27,
        "34": 34
    },
    "[3]---East Asian Studies Class": {
        "31": 31,
        "46": 46
    },
    "[2]---Technology & Politics": {
        "4": 4,
        "7": 7,
        "17": 17,
        "20": 20,
        "39": 39,
        "40": 40
    },
    "[1]---Cultural Politics 101": {
        "9": 9,
        "37": 37,
        "38": 38,
        "45": 45,
        "49": 49
    }
}