{"tag":{"1":{"label":"Philosophy","books":{"1":"9d251ec6-f2bc-45a8-9fe4-05ebb64a64bf","46":"a97da110-2846-46b5-b40a-c739557184e5"},"count":2},"81":{"label":"Agriculture","books":{"1":"9d251ec6-f2bc-45a8-9fe4-05ebb64a64bf"},"count":1},"82":{"label":"Law","books":{"1":"9d251ec6-f2bc-45a8-9fe4-05ebb64a64bf","24":"ee30a856-03e4-4d00-84b3-d666026a04d9"},"count":2},"83":{"label":"Medicine","books":{"1":"9d251ec6-f2bc-45a8-9fe4-05ebb64a64bf","21":"4c41d691-41c5-4bf7-b15b-fd08afc701d6"},"count":2},"84":{"label":"Animals","books":{"1":"9d251ec6-f2bc-45a8-9fe4-05ebb64a64bf"},"count":1},"85":{"label":"Veganism","books":{"1":"9d251ec6-f2bc-45a8-9fe4-05ebb64a64bf"},"count":1},"86":{"label":"Genetic+engineering","books":{"1":"9d251ec6-f2bc-45a8-9fe4-05ebb64a64bf"},"count":1},"87":{"label":"Speciesism","books":{"1":"9d251ec6-f2bc-45a8-9fe4-05ebb64a64bf"},"count":1},"88":{"label":"Holistic+health","books":{"1":"9d251ec6-f2bc-45a8-9fe4-05ebb64a64bf"},"count":1},"89":{"label":"Vegan+agriculture","books":{"1":"9d251ec6-f2bc-45a8-9fe4-05ebb64a64bf"},"count":1},"90":{"label":"Nutrition","books":{"1":"9d251ec6-f2bc-45a8-9fe4-05ebb64a64bf"},"count":1},"3":{"label":"Education","books":{"2":"f53c05d2-0b16-4089-a3fc-55c5ce954204","4":"7cf6b0cb-6053-4621-9b56-038ac8abe695","6":"b9f3491e-43e6-4126-afec-02461719c201","7":"5d8f8675-fa4b-4abb-8984-926fab44724f","11":"ff3e5df6-7671-4d21-9508-77c9aee0223e","12":"cd77680d-0721-4506-8b2d-b3cf9050eb55","13":"0199c78c-d38f-4f1e-98e9-127e5ab327cf","20":"526865f3-d0d9-4ffa-a6f9-7d93a50600da","28":"37d53cc5-fb0b-45ce-9f32-9109e1548873"},"count":9},"28":{"label":"Open+Scholarship","books":{"2":"f53c05d2-0b16-4089-a3fc-55c5ce954204"},"count":1},"29":{"label":"Open+education","books":{"2":"f53c05d2-0b16-4089-a3fc-55c5ce954204","7":"5d8f8675-fa4b-4abb-8984-926fab44724f","20":"526865f3-d0d9-4ffa-a6f9-7d93a50600da"},"count":3},"30":{"label":"Open+access","books":{"2":"f53c05d2-0b16-4089-a3fc-55c5ce954204","11":"ff3e5df6-7671-4d21-9508-77c9aee0223e","20":"526865f3-d0d9-4ffa-a6f9-7d93a50600da"},"count":3},"31":{"label":"MOOC","books":{"2":"f53c05d2-0b16-4089-a3fc-55c5ce954204"},"count":1},"23":{"label":"Sustainable+development","books":{"3":"d2f05f82-d6ac-4252-ba98-6bbb30aac4f3","9":"1d464883-e282-4e18-82a9-21c0aaea6138","36":"0b36e81f-bbb0-4bed-aaea-b3ba098017ad"},"count":3},"37":{"label":"Governance","books":{"3":"d2f05f82-d6ac-4252-ba98-6bbb30aac4f3"},"count":1},"38":{"label":"International+development","books":{"3":"d2f05f82-d6ac-4252-ba98-6bbb30aac4f3"},"count":1},"39":{"label":"Political+science","books":{"3":"d2f05f82-d6ac-4252-ba98-6bbb30aac4f3","10":"010c0678-ee02-4c8c-ad83-cb277a0a217d","14":"305c7a26-c9a7-4473-b971-651d674ae312","19":"4aed8001-8004-4fb2-92f5-fd240e976e27","40":"8c9b5e7f-094c-42b6-8507-93e4e84a9eaa"},"count":5},"40":{"label":"Public+policy","books":{"3":"d2f05f82-d6ac-4252-ba98-6bbb30aac4f3"},"count":1},"24":{"label":"Computing","books":{"4":"7cf6b0cb-6053-4621-9b56-038ac8abe695"},"count":1},"25":{"label":"Ebooks","books":{"4":"7cf6b0cb-6053-4621-9b56-038ac8abe695"},"count":1},"26":{"label":"Publishing","books":{"4":"7cf6b0cb-6053-4621-9b56-038ac8abe695"},"count":1},"27":{"label":"Universities","books":{"4":"7cf6b0cb-6053-4621-9b56-038ac8abe695"},"count":1},"41":{"label":"Teaching+methods","books":{"6":"b9f3491e-43e6-4126-afec-02461719c201","12":"cd77680d-0721-4506-8b2d-b3cf9050eb55","13":"0199c78c-d38f-4f1e-98e9-127e5ab327cf"},"count":3},"67":{"label":"Inquiry+based+science+education","books":{"6":"b9f3491e-43e6-4126-afec-02461719c201"},"count":1},"68":{"label":"Botanic+garden+education","books":{"6":"b9f3491e-43e6-4126-afec-02461719c201"},"count":1},"69":{"label":"Learning+outside+the+classroom","books":{"6":"b9f3491e-43e6-4126-afec-02461719c201"},"count":1},"70":{"label":"Expansive+learning","books":{"6":"b9f3491e-43e6-4126-afec-02461719c201"},"count":1},"71":{"label":"Biology+education+research","books":{"6":"b9f3491e-43e6-4126-afec-02461719c201"},"count":1},"14":{"label":"Archaeology","books":{"7":"5d8f8675-fa4b-4abb-8984-926fab44724f","15":"6649b5bf-74a5-4d52-8692-b0209e9fa10a","45":"24b8a93f-af5d-4507-b20d-aa1155bdbcc8","49":"b338bf97-d0cc-4927-aaa4-54a0a941657e"},"count":4},"72":{"label":"Digital+Humanities","books":{"7":"5d8f8675-fa4b-4abb-8984-926fab44724f"},"count":1},"73":{"label":"Literature","books":{"7":"5d8f8675-fa4b-4abb-8984-926fab44724f"},"count":1},"74":{"label":"Palaeography","books":{"7":"5d8f8675-fa4b-4abb-8984-926fab44724f"},"count":1},"75":{"label":"Crowdsourcing","books":{"7":"5d8f8675-fa4b-4abb-8984-926fab44724f","17":"2adce89b-70f1-4bc8-baa9-6cd5afbee1de"},"count":2},"76":{"label":"Treebanking","books":{"7":"5d8f8675-fa4b-4abb-8984-926fab44724f"},"count":1},"77":{"label":"Linked+Open+Data","books":{"7":"5d8f8675-fa4b-4abb-8984-926fab44724f"},"count":1},"78":{"label":"Multispectral+Imaging","books":{"7":"5d8f8675-fa4b-4abb-8984-926fab44724f"},"count":1},"79":{"label":"Epigraphy","books":{"7":"5d8f8675-fa4b-4abb-8984-926fab44724f"},"count":1},"80":{"label":"Test+Encoding","books":{"7":"5d8f8675-fa4b-4abb-8984-926fab44724f"},"count":1},"53":{"label":"Higher+education","books":{"8":"09873bfa-e47a-49cc-97c6-f8afe6363ed0"},"count":1},"54":{"label":"Social+science","books":{"8":"09873bfa-e47a-49cc-97c6-f8afe6363ed0","16":"3f1745a6-f591-4e3f-bb69-a5b481974cf6","18":"c9ee27ea-430b-4fcb-b8ee-acb663a429b2","19":"4aed8001-8004-4fb2-92f5-fd240e976e27","20":"526865f3-d0d9-4ffa-a6f9-7d93a50600da","39":"af065a21-0133-4ca0-87e7-886f5abb1586","40":"8c9b5e7f-094c-42b6-8507-93e4e84a9eaa","42":"7cca92ce-8ab4-43ed-ad39-9354f3a8d0fc","48":"dcfcd904-e94b-4aca-976c-0158a862b1cb"},"count":9},"55":{"label":"Military+University","books":{"8":"09873bfa-e47a-49cc-97c6-f8afe6363ed0"},"count":1},"56":{"label":"Armed+forces","books":{"8":"09873bfa-e47a-49cc-97c6-f8afe6363ed0"},"count":1},"57":{"label":"Skills","books":{"8":"09873bfa-e47a-49cc-97c6-f8afe6363ed0"},"count":1},"8":{"label":"Architecture","books":{"9":"1d464883-e282-4e18-82a9-21c0aaea6138"},"count":1},"9":{"label":"Historic+Preservation","books":{"9":"1d464883-e282-4e18-82a9-21c0aaea6138"},"count":1},"15":{"label":"History","books":{"9":"1d464883-e282-4e18-82a9-21c0aaea6138","15":"6649b5bf-74a5-4d52-8692-b0209e9fa10a","26":"9f8a6c93-5aa6-419e-841d-92821fe4318b","29":"9d154f17-b988-470d-b4c2-b0b9cdb98992","30":"b0264306-12c8-43c1-95f0-6879ff94207b","31":"1e28b8f2-df4a-4b1e-8cf1-f47068c9c1cf","32":"8d7fa14e-d55d-4797-9099-7a10355ca698","33":"30446aaf-9ee1-4552-9ca2-d8d8dc9f13fb","38":"f81121d5-c569-4377-9737-62575514d611","43":"71d67c09-ae45-499b-b429-a1c0b1b45bef","45":"24b8a93f-af5d-4507-b20d-aa1155bdbcc8","46":"a97da110-2846-46b5-b40a-c739557184e5","49":"b338bf97-d0cc-4927-aaa4-54a0a941657e","50":"11400e0a-7c31-46a0-90a5-96198107cbbf"},"count":14},"21":{"label":"Conservation","books":{"9":"1d464883-e282-4e18-82a9-21c0aaea6138"},"count":1},"22":{"label":"Heritage","books":{"9":"1d464883-e282-4e18-82a9-21c0aaea6138","18":"c9ee27ea-430b-4fcb-b8ee-acb663a429b2"},"count":2},"58":{"label":"International+relations","books":{"10":"010c0678-ee02-4c8c-ad83-cb277a0a217d","14":"305c7a26-c9a7-4473-b971-651d674ae312"},"count":2},"59":{"label":"Security+sector+reform","books":{"10":"010c0678-ee02-4c8c-ad83-cb277a0a217d","14":"305c7a26-c9a7-4473-b971-651d674ae312"},"count":2},"60":{"label":"Security+sector+governance","books":{"10":"010c0678-ee02-4c8c-ad83-cb277a0a217d","14":"305c7a26-c9a7-4473-b971-651d674ae312"},"count":2},"61":{"label":"Democracy","books":{"10":"010c0678-ee02-4c8c-ad83-cb277a0a217d","14":"305c7a26-c9a7-4473-b971-651d674ae312"},"count":2},"62":{"label":"West+Africa","books":{"10":"010c0678-ee02-4c8c-ad83-cb277a0a217d","14":"305c7a26-c9a7-4473-b971-651d674ae312"},"count":2},"63":{"label":"Domestic+security","books":{"10":"010c0678-ee02-4c8c-ad83-cb277a0a217d","14":"305c7a26-c9a7-4473-b971-651d674ae312"},"count":2},"64":{"label":"Development","books":{"10":"010c0678-ee02-4c8c-ad83-cb277a0a217d","14":"305c7a26-c9a7-4473-b971-651d674ae312"},"count":2},"65":{"label":"Politics","books":{"10":"010c0678-ee02-4c8c-ad83-cb277a0a217d","14":"305c7a26-c9a7-4473-b971-651d674ae312"},"count":2},"66":{"label":"Government","books":{"10":"010c0678-ee02-4c8c-ad83-cb277a0a217d","14":"305c7a26-c9a7-4473-b971-651d674ae312"},"count":2},"32":{"label":"Science","books":{"11":"ff3e5df6-7671-4d21-9508-77c9aee0223e","20":"526865f3-d0d9-4ffa-a6f9-7d93a50600da","45":"24b8a93f-af5d-4507-b20d-aa1155bdbcc8"},"count":3},"33":{"label":"Open+data","books":{"11":"ff3e5df6-7671-4d21-9508-77c9aee0223e"},"count":1},"34":{"label":"Text+and+data+mining","books":{"11":"ff3e5df6-7671-4d21-9508-77c9aee0223e"},"count":1},"35":{"label":"Open+science","books":{"11":"ff3e5df6-7671-4d21-9508-77c9aee0223e","20":"526865f3-d0d9-4ffa-a6f9-7d93a50600da"},"count":2},"36":{"label":"Research","books":{"11":"ff3e5df6-7671-4d21-9508-77c9aee0223e"},"count":1},"46":{"label":"Behavioural+science","books":{"12":"cd77680d-0721-4506-8b2d-b3cf9050eb55"},"count":1},"47":{"label":"Marketing","books":{"12":"cd77680d-0721-4506-8b2d-b3cf9050eb55"},"count":1},"48":{"label":"Technology+and+engineering","books":{"12":"cd77680d-0721-4506-8b2d-b3cf9050eb55"},"count":1},"49":{"label":"Applied+statistics","books":{"12":"cd77680d-0721-4506-8b2d-b3cf9050eb55"},"count":1},"50":{"label":"Survey+methodology","books":{"12":"cd77680d-0721-4506-8b2d-b3cf9050eb55"},"count":1},"51":{"label":"Mobile+devices","books":{"12":"cd77680d-0721-4506-8b2d-b3cf9050eb55"},"count":1},"52":{"label":"Research+methods","books":{"12":"cd77680d-0721-4506-8b2d-b3cf9050eb55","39":"af065a21-0133-4ca0-87e7-886f5abb1586"},"count":2},"42":{"label":"Philosophy+of+education","books":{"13":"0199c78c-d38f-4f1e-98e9-127e5ab327cf"},"count":1},"43":{"label":"Higher+education+policy+development","books":{"13":"0199c78c-d38f-4f1e-98e9-127e5ab327cf"},"count":1},"44":{"label":"Higher+education+and+society","books":{"13":"0199c78c-d38f-4f1e-98e9-127e5ab327cf"},"count":1},"45":{"label":"Higher+education+design+and+administration","books":{"13":"0199c78c-d38f-4f1e-98e9-127e5ab327cf"},"count":1},"13":{"label":"Anthropology","books":{"15":"6649b5bf-74a5-4d52-8692-b0209e9fa10a","39":"af065a21-0133-4ca0-87e7-886f5abb1586","47":"3ffe26fc-bb67-45f1-9433-668d016bfdbe","49":"b338bf97-d0cc-4927-aaa4-54a0a941657e","50":"11400e0a-7c31-46a0-90a5-96198107cbbf"},"count":5},"16":{"label":"Writing","books":{"15":"6649b5bf-74a5-4d52-8692-b0209e9fa10a"},"count":1},"17":{"label":"Text","books":{"15":"6649b5bf-74a5-4d52-8692-b0209e9fa10a"},"count":1},"18":{"label":"Practice+theory","books":{"15":"6649b5bf-74a5-4d52-8692-b0209e9fa10a"},"count":1},"19":{"label":"Materiality","books":{"15":"6649b5bf-74a5-4d52-8692-b0209e9fa10a"},"count":1},"20":{"label":"Graphical+culture","books":{"15":"6649b5bf-74a5-4d52-8692-b0209e9fa10a"},"count":1},"91":{"label":"Civil+Engineering","books":{"16":"3f1745a6-f591-4e3f-bb69-a5b481974cf6"},"count":1},"92":{"label":"Computer+Science","books":{"16":"3f1745a6-f591-4e3f-bb69-a5b481974cf6"},"count":1},"93":{"label":"Geography","books":{"16":"3f1745a6-f591-4e3f-bb69-a5b481974cf6","17":"2adce89b-70f1-4bc8-baa9-6cd5afbee1de"},"count":2},"94":{"label":"Mathematics","books":{"16":"3f1745a6-f591-4e3f-bb69-a5b481974cf6"},"count":1},"95":{"label":"Physics","books":{"16":"3f1745a6-f591-4e3f-bb69-a5b481974cf6"},"count":1},"96":{"label":"Large-scale+simulation","books":{"16":"3f1745a6-f591-4e3f-bb69-a5b481974cf6"},"count":1},"97":{"label":"Agent-based+modeling","books":{"16":"3f1745a6-f591-4e3f-bb69-a5b481974cf6"},"count":1},"98":{"label":"Choice+modeling","books":{"16":"3f1745a6-f591-4e3f-bb69-a5b481974cf6"},"count":1},"99":{"label":"Transport+modeling","books":{"16":"3f1745a6-f591-4e3f-bb69-a5b481974cf6"},"count":1},"100":{"label":"Transport+planning","books":{"16":"3f1745a6-f591-4e3f-bb69-a5b481974cf6"},"count":1},"101":{"label":"Earth+Sciences","books":{"17":"2adce89b-70f1-4bc8-baa9-6cd5afbee1de"},"count":1},"102":{"label":"Technology+%26+Engineering","books":{"17":"2adce89b-70f1-4bc8-baa9-6cd5afbee1de","40":"8c9b5e7f-094c-42b6-8507-93e4e84a9eaa"},"count":2},"103":{"label":"Volunteered+geographic+information","books":{"17":"2adce89b-70f1-4bc8-baa9-6cd5afbee1de"},"count":1},"104":{"label":"Spatial+data","books":{"17":"2adce89b-70f1-4bc8-baa9-6cd5afbee1de"},"count":1},"105":{"label":"Geospatial+information","books":{"17":"2adce89b-70f1-4bc8-baa9-6cd5afbee1de"},"count":1},"106":{"label":"Arts","books":{"18":"c9ee27ea-430b-4fcb-b8ee-acb663a429b2"},"count":1},"107":{"label":"Humanities","books":{"18":"c9ee27ea-430b-4fcb-b8ee-acb663a429b2"},"count":1},"108":{"label":"East+Asia","books":{"18":"c9ee27ea-430b-4fcb-b8ee-acb663a429b2"},"count":1},"109":{"label":"Japan","books":{"18":"c9ee27ea-430b-4fcb-b8ee-acb663a429b2","46":"a97da110-2846-46b5-b40a-c739557184e5"},"count":2},"110":{"label":"China","books":{"18":"c9ee27ea-430b-4fcb-b8ee-acb663a429b2"},"count":1},"111":{"label":"Korea","books":{"18":"c9ee27ea-430b-4fcb-b8ee-acb663a429b2","46":"a97da110-2846-46b5-b40a-c739557184e5"},"count":2},"112":{"label":"Monuments","books":{"18":"c9ee27ea-430b-4fcb-b8ee-acb663a429b2"},"count":1},"113":{"label":"STEM","books":{"19":"4aed8001-8004-4fb2-92f5-fd240e976e27"},"count":1},"114":{"label":"Interaction-based+science+communication","books":{"19":"4aed8001-8004-4fb2-92f5-fd240e976e27"},"count":1},"115":{"label":"Gender+stereotypes+in+science","books":{"19":"4aed8001-8004-4fb2-92f5-fd240e976e27"},"count":1},"116":{"label":"Stereotypes%27+removal","books":{"19":"4aed8001-8004-4fb2-92f5-fd240e976e27"},"count":1},"117":{"label":"Stereotypes+on+scientists","books":{"19":"4aed8001-8004-4fb2-92f5-fd240e976e27"},"count":1},"118":{"label":"Stereotypes","books":{"19":"4aed8001-8004-4fb2-92f5-fd240e976e27"},"count":1},"119":{"label":"Pedagogy","books":{"20":"526865f3-d0d9-4ffa-a6f9-7d93a50600da"},"count":1},"120":{"label":"Psychology","books":{"20":"526865f3-d0d9-4ffa-a6f9-7d93a50600da","21":"4c41d691-41c5-4bf7-b15b-fd08afc701d6"},"count":2},"121":{"label":"Open+textbooks","books":{"20":"526865f3-d0d9-4ffa-a6f9-7d93a50600da"},"count":1},"122":{"label":"Open+pedagogy","books":{"20":"526865f3-d0d9-4ffa-a6f9-7d93a50600da"},"count":1},"123":{"label":"Open+educational+resources","books":{"20":"526865f3-d0d9-4ffa-a6f9-7d93a50600da"},"count":1},"124":{"label":"Addiction+studies","books":{"21":"4c41d691-41c5-4bf7-b15b-fd08afc701d6"},"count":1},"125":{"label":"Psychiatry","books":{"21":"4c41d691-41c5-4bf7-b15b-fd08afc701d6"},"count":1},"126":{"label":"Public+health","books":{"21":"4c41d691-41c5-4bf7-b15b-fd08afc701d6"},"count":1},"127":{"label":"Sociology","books":{"21":"4c41d691-41c5-4bf7-b15b-fd08afc701d6","23":"9a753674-782d-41e0-95d3-52315468b458","29":"9d154f17-b988-470d-b4c2-b0b9cdb98992","36":"0b36e81f-bbb0-4bed-aaea-b3ba098017ad","37":"43580f09-ed1c-4cf4-8e89-c295c0321ee4","40":"8c9b5e7f-094c-42b6-8507-93e4e84a9eaa","45":"24b8a93f-af5d-4507-b20d-aa1155bdbcc8","47":"3ffe26fc-bb67-45f1-9433-668d016bfdbe","48":"dcfcd904-e94b-4aca-976c-0158a862b1cb"},"count":9},"128":{"label":"Competing+interests","books":{"21":"4c41d691-41c5-4bf7-b15b-fd08afc701d6"},"count":1},"129":{"label":"Authorship","books":{"21":"4c41d691-41c5-4bf7-b15b-fd08afc701d6"},"count":1},"130":{"label":"Scientific+integrity","books":{"21":"4c41d691-41c5-4bf7-b15b-fd08afc701d6"},"count":1},"131":{"label":"Addiction+science","books":{"21":"4c41d691-41c5-4bf7-b15b-fd08afc701d6"},"count":1},"132":{"label":"Publication+ethics","books":{"21":"4c41d691-41c5-4bf7-b15b-fd08afc701d6"},"count":1},"133":{"label":"Responsible+conduct+of+research","books":{"21":"4c41d691-41c5-4bf7-b15b-fd08afc701d6"},"count":1},"134":{"label":"Music","books":{"22":"1a339702-943d-4f45-a6e5-7d761e39ef4e","41":"c303e757-cd4e-475f-99a7-7bf9d1a88cc7","44":"0d9214ac-d18d-4f9d-8c12-bd31b97908f8"},"count":3},"135":{"label":"Islam","books":{"23":"9a753674-782d-41e0-95d3-52315468b458","25":"9e6ec32c-ebb4-4c1b-8a9e-22761382310c"},"count":2},"136":{"label":"Religious+studies","books":{"23":"9a753674-782d-41e0-95d3-52315468b458"},"count":1},"137":{"label":"Theology","books":{"23":"9a753674-782d-41e0-95d3-52315468b458"},"count":1},"138":{"label":"Discrimination","books":{"24":"ee30a856-03e4-4d00-84b3-d666026a04d9"},"count":1},"139":{"label":"Workplace","books":{"24":"ee30a856-03e4-4d00-84b3-d666026a04d9"},"count":1},"140":{"label":"Business","books":{"24":"ee30a856-03e4-4d00-84b3-d666026a04d9","27":"746a5666-40d4-4d34-a543-f923652bb2b9","30":"b0264306-12c8-43c1-95f0-6879ff94207b"},"count":3},"141":{"label":"Management","books":{"24":"ee30a856-03e4-4d00-84b3-d666026a04d9"},"count":1},"142":{"label":"Human+Resources","books":{"24":"ee30a856-03e4-4d00-84b3-d666026a04d9"},"count":1},"143":{"label":"Religion","books":{"25":"9e6ec32c-ebb4-4c1b-8a9e-22761382310c","37":"43580f09-ed1c-4cf4-8e89-c295c0321ee4","38":"f81121d5-c569-4377-9737-62575514d611","43":"71d67c09-ae45-499b-b429-a1c0b1b45bef"},"count":4},"144":{"label":"Comparative+Religion","books":{"25":"9e6ec32c-ebb4-4c1b-8a9e-22761382310c"},"count":1},"145":{"label":"Christianity","books":{"25":"9e6ec32c-ebb4-4c1b-8a9e-22761382310c","31":"1e28b8f2-df4a-4b1e-8cf1-f47068c9c1cf"},"count":2},"146":{"label":"Orisa","books":{"25":"9e6ec32c-ebb4-4c1b-8a9e-22761382310c"},"count":1},"147":{"label":"United+States","books":{"26":"9f8a6c93-5aa6-419e-841d-92821fe4318b","30":"b0264306-12c8-43c1-95f0-6879ff94207b"},"count":2},"149":{"label":"Performing+Arts","books":{"26":"9f8a6c93-5aa6-419e-841d-92821fe4318b","42":"7cca92ce-8ab4-43ed-ad39-9354f3a8d0fc"},"count":2},"150":{"label":"Film","books":{"26":"9f8a6c93-5aa6-419e-841d-92821fe4318b","42":"7cca92ce-8ab4-43ed-ad39-9354f3a8d0fc"},"count":2},"206":{"label":"State+%26+Local","books":{"26":"9f8a6c93-5aa6-419e-841d-92821fe4318b"},"count":1},"207":{"label":"Direction+%26+Production","books":{"26":"9f8a6c93-5aa6-419e-841d-92821fe4318b"},"count":1},"208":{"label":"Show+Business","books":{"26":"9f8a6c93-5aa6-419e-841d-92821fe4318b"},"count":1},"153":{"label":"Hollywood","books":{"27":"746a5666-40d4-4d34-a543-f923652bb2b9"},"count":1},"154":{"label":"Film+industry","books":{"27":"746a5666-40d4-4d34-a543-f923652bb2b9"},"count":1},"155":{"label":"Higher","books":{"28":"37d53cc5-fb0b-45ce-9f32-9109e1548873"},"count":1},"156":{"label":"Educational+Policy+%26+Reform","books":{"28":"37d53cc5-fb0b-45ce-9f32-9109e1548873"},"count":1},"157":{"label":"Federal+Legislation","books":{"28":"37d53cc5-fb0b-45ce-9f32-9109e1548873"},"count":1},"158":{"label":"Philosophy%3B+Theory+%26+Social+Aspects","books":{"28":"37d53cc5-fb0b-45ce-9f32-9109e1548873"},"count":1},"159":{"label":"Criminology","books":{"29":"9d154f17-b988-470d-b4c2-b0b9cdb98992","40":"8c9b5e7f-094c-42b6-8507-93e4e84a9eaa"},"count":2},"160":{"label":"21st+Century","books":{"30":"b0264306-12c8-43c1-95f0-6879ff94207b"},"count":1},"161":{"label":"Economics","books":{"30":"b0264306-12c8-43c1-95f0-6879ff94207b","36":"0b36e81f-bbb0-4bed-aaea-b3ba098017ad"},"count":2},"162":{"label":"U.S.+History","books":{"30":"b0264306-12c8-43c1-95f0-6879ff94207b"},"count":1},"163":{"label":"Asian+Studies","books":{"31":"1e28b8f2-df4a-4b1e-8cf1-f47068c9c1cf","47":"3ffe26fc-bb67-45f1-9433-668d016bfdbe"},"count":2},"164":{"label":"Vietnam","books":{"31":"1e28b8f2-df4a-4b1e-8cf1-f47068c9c1cf","47":"3ffe26fc-bb67-45f1-9433-668d016bfdbe"},"count":2},"165":{"label":"Biography+%26+Autobiography","books":{"32":"8d7fa14e-d55d-4797-9099-7a10355ca698"},"count":1},"166":{"label":"General","books":{"32":"8d7fa14e-d55d-4797-9099-7a10355ca698","40":"8c9b5e7f-094c-42b6-8507-93e4e84a9eaa"},"count":2},"167":{"label":"Asia","books":{"32":"8d7fa14e-d55d-4797-9099-7a10355ca698","43":"71d67c09-ae45-499b-b429-a1c0b1b45bef","46":"a97da110-2846-46b5-b40a-c739557184e5"},"count":3},"168":{"label":"India+%26+South+Asia","books":{"32":"8d7fa14e-d55d-4797-9099-7a10355ca698","43":"71d67c09-ae45-499b-b429-a1c0b1b45bef"},"count":2},"169":{"label":"Literary+Criticism","books":{"32":"8d7fa14e-d55d-4797-9099-7a10355ca698"},"count":1},"170":{"label":"Asian","books":{"32":"8d7fa14e-d55d-4797-9099-7a10355ca698"},"count":1},"171":{"label":"Biography","books":{"32":"8d7fa14e-d55d-4797-9099-7a10355ca698"},"count":1},"172":{"label":"History+of+India+and+South+Asia","books":{"32":"8d7fa14e-d55d-4797-9099-7a10355ca698"},"count":1},"173":{"label":"Indo-Persian+poetry","books":{"32":"8d7fa14e-d55d-4797-9099-7a10355ca698"},"count":1},"174":{"label":"Environmental+History","books":{"33":"30446aaf-9ee1-4552-9ca2-d8d8dc9f13fb"},"count":1},"175":{"label":"U.S.+Western+History","books":{"33":"30446aaf-9ee1-4552-9ca2-d8d8dc9f13fb"},"count":1},"176":{"label":"U.S.A","books":{"33":"30446aaf-9ee1-4552-9ca2-d8d8dc9f13fb"},"count":1},"177":{"label":"Globalization","books":{"34":"92e4764f-eb9b-4c7c-999e-b50ee8d9f3be"},"count":1},"178":{"label":"Labor+studies","books":{"34":"92e4764f-eb9b-4c7c-999e-b50ee8d9f3be"},"count":1},"179":{"label":"Media+studies","books":{"34":"92e4764f-eb9b-4c7c-999e-b50ee8d9f3be","44":"0d9214ac-d18d-4f9d-8c12-bd31b97908f8"},"count":2},"180":{"label":"Social+sciences","books":{"34":"92e4764f-eb9b-4c7c-999e-b50ee8d9f3be"},"count":1},"181":{"label":"Labor+Relations+Law+and+Society+Sociology","books":{"35":"8b452e72-e62f-4d80-8446-a3f96a6e92b8"},"count":1},"182":{"label":"Finance","books":{"36":"0b36e81f-bbb0-4bed-aaea-b3ba098017ad"},"count":1},"183":{"label":"Migration","books":{"36":"0b36e81f-bbb0-4bed-aaea-b3ba098017ad"},"count":1},"184":{"label":"Cultural+Anthropology","books":{"37":"43580f09-ed1c-4cf4-8e89-c295c0321ee4"},"count":1},"185":{"label":"Sociology+of+Religion","books":{"37":"43580f09-ed1c-4cf4-8e89-c295c0321ee4"},"count":1},"186":{"label":"South+Asian+History","books":{"38":"f81121d5-c569-4377-9737-62575514d611"},"count":1},"187":{"label":"India","books":{"38":"f81121d5-c569-4377-9737-62575514d611"},"count":1},"188":{"label":"South+Asia","books":{"38":"f81121d5-c569-4377-9737-62575514d611"},"count":1},"189":{"label":"Ethnography","books":{"39":"af065a21-0133-4ca0-87e7-886f5abb1586"},"count":1},"190":{"label":"Privacy+%26+Surveillance","books":{"40":"8c9b5e7f-094c-42b6-8507-93e4e84a9eaa"},"count":1},"191":{"label":"Electronics","books":{"40":"8c9b5e7f-094c-42b6-8507-93e4e84a9eaa"},"count":1},"192":{"label":"History+of+music","books":{"41":"c303e757-cd4e-475f-99a7-7bf9d1a88cc7"},"count":1},"193":{"label":"Music+criticism","books":{"41":"c303e757-cd4e-475f-99a7-7bf9d1a88cc7"},"count":1},"194":{"label":"History+%26+Criticism","books":{"42":"7cca92ce-8ab4-43ed-ad39-9354f3a8d0fc"},"count":1},"195":{"label":"Comedy","books":{"42":"7cca92ce-8ab4-43ed-ad39-9354f3a8d0fc"},"count":1},"196":{"label":"Popular+Culture","books":{"42":"7cca92ce-8ab4-43ed-ad39-9354f3a8d0fc"},"count":1},"197":{"label":"Social+History","books":{"43":"71d67c09-ae45-499b-b429-a1c0b1b45bef"},"count":1},"198":{"label":"Hinduism","books":{"43":"71d67c09-ae45-499b-b429-a1c0b1b45bef"},"count":1},"199":{"label":"History+Religion","books":{"45":"24b8a93f-af5d-4507-b20d-aa1155bdbcc8"},"count":1},"200":{"label":"Ideology","books":{"45":"24b8a93f-af5d-4507-b20d-aa1155bdbcc8"},"count":1},"201":{"label":"Korean+history","books":{"46":"a97da110-2846-46b5-b40a-c739557184e5"},"count":1},"202":{"label":"Korean+literature","books":{"46":"a97da110-2846-46b5-b40a-c739557184e5"},"count":1},"203":{"label":"Urban","books":{"48":"dcfcd904-e94b-4aca-976c-0158a862b1cb"},"count":1},"204":{"label":"Imperialism","books":{"49":"b338bf97-d0cc-4927-aaa4-54a0a941657e"},"count":1},"205":{"label":"Latin+American+Studies","books":{"50":"11400e0a-7c31-46a0-90a5-96198107cbbf"},"count":1}}}