{
    "reading": {
        "27": 27,
        "20": 20,
        "19": 19
    },
    "hold": null,
    "queued": {
        "39": 39,
        "34": 34,
        "17": 17,
        "2": 2
    },
    "unread": {
        "50": 50,
        "49": 49,
        "48": 48,
        "47": 47,
        "46": 46,
        "45": 45,
        "44": 44,
        "43": 43,
        "42": 42,
        "41": 41,
        "40": 40,
        "38": 38,
        "37": 37,
        "36": 36,
        "35": 35,
        "33": 33,
        "32": 32,
        "31": 31,
        "30": 30,
        "29": 29,
        "28": 28,
        "26": 26,
        "25": 25,
        "24": 24,
        "23": 23,
        "22": 22,
        "21": 21,
        "18": 18,
        "16": 16,
        "15": 15,
        "14": 14,
        "13": 13,
        "11": 11,
        "10": 10,
        "9": 9,
        "8": 8,
        "7": 7,
        "6": 6,
        "5": 5,
        "4": 4,
        "3": 3,
        "1": 1
    },
    "read": {
        "12": 12
    },
    "unset": null,
    "abandoned": null
}