{
    "book": {
        "1": [
            {
                "name": "Jan Deckers",
                "name_sort": "Deckers, Jan",
                "auid": "bc340214"
            }
        ],
        "2": [
            {
                "name": "Martin Weller",
                "name_sort": "Weller, Martin",
                "auid": "8cfe30d4"
            }
        ],
        "3": [
            {
                "name": "Jeff Waage",
                "name_sort": "Waage, Jeff",
                "auid": "6a4c6607"
            },
            {
                "name": "Christopher Yap",
                "name_sort": "Yap, Christopher",
                "auid": "32821b88"
            }
        ],
        "4": [
            {
                "name": "Hazel Woodward",
                "name_sort": "Woodward, Hazel",
                "auid": "9b7dff96"
            }
        ],
        "5": [
            {
                "name": "Gerdi Quist",
                "name_sort": "Quist, Gerdi",
                "auid": "ba01551e"
            }
        ],
        "6": [
            {
                "name": "Suzanne Kapelari",
                "name_sort": "Kapelari, Suzanne",
                "auid": "f1d53b9b"
            }
        ],
        "7": [
            {
                "name": "Gabriel Bodard",
                "name_sort": "Bodard, Gabriel",
                "auid": "aadf65e5"
            },
            {
                "name": "Matteo Romanello",
                "name_sort": "Romanello, Matteo",
                "auid": "5f14e084"
            }
        ],
        "8": [
            {
                "name": "Rachel Woodward",
                "name_sort": "Woodward, Rachel",
                "auid": "72ece67c"
            },
            {
                "name": "K Neil Jenkings",
                "name_sort": "Jenkings, K Neil",
                "auid": "e1f3ea93"
            },
            {
                "name": "Alison J Williams",
                "name_sort": "Williams, Alison J",
                "auid": "9a8403ef"
            }
        ],
        "9": [
            {
                "name": "Ioannis Poulios",
                "name_sort": "Poulios, Ioannis",
                "auid": "d8e12a2a"
            }
        ],
        "10": [
            {
                "name": "Fairlie Chappuis",
                "name_sort": "Chappuis, Fairlie",
                "auid": "08522127"
            },
            {
                "name": "Alan Bryden",
                "name_sort": "Bryden, Alan",
                "auid": "e12024f3"
            }
        ],
        "11": [
            {
                "name": "Samuel A. Moore",
                "name_sort": "Moore, Samuel A.",
                "auid": "09875489"
            }
        ],
        "12": [
            {
                "name": "Daniele Toninelli",
                "name_sort": "Toninelli, Daniele",
                "auid": "0e5e059d"
            },
            {
                "name": "Robert Pinter",
                "name_sort": "Pinter, Robert",
                "auid": "5a87b395"
            },
            {
                "name": "Pablo de Pedraza",
                "name_sort": "Pedraza, Pablo de",
                "auid": "b0d1bc7c"
            }
        ],
        "13": [
            {
                "name": "Andrew Casson",
                "name_sort": "Casson, Andrew",
                "auid": "0bd76723"
            }
        ],
        "14": [
            {
                "name": "Alan Bryden",
                "name_sort": "Bryden, Alan",
                "auid": "e12024f3"
            },
            {
                "name": "Fairlie Chappuis",
                "name_sort": "Chappuis, Fairlie",
                "auid": "08522127"
            }
        ],
        "15": [
            {
                "name": "Kathryn E. Piquette",
                "name_sort": "Piquette, Kathryn E.",
                "auid": "83468fcc"
            },
            {
                "name": "Ruth D. Whitehouse",
                "name_sort": "Whitehouse, Ruth D.",
                "auid": "01424770"
            }
        ],
        "16": [
            {
                "name": "Andreas Horni",
                "name_sort": "Horni, Andreas",
                "auid": "4b9495dd"
            },
            {
                "name": "Kai Nagel",
                "name_sort": "Nagel, Kai",
                "auid": "76eb5911"
            },
            {
                "name": "Kay W. Axhausen",
                "name_sort": "Axhausen, Kay W.",
                "auid": "02edc45c"
            }
        ],
        "17": [
            {
                "name": "Cristina Capineri",
                "name_sort": "Capineri, Cristina",
                "auid": "db4abbd0"
            },
            {
                "name": "Mordechai Haklay",
                "name_sort": "Haklay, Mordechai",
                "auid": "343efa78"
            },
            {
                "name": "Haosheng Huang",
                "name_sort": "Huang, Haosheng",
                "auid": "013a2353"
            },
            {
                "name": "Vyron Antoniou",
                "name_sort": "Antoniou, Vyron",
                "auid": "15610ae2"
            },
            {
                "name": "Juhani Kettunen",
                "name_sort": "Kettunen, Juhani",
                "auid": "e9852e29"
            },
            {
                "name": "Frank Ostermann",
                "name_sort": "Ostermann, Frank",
                "auid": "748ef982"
            },
            {
                "name": "Ross Purves",
                "name_sort": "Purves, Ross",
                "auid": "68fd72ea"
            }
        ],
        "18": [
            {
                "name": "Akira Matsuda",
                "name_sort": "Matsuda, Akira",
                "auid": "fff57efe"
            },
            {
                "name": "Luisa Elena Mengoni",
                "name_sort": "Mengoni, Luisa Elena",
                "auid": "c9ecde7b"
            }
        ],
        "19": [
            {
                "name": "Antonio Tintori",
                "name_sort": "Tintori, Antonio",
                "auid": "5e38eabb"
            },
            {
                "name": "Rossella Palomba",
                "name_sort": "Palomba, Rossella",
                "auid": "a24504af"
            }
        ],
        "20": [
            {
                "name": "Rajiv S. Jhangiani",
                "name_sort": "Jhangiani, Rajiv S.",
                "auid": "f07c258a"
            },
            {
                "name": "Robert Biswas-Diener",
                "name_sort": "Biswas-Diener, Robert",
                "auid": "573fa874"
            }
        ],
        "21": [
            {
                "name": "Thomas F. Babor",
                "name_sort": "Babor, Thomas F.",
                "auid": "3fb38f72"
            },
            {
                "name": "Kerstin Stenius",
                "name_sort": "Stenius, Kerstin",
                "auid": "4b00019b"
            },
            {
                "name": "Richard Pates",
                "name_sort": "Pates, Richard",
                "auid": "93ededa8"
            },
            {
                "name": "Michal Miovský",
                "name_sort": "Miovský, Michal",
                "auid": "b5342385"
            },
            {
                "name": "Jean O’Reilly",
                "name_sort": "O’Reilly, Jean",
                "auid": "6ef67d65"
            },
            {
                "name": "Paul Candon",
                "name_sort": "Candon, Paul",
                "auid": "1f0e9a14"
            }
        ],
        "22": [
            {
                "name": "J Kerman",
                "name_sort": "Kerman, J",
                "auid": "4e680948"
            }
        ],
        "23": [
            {
                "name": "Nile Green",
                "name_sort": "Green, Nile",
                "auid": "6c0da707"
            }
        ],
        "24": [
            {
                "name": "Marie Mercat-Bruns",
                "name_sort": "Mercat-Bruns, Marie",
                "auid": "65c3e98c"
            },
            {
                "name": "Elaine Holt",
                "name_sort": "Holt, Elaine",
                "auid": "c218c874"
            },
            {
                "name": "Christopher Kutz",
                "name_sort": "Kutz, Christopher",
                "auid": "4b2b679c"
            }
        ],
        "25": [
            {
                "name": "J. D. Y. Peel",
                "name_sort": "Peel, J. D. Y.",
                "auid": "9d80ea1c"
            }
        ],
        "26": [
            {
                "name": "Vicki Mayer",
                "name_sort": "Mayer, Vicki",
                "auid": "473e3452"
            }
        ],
        "27": [
            {
                "name": "Michael Curtin",
                "name_sort": "Curtin, Michael",
                "auid": "d3ef5fcb"
            },
            {
                "name": "Kevin Sanson",
                "name_sort": "Sanson, Kevin",
                "auid": "a336a937"
            }
        ],
        "28": [
            {
                "name": "Simon Marginson",
                "name_sort": "Marginson, Simon",
                "auid": "03108de7"
            }
        ],
        "29": [
            {
                "name": "J Savelsberg",
                "name_sort": "Savelsberg, J",
                "auid": "3d567cf8"
            }
        ],
        "30": [
            {
                "name": "Sandy Brian Hager",
                "name_sort": "Hager, Sandy Brian",
                "auid": "310b3c56"
            }
        ],
        "31": [
            {
                "name": "George E. Dutton",
                "name_sort": "Dutton, George E.",
                "auid": "c94e2cd6"
            }
        ],
        "32": [
            {
                "name": "Rajeev Kinra",
                "name_sort": "Kinra, Rajeev",
                "auid": "4ad1b7af"
            }
        ],
        "33": [
            {
                "name": "William Deverell",
                "name_sort": "Deverell, William",
                "auid": "ef44ee19"
            },
            {
                "name": "Tom Sitton",
                "name_sort": "Sitton, Tom",
                "auid": "c7c89057"
            }
        ],
        "34": [
            {
                "name": "Michael Curtin",
                "name_sort": "Curtin, Michael",
                "auid": "d3ef5fcb"
            },
            {
                "name": "Kevin Sanson",
                "name_sort": "Sanson, Kevin",
                "auid": "a336a937"
            }
        ],
        "35": [
            {
                "name": "Shannon Gleeson",
                "name_sort": "Gleeson, Shannon",
                "auid": "de93ac9c"
            }
        ],
        "36": [
            {
                "name": "Matt Bakker",
                "name_sort": "Bakker, Matt",
                "auid": "45bb3ea8"
            }
        ],
        "37": [
            {
                "name": "S Sarbadhikary",
                "name_sort": "Sarbadhikary, S",
                "auid": "d3478bba"
            }
        ],
        "38": [
            {
                "name": "Valerie Stoker",
                "name_sort": "Stoker, Valerie",
                "auid": "80274438"
            }
        ],
        "39": [
            {
                "name": "E. Summerson Carr",
                "name_sort": "Carr, E. Summerson",
                "auid": "4a25d50f"
            },
            {
                "name": "Michael Lempert",
                "name_sort": "Lempert, Michael",
                "auid": "98e2c241"
            }
        ],
        "40": [
            {
                "name": "Keith Guzik",
                "name_sort": "Guzik, Keith",
                "auid": "24c7cd9b"
            }
        ],
        "41": [
            {
                "name": "Thomas Patteson",
                "name_sort": "Patteson, Thomas",
                "auid": "c7b8178b"
            }
        ],
        "42": [
            {
                "name": "Rob King",
                "name_sort": "King, Rob",
                "auid": "a58dfc43"
            }
        ],
        "43": [
            {
                "name": "Elaine M. Fisher",
                "name_sort": "Fisher, Elaine M.",
                "auid": "e603068c"
            }
        ],
        "44": [
            {
                "name": "Roger Moseley",
                "name_sort": "Moseley, Roger",
                "auid": "0da03469"
            }
        ],
        "45": [
            {
                "name": "Katharina Galor",
                "name_sort": "Galor, Katharina",
                "auid": "3add3fca"
            }
        ],
        "46": [
            {
                "name": "Travis Workman",
                "name_sort": "Workman, Travis",
                "auid": "da602f3f"
            }
        ],
        "47": [
            {
                "name": "Erik Harms",
                "name_sort": "Harms, Erik",
                "auid": "40072230"
            }
        ],
        "48": [
            {
                "name": "Chris Benner",
                "name_sort": "Benner, Chris",
                "auid": "488d2dfa"
            },
            {
                "name": "Manuel Pastor",
                "name_sort": "Pastor, Manuel",
                "auid": "380616e7"
            }
        ],
        "49": [
            {
                "name": "Lori Khatchadourian",
                "name_sort": "Khatchadourian, Lori",
                "auid": "bb620c17"
            }
        ],
        "50": [
            {
                "name": "Nancy Postero",
                "name_sort": "Postero, Nancy",
                "auid": "33df06c7"
            }
        ]
    }
}