{
    "book": {
        "11": {
            "time": {
                "1480683060": "highlight",
                "1480683061": "note",
                "1480683120": "highlight",
                "1480683300": "note",
                "1480643100": "highlight",
                "1480643101": "note",
                "1480643340": "highlight",
                "1480643400": "note",
                "1480643522": "highlight",
                "1480643523": "note",
                "1480643520": "highlight",
                "1480643521": "note",
                "1480657740": "highlight",
                "1480657800": "note",
                "1480657860": "highlight",
                "1480657861": "note",
                "1480657980": "highlight",
                "1480658220": "note"
            },
            "count": {
                "total": 18,
                "highlights": 9,
                "notes": 9
            }
        },
        "19": {
            "time": {
                "1480633320": "highlight",
                "1480633321": "highlight",
                "1480633380": "highlight",
                "1480633440": "highlight",
                "1480633441": "note",
                "1480633560": "highlight",
                "1480633680": "note",
                "1480633800": "highlight",
                "1480633860": "note",
                "1480633980": "highlight",
                "1480634040": "note",
                "1480634400": "highlight",
                "1480634700": "note",
                "1480634701": "highlight"
            },
            "count": {
                "total": 14,
                "highlights": 9,
                "notes": 5
            }
        },
        "20": {
            "time": {
                "1480634940": "highlight",
                "1480634941": "note",
                "1480635000": "highlight",
                "1480635060": "note",
                "1480635061": "highlight",
                "1480635180": "highlight",
                "1480635181": "note"
            },
            "count": {
                "total": 7,
                "highlights": 4,
                "notes": 3
            }
        },
        "26": {
            "time": {
                "1480659420": "highlight",
                "1480774380": "highlight",
                "1480774440": "highlight",
                "1480774800": "highlight",
                "1480774860": "highlight",
                "1480775220": "highlight",
                "1480775280": "note"
            },
            "count": {
                "total": 7,
                "highlights": 6,
                "notes": 1
            }
        },
        "27": {
            "time": {
                "1480834560": "highlight",
                "1497196500": "highlight"
            },
            "count": {
                "total": 2,
                "highlights": 2
            }
        },
        "34": {
            "time": {
                "1480806060": "highlight",
                "1480806180": "highlight",
                "1480806300": "highlight",
                "1480806301": "note",
                "1480808460": "highlight",
                "1480808520": "note",
                "1480830780": "highlight",
                "1480809060": "highlight",
                "1480809061": "note",
                "1480809120": "highlight",
                "1480833000": "highlight",
                "1480833060": "highlight",
                "1480833360": "highlight",
                "1480833361": "note"
            },
            "count": {
                "total": 14,
                "highlights": 10,
                "notes": 4
            }
        }
    }
}