{"book":{"1":{"tag":{"1":"Philosophy","81":"Agriculture","82":"Law","83":"Medicine","84":"Animals","85":"Veganism","86":"Genetic engineering","87":"Speciesism","88":"Holistic health","89":"Vegan agriculture","90":"Nutrition"}},"2":{"tag":{"3":"Education","28":"Open Scholarship","29":"Open education","30":"Open access","31":"MOOC"}},"3":{"tag":{"23":"Sustainable development","37":"Governance","38":"International development","39":"Political science","40":"Public policy"}},"4":{"tag":{"3":"Education","24":"Computing","25":"Ebooks","26":"Publishing","27":"Universities"}},"6":{"tag":{"3":"Education","41":"Teaching methods","67":"Inquiry based science education","68":"Botanic garden education","69":"Learning outside the classroom","70":"Expansive learning","71":"Biology education research"}},"7":{"tag":{"3":"Education","14":"Archaeology","29":"Open education","72":"Digital Humanities","73":"Literature","74":"Palaeography","75":"Crowdsourcing","76":"Treebanking","77":"Linked Open Data","78":"Multispectral Imaging","79":"Epigraphy","80":"Test Encoding"}},"8":{"tag":{"53":"Higher education","54":"Social science","55":"Military University","56":"Armed forces","57":"Skills"}},"9":{"tag":{"8":"Architecture","9":"Historic Preservation","15":"History","21":"Conservation","22":"Heritage","23":"Sustainable development"}},"10":{"tag":{"39":"Political science","58":"International relations","59":"Security sector reform","60":"Security sector governance","61":"Democracy","62":"West Africa","63":"Domestic security","64":"Development","65":"Politics","66":"Government"}},"11":{"tag":{"3":"Education","30":"Open access","32":"Science","33":"Open data","34":"Text and data mining","35":"Open science","36":"Research"}},"12":{"tag":{"3":"Education","41":"Teaching methods","46":"Behavioural science","47":"Marketing","48":"Technology and engineering","49":"Applied statistics","50":"Survey methodology","51":"Mobile devices","52":"Research methods"}},"13":{"tag":{"3":"Education","41":"Teaching methods","42":"Philosophy of education","43":"Higher education policy development","44":"Higher education and society","45":"Higher education design and administration"}},"14":{"tag":{"39":"Political science","58":"International relations","59":"Security sector reform","60":"Security sector governance","61":"Democracy","62":"West Africa","63":"Domestic security","64":"Development","65":"Politics","66":"Government"}},"15":{"tag":{"13":"Anthropology","14":"Archaeology","15":"History","16":"Writing","17":"Text","18":"Practice theory","19":"Materiality","20":"Graphical culture"}},"16":{"tag":{"54":"Social science","91":"Civil Engineering","92":"Computer Science","93":"Geography","94":"Mathematics","95":"Physics","96":"Large-scale simulation","97":"Agent-based modeling","98":"Choice modeling","99":"Transport modeling","100":"Transport planning"}},"17":{"tag":{"75":"Crowdsourcing","93":"Geography","101":"Earth Sciences","102":"Technology & Engineering","103":"Volunteered geographic information","104":"Spatial data","105":"Geospatial information"}},"18":{"tag":{"22":"Heritage","54":"Social science","106":"Arts","107":"Humanities","108":"East Asia","109":"Japan","110":"China","111":"Korea","112":"Monuments"}},"19":{"tag":{"39":"Political science","54":"Social science","113":"STEM","114":"Interaction-based science communication","115":"Gender stereotypes in science","116":"Stereotypes' removal","117":"Stereotypes on scientists","118":"Stereotypes"}},"20":{"tag":{"3":"Education","29":"Open education","30":"Open access","32":"Science","35":"Open science","54":"Social science","119":"Pedagogy","120":"Psychology","121":"Open textbooks","122":"Open pedagogy","123":"Open educational resources"}},"21":{"tag":{"83":"Medicine","120":"Psychology","124":"Addiction studies","125":"Psychiatry","126":"Public health","127":"Sociology","128":"Competing interests","129":"Authorship","130":"Scientific integrity","131":"Addiction science","132":"Publication ethics","133":"Responsible conduct of research"}},"22":{"tag":{"134":"Music"}},"23":{"tag":{"127":"Sociology","135":"Islam","136":"Religious studies","137":"Theology"}},"24":{"tag":{"82":"Law","138":"Discrimination","139":"Workplace","140":"Business","141":"Management","142":"Human Resources"}},"25":{"tag":{"135":"Islam","143":"Religion","144":"Comparative Religion","145":"Christianity","146":"Orisa"}},"26":{"tag":{"15":"History","147":"United States","149":"Performing Arts","150":"Film","206":"State & Local","207":"Direction & Production","208":"Show Business"}},"27":{"tag":{"140":"Business","153":"Hollywood","154":"Film industry"}},"28":{"tag":{"3":"Education","155":"Higher","156":"Educational Policy & Reform","157":"Federal Legislation","158":"Philosophy; Theory & Social Aspects"}},"29":{"tag":{"15":"History","127":"Sociology","159":"Criminology"}},"30":{"tag":{"15":"History","140":"Business","147":"United States","160":"21st Century","161":"Economics","162":"U.S. History"}},"31":{"tag":{"15":"History","145":"Christianity","163":"Asian Studies","164":"Vietnam"}},"32":{"tag":{"15":"History","165":"Biography & Autobiography","166":"General","167":"Asia","168":"India & South Asia","169":"Literary Criticism","170":"Asian","171":"Biography","172":"History of India and South Asia","173":"Indo-Persian poetry"}},"33":{"tag":{"15":"History","174":"Environmental History","175":"U.S. Western History","176":"U.S.A"}},"34":{"tag":{"177":"Globalization","178":"Labor studies","179":"Media studies","180":"Social sciences"}},"35":{"tag":{"181":"Labor Relations Law and Society Sociology"}},"36":{"tag":{"23":"Sustainable development","127":"Sociology","161":"Economics","182":"Finance","183":"Migration"}},"37":{"tag":{"127":"Sociology","143":"Religion","184":"Cultural Anthropology","185":"Sociology of Religion"}},"38":{"tag":{"15":"History","143":"Religion","186":"South Asian History","187":"India","188":"South Asia"}},"39":{"tag":{"13":"Anthropology","52":"Research methods","54":"Social science","189":"Ethnography"}},"40":{"tag":{"39":"Political science","54":"Social science","102":"Technology & Engineering","127":"Sociology","159":"Criminology","166":"General","190":"Privacy & Surveillance","191":"Electronics"}},"41":{"tag":{"134":"Music","192":"History of music","193":"Music criticism"}},"42":{"tag":{"54":"Social science","149":"Performing Arts","150":"Film","194":"History & Criticism","195":"Comedy","196":"Popular Culture"}},"43":{"tag":{"15":"History","143":"Religion","167":"Asia","168":"India & South Asia","197":"Social History","198":"Hinduism"}},"44":{"tag":{"134":"Music","179":"Media studies"}},"45":{"tag":{"14":"Archaeology","15":"History","32":"Science","127":"Sociology","199":"History Religion","200":"Ideology"}},"46":{"tag":{"1":"Philosophy","15":"History","109":"Japan","111":"Korea","167":"Asia","201":"Korean history","202":"Korean literature"}},"47":{"tag":{"13":"Anthropology","127":"Sociology","163":"Asian Studies","164":"Vietnam"}},"48":{"tag":{"54":"Social science","127":"Sociology","203":"Urban"}},"49":{"tag":{"13":"Anthropology","14":"Archaeology","15":"History","204":"Imperialism"}},"50":{"tag":{"13":"Anthropology","15":"History","205":"Latin American Studies"}}}}