{
    "book": {
        "4": {
            "stack": {
                "2": "Technology & Politics"
            }
        },
        "7": {
            "stack": {
                "2": "Technology & Politics"
            }
        },
        "9": {
            "stack": {
                "1": "Cultural Politics 101"
            }
        },
        "11": {
            "stack": {
                "6": "Open Science"
            }
        },
        "17": {
            "stack": {
                "2": "Technology & Politics"
            }
        },
        "19": {
            "stack": {
                "6": "Open Science"
            }
        },
        "20": {
            "stack": {
                "2": "Technology & Politics",
                "6": "Open Science"
            }
        },
        "21": {
            "stack": {
                "6": "Open Science"
            }
        },
        "26": {
            "stack": {
                "4": "New Hollywood",
                "5": "Informal Economies"
            }
        },
        "27": {
            "stack": {
                "4": "New Hollywood"
            }
        },
        "31": {
            "stack": {
                "3": "East Asian Studies Class"
            }
        },
        "34": {
            "stack": {
                "4": "New Hollywood"
            }
        },
        "36": {
            "stack": {
                "5": "Informal Economies"
            }
        },
        "37": {
            "stack": {
                "1": "Cultural Politics 101"
            }
        },
        "38": {
            "stack": {
                "1": "Cultural Politics 101"
            }
        },
        "39": {
            "stack": {
                "2": "Technology & Politics"
            }
        },
        "40": {
            "stack": {
                "2": "Technology & Politics"
            }
        },
        "45": {
            "stack": {
                "1": "Cultural Politics 101"
            }
        },
        "46": {
            "stack": {
                "3": "East Asian Studies Class"
            }
        },
        "49": {
            "stack": {
                "1": "Cultural Politics 101"
            }
        }
    }
}