{
    "9d251ec6-f2bc-45a8-9fe4-05ebb64a64bf": {
        "bid": 1,
        "gdrds": "31339137"
    },
    "f53c05d2-0b16-4089-a3fc-55c5ce954204": {
        "bid": 2,
        "gdrds": "23815271"
    },
    "7cf6b0cb-6053-4621-9b56-038ac8abe695": {
        "bid": 4,
        "gdrds": "26493049"
    },
    "f0423272-94e6-43aa-88a9-e716efdf5025": {
        "bid": 5,
        "gdrds": "19157834"
    },
    "b9f3491e-43e6-4126-afec-02461719c201": {
        "bid": 6,
        "gdrds": "28215486"
    },
    "09873bfa-e47a-49cc-97c6-f8afe6363ed0": {
        "bid": 8,
        "gdrds": "27039652"
    },
    "1d464883-e282-4e18-82a9-21c0aaea6138": {
        "bid": 9,
        "gdrds": "23332760"
    },
    "ff3e5df6-7671-4d21-9508-77c9aee0223e": {
        "bid": 11,
        "gdrds": "27160821"
    },
    "cd77680d-0721-4506-8b2d-b3cf9050eb55": {
        "bid": 12,
        "gdrds": "27039651"
    },
    "0199c78c-d38f-4f1e-98e9-127e5ab327cf": {
        "bid": 13,
        "gdrds": "26782707"
    },
    "305c7a26-c9a7-4473-b971-651d674ae312": {
        "bid": 14,
        "gdrds": "28205496"
    },
    "6649b5bf-74a5-4d52-8692-b0209e9fa10a": {
        "bid": 15,
        "gdrds": "20601413"
    },
    "3f1745a6-f591-4e3f-bb69-a5b481974cf6": {
        "bid": 16,
        "gdrds": "31085404"
    },
    "c9ee27ea-430b-4fcb-b8ee-acb663a429b2": {
        "bid": 18,
        "gdrds": "32927597"
    },
    "4aed8001-8004-4fb2-92f5-fd240e976e27": {
        "bid": 19,
        "gdrds": "34186152"
    },
    "526865f3-d0d9-4ffa-a6f9-7d93a50600da": {
        "bid": 20,
        "gdrds": "35151354"
    },
    "1a339702-943d-4f45-a6e5-7d761e39ef4e": {
        "bid": 22,
        "gdrds": "16339727"
    },
    "9a753674-782d-41e0-95d3-52315468b458": {
        "bid": 23,
        "gdrds": "32510348"
    },
    "ee30a856-03e4-4d00-84b3-d666026a04d9": {
        "bid": 24,
        "gdrds": "25778248"
    },
    "9e6ec32c-ebb4-4c1b-8a9e-22761382310c": {
        "bid": 25,
        "gdrds": "26514986"
    },
    "9f8a6c93-5aa6-419e-841d-92821fe4318b": {
        "bid": 26,
        "gdrds": "32508706"
    },
    "746a5666-40d4-4d34-a543-f923652bb2b9": {
        "bid": 27,
        "gdrds": "33596278"
    },
    "37d53cc5-fb0b-45ce-9f32-9109e1548873": {
        "bid": 28,
        "gdrds": "29639767"
    },
    "9d154f17-b988-470d-b4c2-b0b9cdb98992": {
        "bid": 29,
        "gdrds": "25778233"
    },
    "b0264306-12c8-43c1-95f0-6879ff94207b": {
        "bid": 30,
        "gdrds": "27220666"
    },
    "1e28b8f2-df4a-4b1e-8cf1-f47068c9c1cf": {
        "bid": 31,
        "gdrds": "31456579"
    },
    "8d7fa14e-d55d-4797-9099-7a10355ca698": {
        "bid": 32,
        "gdrds": "25779789"
    },
    "30446aaf-9ee1-4552-9ca2-d8d8dc9f13fb": {
        "bid": 33,
        "gdrds": "29563638"
    },
    "92e4764f-eb9b-4c7c-999e-b50ee8d9f3be": {
        "bid": 34,
        "gdrds": "27190492"
    },
    "8b452e72-e62f-4d80-8446-a3f96a6e92b8": {
        "bid": 35,
        "gdrds": "29993766"
    },
    "0b36e81f-bbb0-4bed-aaea-b3ba098017ad": {
        "bid": 36,
        "gdrds": "25778242"
    },
    "43580f09-ed1c-4cf4-8e89-c295c0321ee4": {
        "bid": 37,
        "gdrds": "25778208"
    },
    "f81121d5-c569-4377-9737-62575514d611": {
        "bid": 38,
        "gdrds": "29563619"
    },
    "af065a21-0133-4ca0-87e7-886f5abb1586": {
        "bid": 39,
        "gdrds": "29771574"
    },
    "8c9b5e7f-094c-42b6-8507-93e4e84a9eaa": {
        "bid": 40,
        "gdrds": "27065719"
    },
    "c303e757-cd4e-475f-99a7-7bf9d1a88cc7": {
        "bid": 41,
        "gdrds": "25778227"
    },
    "7cca92ce-8ab4-43ed-ad39-9354f3a8d0fc": {
        "bid": 42,
        "gdrds": "32714158"
    },
    "71d67c09-ae45-499b-b429-a1c0b1b45bef": {
        "bid": 43,
        "gdrds": "32739700"
    },
    "0d9214ac-d18d-4f9d-8c12-bd31b97908f8": {
        "bid": 44,
        "gdrds": "29587583"
    },
    "24b8a93f-af5d-4507-b20d-aa1155bdbcc8": {
        "bid": 45,
        "gdrds": "32956140"
    },
    "a97da110-2846-46b5-b40a-c739557184e5": {
        "bid": 46,
        "gdrds": "26196537"
    },
    "3ffe26fc-bb67-45f1-9433-668d016bfdbe": {
        "bid": 47,
        "gdrds": "29563616"
    },
    "dcfcd904-e94b-4aca-976c-0158a862b1cb": {
        "bid": 48,
        "gdrds": "26701964"
    },
    "b338bf97-d0cc-4927-aaa4-54a0a941657e": {
        "bid": 49,
        "gdrds": "27190485"
    },
    "11400e0a-7c31-46a0-90a5-96198107cbbf": {
        "bid": 50,
        "gdrds": "34153163"
    }
}