{
    "publisher": {
        "2": {
            "name": "Ubiquity Press",
            "books": {
                "1": 1,
                "2": 2,
                "3": 3,
                "4": 4,
                "5": 5,
                "6": 6,
                "8": 8,
                "9": 9,
                "10": 10,
                "11": 11,
                "12": 12,
                "13": 13,
                "14": 14,
                "15": 15,
                "16": 16,
                "17": 17,
                "18": 18,
                "19": 19,
                "20": 20,
                "21": 21
            },
            "count": 20
        },
        "4": {
            "name": "Univ of California Press",
            "books": {
                "25": 25,
                "28": 28,
                "40": 40,
                "48": 48
            },
            "count": 4
        },
        "1": {
            "name": "University of California Press",
            "books": {
                "7": 7,
                "22": 22,
                "23": 23,
                "24": 24,
                "26": 26,
                "27": 27,
                "29": 29,
                "30": 30,
                "31": 31,
                "32": 32,
                "33": 33,
                "34": 34,
                "35": 35,
                "36": 36,
                "37": 37,
                "38": 38,
                "39": 39,
                "41": 41,
                "42": 42,
                "43": 43,
                "44": 44,
                "45": 45,
                "46": 46,
                "47": 47,
                "49": 49
            },
            "count": 25
        },
        "5": {
            "name": "University of California Press.",
            "books": {
                "50": 50
            },
            "count": 1
        }
    }
}