{"50":{"title":"The Indigenous State","uuid":"11400e0a-7c31-46a0-90a5-96198107cbbf","isbn":"9780520967304","doi":"10.1525/luminos.31","gdrds":"34153163","authors_so":["Postero, Nancy"],"authors_pp":"Nancy Postero","pub_date_ts":1430784000,"add_date_ts":1489532400,"lastmod_ts":1496951604,"liked":false,"uri":"http://rlp.rebus.cc/library/book/11400e0a-7c31-46a0-90a5-96198107cbbf","reviewed":false,"publisher":{"id":5,"name":"University of California Press."},"reads":"unread","path":"Nancy Postero/The Indigenous State_ Race, Politics, and Performance in Plurinational Bolivia (50)","filename":"The Indigenous State_ Race, Politics, and - Nancy Postero","tags_ds":"Anthropology, History, Latin American Studies","tags_assoc":{"13":"Anthropology","15":"History","205":"Latin American Studies"},"bundles_ds":null,"bundles_assoc":null,"stacks_ds":null,"stacks_assoc":null,"pages":216,"annotated":false,"epub_copy_name":"The_Indigenous_State-Nancy_Postero.epub"},"49":{"title":"Imperial Matter","uuid":"b338bf97-d0cc-4927-aaa4-54a0a941657e","isbn":"9780520290525","doi":"10.1525/luminos.13","gdrds":"27190485","authors_so":["Khatchadourian, Lori"],"authors_pp":"Lori Khatchadourian","pub_date_ts":1458259200,"add_date_ts":1489532400,"lastmod_ts":1496951589,"liked":false,"uri":"http://rlp.rebus.cc/library/book/b338bf97-d0cc-4927-aaa4-54a0a941657e","reviewed":false,"publisher":{"id":1,"name":"University of California Press"},"reads":"unread","path":"Lori Khatchadourian/Imperial Matter_ Ancient Persia and the Archaeology of Empires (49)","filename":"Imperial Matter_ Ancient Persia and the Ar - Lori Khatchadourian","tags_ds":"Anthropology, Archaeology, History, Imperialism","tags_assoc":{"13":"Anthropology","14":"Archaeology","15":"History","204":"Imperialism"},"bundles_ds":null,"bundles_assoc":null,"stacks_ds":"Cultural Politics 101","stacks_assoc":{"1":"Cultural Politics 101"},"pages":384,"annotated":false,"epub_copy_name":"Imperial_Matter-Lori_Khatchadourian.epub"},"48":{"title":"Equity, Growth, and Community","uuid":"dcfcd904-e94b-4aca-976c-0158a862b1cb","isbn":"9780520960046","doi":"10.1525/luminos.6","gdrds":"26701964","authors_so":["Benner, Chris & Pastor, Manuel"],"authors_pp":"Chris Benner & Manuel Pastor","pub_date_ts":1444348800,"add_date_ts":1489532400,"lastmod_ts":1496951571,"liked":false,"uri":"http://rlp.rebus.cc/library/book/dcfcd904-e94b-4aca-976c-0158a862b1cb","reviewed":false,"publisher":{"id":4,"name":"Univ of California Press"},"reads":"unread","path":"Chris Benner/Equity, Growth, and Community_ What the Nation Can Learn From America's Metro Areas (48)","filename":"Equity, Growth, and Community_ What the Na - Chris Benner","tags_ds":"Social science, Sociology, Urban","tags_assoc":{"54":"Social science","127":"Sociology","203":"Urban"},"bundles_ds":null,"bundles_assoc":null,"stacks_ds":null,"stacks_assoc":null,"pages":364,"annotated":false,"epub_copy_name":"Equity_Growth_and_Community-Chris_Benner.epub"},"47":{"title":"Luxury and Rubble","uuid":"3ffe26fc-bb67-45f1-9433-668d016bfdbe","isbn":"9780520292512","doi":"10.1525/luminos.20","gdrds":"29563616","authors_so":["Harms, Erik"],"authors_pp":"Erik Harms","pub_date_ts":1471865076,"add_date_ts":1489532400,"lastmod_ts":1496951588,"liked":false,"uri":"http://rlp.rebus.cc/library/book/3ffe26fc-bb67-45f1-9433-668d016bfdbe","reviewed":false,"publisher":{"id":1,"name":"University of California Press"},"reads":"unread","path":"Erik Harms/Luxury and Rubble_ Civility and Dispossession in the New Saigon (47)","filename":"Luxury and Rubble_ Civility and Dispossess - Erik Harms","tags_ds":"Anthropology, Sociology, Asian Studies, Vietnam","tags_assoc":{"13":"Anthropology","127":"Sociology","163":"Asian Studies","164":"Vietnam"},"bundles_ds":null,"bundles_assoc":null,"stacks_ds":null,"stacks_assoc":null,"pages":304,"annotated":false,"epub_copy_name":"Luxury_and_Rubble-Erik_Harms.epub"},"46":{"title":"Imperial Genus","uuid":"a97da110-2846-46b5-b40a-c739557184e5","isbn":"9780520289598","doi":"10.1525/luminos.9","gdrds":"26196537","authors_so":["Workman, Travis"],"authors_pp":"Travis Workman","pub_date_ts":1448755200,"add_date_ts":1487113200,"lastmod_ts":1496951699,"liked":false,"uri":"http://rlp.rebus.cc/library/book/a97da110-2846-46b5-b40a-c739557184e5","reviewed":false,"publisher":{"id":1,"name":"University of California Press"},"reads":"unread","path":"Travis Workman/Imperial Genus_ The Formation and Limits of the Human in Modern Korea and Japan (46)","filename":"Imperial Genus_ The Formation and Limits o - Travis Workman","tags_ds":"Philosophy, History, Japan, Korea, Asia, Korean history, Korean literature","tags_assoc":{"1":"Philosophy","15":"History","109":"Japan","111":"Korea","167":"Asia","201":"Korean history","202":"Korean literature"},"bundles_ds":null,"bundles_assoc":null,"stacks_ds":"East Asian Studies Class","stacks_assoc":{"3":"East Asian Studies Class"},"pages":324,"annotated":false,"epub_copy_name":"Imperial_Genus-Travis_Workman.epub"},"45":{"title":"Finding Jerusalem","uuid":"24b8a93f-af5d-4507-b20d-aa1155bdbcc8","isbn":"9780520295254","doi":"10.1525/luminos.29","gdrds":"32956140","authors_so":["Galor, Katharina"],"authors_pp":"Katharina Galor","pub_date_ts":1490313600,"add_date_ts":1489532400,"lastmod_ts":1496951580,"liked":false,"uri":"http://rlp.rebus.cc/library/book/24b8a93f-af5d-4507-b20d-aa1155bdbcc8","reviewed":false,"publisher":{"id":1,"name":"University of California Press"},"reads":"unread","path":"Katharina Galor/Finding Jerusalem_ Archaeology Between Science and Ideology (45)","filename":"Finding Jerusalem_ Archaeology Between Sci - Katharina Galor","tags_ds":"Archaeology, History, Science, Sociology, History Religion, Ideology","tags_assoc":{"14":"Archaeology","15":"History","32":"Science","127":"Sociology","199":"History Religion","200":"Ideology"},"bundles_ds":null,"bundles_assoc":null,"stacks_ds":"Cultural Politics 101","stacks_assoc":{"1":"Cultural Politics 101"},"pages":272,"annotated":false,"epub_copy_name":"Finding_Jerusalem-Katharina_Galor.epub"},"44":{"title":"Keys to Play","uuid":"0d9214ac-d18d-4f9d-8c12-bd31b97908f8","isbn":"978-0-520-96509-6","doi":"10.1525/luminos.16","gdrds":"29587583","authors_so":["Moseley, Roger"],"authors_pp":"Roger Moseley","pub_date_ts":1475107200,"add_date_ts":1489532400,"lastmod_ts":1496951617,"liked":false,"uri":"http://rlp.rebus.cc/library/book/0d9214ac-d18d-4f9d-8c12-bd31b97908f8","reviewed":false,"publisher":{"id":1,"name":"University of California Press"},"reads":"unread","path":"Roger Moseley/Keys to Play (44)","filename":"Keys to Play - Roger Moseley","tags_ds":"Music, Media studies","tags_assoc":{"134":"Music","179":"Media studies"},"bundles_ds":null,"bundles_assoc":null,"stacks_ds":null,"stacks_assoc":null,"pages":485,"annotated":false,"epub_copy_name":"Keys_to_Play-Roger_Moseley.epub"},"43":{"title":"Hindu Pluralism","uuid":"71d67c09-ae45-499b-b429-a1c0b1b45bef","isbn":"9780520293014","doi":"10.1525/luminos.24","gdrds":"32739700","authors_so":["Fisher, Elaine M."],"authors_pp":"Elaine M. Fisher","pub_date_ts":1494847410,"add_date_ts":1489532400,"lastmod_ts":1496951593,"liked":false,"uri":"http://rlp.rebus.cc/library/book/71d67c09-ae45-499b-b429-a1c0b1b45bef","reviewed":false,"publisher":{"id":1,"name":"University of California Press"},"reads":"unread","path":"Elaine M. Fisher/Hindu Pluralism_ Religion and the Public Sphere in Early Modern South India (43)","filename":"Hindu Pluralism_ Religion and the Public S - Elaine M. Fisher","tags_ds":"History, Religion, Asia, India & South Asia, Social History, Hinduism","tags_assoc":{"15":"History","143":"Religion","167":"Asia","168":"India & South Asia","197":"Social History","198":"Hinduism"},"bundles_ds":null,"bundles_assoc":null,"stacks_ds":null,"stacks_assoc":null,"pages":262,"annotated":false,"epub_copy_name":"Hindu_Pluralism-Elaine_M._Fisher.epub"},"42":{"title":"Hokum!","uuid":"7cca92ce-8ab4-43ed-ad39-9354f3a8d0fc","isbn":"9780520288119","doi":"10.1525/luminos.28","gdrds":"32714158","authors_so":["King, Rob"],"authors_pp":"Rob King","pub_date_ts":1491523200,"add_date_ts":1489532400,"lastmod_ts":1496951597,"liked":false,"uri":"http://rlp.rebus.cc/library/book/7cca92ce-8ab4-43ed-ad39-9354f3a8d0fc","reviewed":false,"publisher":{"id":1,"name":"University of California Press"},"reads":"unread","path":"Rob King/Hokum!_ The Early Sound Slapstick Short and Depression-Era Mass Culture (42)","filename":"Hokum!_ The Early Sound Slapstick Short an - Rob King","tags_ds":"Social science, Performing Arts, Film, History & Criticism, Comedy, Popular Culture","tags_assoc":{"54":"Social science","149":"Performing Arts","150":"Film","194":"History & Criticism","195":"Comedy","196":"Popular Culture"},"bundles_ds":null,"bundles_assoc":null,"stacks_ds":null,"stacks_assoc":null,"pages":272,"annotated":false,"epub_copy_name":"Hokum-Rob_King.epub"},"41":{"title":"Instruments for New Music","uuid":"c303e757-cd4e-475f-99a7-7bf9d1a88cc7","isbn":"9780520288027","doi":"10.1525/luminos.7","gdrds":"25778227","authors_so":["Patteson, Thomas"],"authors_pp":"Thomas Patteson","pub_date_ts":1447200000,"add_date_ts":1487113200,"lastmod_ts":1496951676,"liked":false,"uri":"http://rlp.rebus.cc/library/book/c303e757-cd4e-475f-99a7-7bf9d1a88cc7","reviewed":false,"publisher":{"id":1,"name":"University of California Press"},"reads":"unread","path":"Thomas Patteson/Instruments for New Music_ Sound, Technology, and Modernism (41)","filename":"Instruments for New Music_ Sound, Technolo - Thomas Patteson","tags_ds":"Music, History of music, Music criticism","tags_assoc":{"134":"Music","192":"History of music","193":"Music criticism"},"bundles_ds":null,"bundles_assoc":null,"stacks_ds":null,"stacks_assoc":null,"pages":250,"annotated":false,"epub_copy_name":"Instruments_for_New_Music-Thomas_Patteson.epub"},"40":{"title":"Making Things Stick","uuid":"8c9b5e7f-094c-42b6-8507-93e4e84a9eaa","isbn":"9780520959705","doi":"10.1525/luminos.12","gdrds":"27065719","authors_so":["Guzik, Keith"],"authors_pp":"Keith Guzik","pub_date_ts":1456099200,"add_date_ts":1487113200,"lastmod_ts":1496951673,"liked":false,"uri":"http://rlp.rebus.cc/library/book/8c9b5e7f-094c-42b6-8507-93e4e84a9eaa","reviewed":false,"publisher":{"id":4,"name":"Univ of California Press"},"reads":"unread","path":"Keith Guzik/Making Things Stick_ Surveillance Technologies and Mexico's War on Crime (40)","filename":"Making Things Stick_ Surveillance Technolo - Keith Guzik","tags_ds":"Political science, Social science, Technology & Engineering, Sociology, Criminology, General, Privacy & Surveillance, Electronics","tags_assoc":{"39":"Political science","54":"Social science","102":"Technology & Engineering","127":"Sociology","159":"Criminology","166":"General","190":"Privacy & Surveillance","191":"Electronics"},"bundles_ds":null,"bundles_assoc":null,"stacks_ds":"Technology & Politics","stacks_assoc":{"2":"Technology & Politics"},"pages":256,"annotated":false,"epub_copy_name":"Making_Things_Stick-Keith_Guzik.epub"},"39":{"title":"Scale","uuid":"af065a21-0133-4ca0-87e7-886f5abb1586","isbn":"9780520291799","doi":"10.1525/luminos.15","gdrds":"29771574","authors_so":["Carr, E. Summerson & Lempert, Michael"],"authors_pp":"E. Summerson Carr & Michael Lempert","pub_date_ts":1470828418,"add_date_ts":1487113200,"lastmod_ts":1496951662,"liked":false,"uri":"http://rlp.rebus.cc/library/book/af065a21-0133-4ca0-87e7-886f5abb1586","reviewed":false,"publisher":{"id":1,"name":"University of California Press"},"reads":"queued","path":"E. Summerson Carr/Scale_ Discourse and Dimensions of Social Life (39)","filename":"Scale_ Discourse and Dimensions of Social - E. Summerson Carr","tags_ds":"Anthropology, Research methods, Social science, Ethnography","tags_assoc":{"13":"Anthropology","52":"Research methods","54":"Social science","189":"Ethnography"},"bundles_ds":null,"bundles_assoc":null,"stacks_ds":"Technology & Politics","stacks_assoc":{"2":"Technology & Politics"},"pages":276,"annotated":false,"epub_copy_name":"Scale-E._Summerson_Carr.epub"},"38":{"title":"Polemics and Patronage in the City of Victory","uuid":"f81121d5-c569-4377-9737-62575514d611","isbn":"9780520291836","doi":"10.1525/luminos.18","gdrds":"29563619","authors_so":["Stoker, Valerie"],"authors_pp":"Valerie Stoker","pub_date_ts":1463311605,"add_date_ts":1487113200,"lastmod_ts":1496951685,"liked":false,"uri":"http://rlp.rebus.cc/library/book/f81121d5-c569-4377-9737-62575514d611","reviewed":false,"publisher":{"id":1,"name":"University of California Press"},"reads":"unread","path":"Valerie Stoker/Polemics and Patronage in the City of Victory_ Vyasatirtha, Hindu Sectarianism, and the Sixteent (38)","filename":"Polemics and Patronage in the City of Vict - Valerie Stoker","tags_ds":"History, Religion, South Asian History, India, South Asia","tags_assoc":{"15":"History","143":"Religion","186":"South Asian History","187":"India","188":"South Asia"},"bundles_ds":null,"bundles_assoc":null,"stacks_ds":"Cultural Politics 101","stacks_assoc":{"1":"Cultural Politics 101"},"pages":230,"annotated":false,"epub_copy_name":"Polemics_and_Patronage_in_the_City_of_Victory-Valerie_Stoker.epub"},"37":{"title":"The Place of Devotion","uuid":"43580f09-ed1c-4cf4-8e89-c295c0321ee4","isbn":"9780520287716","doi":"10.1525/luminos.2","gdrds":"25778208","authors_so":["Sarbadhikary, S"],"authors_pp":"S Sarbadhikary","pub_date_ts":1431689195,"add_date_ts":1484521200,"lastmod_ts":1496951715,"liked":false,"uri":"http://rlp.rebus.cc/library/book/43580f09-ed1c-4cf4-8e89-c295c0321ee4","reviewed":false,"publisher":{"id":1,"name":"University of California Press"},"reads":"unread","path":"Sukanya Sarbadhikary/The Place of Devotion_ Siting and Experiencing Divinity in Bengal-Vaishnavism (37)","filename":"The Place of Devotion_ Siting and Experien - Sukanya Sarbadhikary","tags_ds":"Sociology, Religion, Cultural Anthropology, Sociology of Religion","tags_assoc":{"127":"Sociology","143":"Religion","184":"Cultural Anthropology","185":"Sociology of Religion"},"bundles_ds":null,"bundles_assoc":null,"stacks_ds":"Cultural Politics 101","stacks_assoc":{"1":"Cultural Politics 101"},"pages":294,"annotated":false,"epub_copy_name":"The_Place_of_Devotion-S_Sarbadhikary.epub"},"36":{"title":"Migrating Into Financial Markets","uuid":"0b36e81f-bbb0-4bed-aaea-b3ba098017ad","isbn":"9780520285460","doi":"10.1525/luminos.5","gdrds":"25778242","authors_so":["Bakker, Matt"],"authors_pp":"Matt Bakker","pub_date_ts":1431689183,"add_date_ts":1487113200,"lastmod_ts":1496951651,"liked":false,"uri":"http://rlp.rebus.cc/library/book/0b36e81f-bbb0-4bed-aaea-b3ba098017ad","reviewed":false,"publisher":{"id":1,"name":"University of California Press"},"reads":"unread","path":"Matt Bakker/Migrating Into Financial Markets_ How Remittances Became a Development Tool (36)","filename":"Migrating Into Financial Markets_ How Remi - Matt Bakker","tags_ds":"Sustainable development, Sociology, Economics, Finance, Migration","tags_assoc":{"23":"Sustainable development","127":"Sociology","161":"Economics","182":"Finance","183":"Migration"},"bundles_ds":null,"bundles_assoc":null,"stacks_ds":"Informal Economies","stacks_assoc":{"5":"Informal Economies"},"pages":296,"annotated":false,"epub_copy_name":"Migrating_Into_Financial_Markets-Matt_Bakker.epub"},"35":{"title":"Precarious Claims","uuid":"8b452e72-e62f-4d80-8446-a3f96a6e92b8","isbn":"9780520288782","doi":"10.1525/luminos.19","gdrds":"29993766","authors_so":["Gleeson, Shannon"],"authors_pp":"Shannon Gleeson","pub_date_ts":1463311568,"add_date_ts":1487113200,"lastmod_ts":1496951661,"liked":false,"uri":"http://rlp.rebus.cc/library/book/8b452e72-e62f-4d80-8446-a3f96a6e92b8","reviewed":false,"publisher":{"id":1,"name":"University of California Press"},"reads":"unread","path":"Shannon Gleeson/Precarious Claims_ The Promise and Failure of Workplace Protections in the United States (35)","filename":"Precarious Claims_ The Promise and Failure - Shannon Gleeson","tags_ds":"Labor Relations Law and Society Sociology","tags_assoc":{"181":"Labor Relations Law and Society Sociology"},"bundles_ds":null,"bundles_assoc":null,"stacks_ds":null,"stacks_assoc":null,"pages":190,"annotated":false,"epub_copy_name":"Precarious_Claims-Shannon_Gleeson.epub"},"34":{"title":"Precarious Creativity","uuid":"92e4764f-eb9b-4c7c-999e-b50ee8d9f3be","isbn":"9780520290853","doi":"10.1525/luminos.10","gdrds":"27190492","authors_so":["Curtin, Michael & Sanson, Kevin"],"authors_pp":"Michael Curtin & Kevin Sanson","authors_more":true,"pub_date_ts":1455667200,"add_date_ts":1487113200,"lastmod_ts":1497189401,"liked":false,"uri":"http://rlp.rebus.cc/library/book/92e4764f-eb9b-4c7c-999e-b50ee8d9f3be","reviewed":false,"publisher":{"id":1,"name":"University of California Press"},"reads":"queued","path":"Michael Curtin/Precarious Creativity_ Global Media, Local Labor (34)","filename":"Precarious Creativity_ Global Media, Local - Michael Curtin","tags_ds":"Globalization, Labor studies, Media studies, Social sciences","tags_assoc":{"177":"Globalization","178":"Labor studies","179":"Media studies","180":"Social sciences"},"bundles_ds":null,"bundles_assoc":null,"stacks_ds":"New Hollywood","stacks_assoc":{"4":"New Hollywood"},"pages":334,"annotated":true,"annotationcounts":{"highlights":10,"notes":4,"bookmarks":null},"epub_copy_name":"Precarious_Creativity-Michael_Curtin.epub"},"33":{"title":"Water and Los Angeles","uuid":"30446aaf-9ee1-4552-9ca2-d8d8dc9f13fb","isbn":"0520292421","doi":"10.1525/luminos.21","gdrds":"29563638","authors_so":["Deverell, William & Sitton, Tom"],"authors_pp":"William Deverell & Tom Sitton","pub_date_ts":1471692338,"add_date_ts":1484521200,"lastmod_ts":1496951697,"liked":false,"uri":"http://rlp.rebus.cc/library/book/30446aaf-9ee1-4552-9ca2-d8d8dc9f13fb","reviewed":false,"publisher":{"id":1,"name":"University of California Press"},"reads":"unread","path":"William Deverell/Water and Los Angeles_ A Tale of Three Rivers, 1900-1941 (33)","filename":"Water and Los Angeles_ A Tale of Three Riv - William Deverell","tags_ds":"History, Environmental History, U.S. Western History, U.S.A","tags_assoc":{"15":"History","174":"Environmental History","175":"U.S. Western History","176":"U.S.A"},"bundles_ds":null,"bundles_assoc":null,"stacks_ds":null,"stacks_assoc":null,"pages":164,"annotated":false,"epub_copy_name":"Water_and_Los_Angeles-William_Deverell.epub"},"32":{"title":"Writing Self, Writing Empire","uuid":"8d7fa14e-d55d-4797-9099-7a10355ca698","isbn":"9780520286467","doi":"10.1525/luminos.3","gdrds":"25779789","authors_so":["Kinra, Rajeev"],"authors_pp":"Rajeev Kinra","pub_date_ts":1431689124,"add_date_ts":1484521200,"lastmod_ts":1496951724,"liked":false,"uri":"http://rlp.rebus.cc/library/book/8d7fa14e-d55d-4797-9099-7a10355ca698","reviewed":false,"publisher":{"id":1,"name":"University of California Press"},"reads":"unread","path":"Rajeev Kinra/Writing Self, Writing Empire_ Chandar Bhan Brahman and the Cultural World of the Indo-Persian St (32)","filename":"Writing Self, Writing Empire_ Chandar Bhan - Rajeev Kinra","tags_ds":"History, Biography & Autobiography, General, Asia, India & South Asia, Literary Criticism, Asian, Biography, History of India and South Asia, Indo-Persian poetry","tags_assoc":{"15":"History","165":"Biography & Autobiography","166":"General","167":"Asia","168":"India & South Asia","169":"Literary Criticism","170":"Asian","171":"Biography","172":"History of India and South Asia","173":"Indo-Persian poetry"},"bundles_ds":null,"bundles_assoc":null,"stacks_ds":null,"stacks_assoc":null,"pages":394,"annotated":false,"epub_copy_name":"Writing_Self_Writing_Empire-Rajeev_Kinra.epub"},"31":{"title":"A Vietnamese Moses","uuid":"1e28b8f2-df4a-4b1e-8cf1-f47068c9c1cf","isbn":"9780520293434","doi":"10.1525/luminos.22","gdrds":"31456579","authors_so":["Dutton, George E."],"authors_pp":"George E. Dutton","pub_date_ts":1481500800,"add_date_ts":1484521200,"lastmod_ts":1496951709,"liked":false,"uri":"http://rlp.rebus.cc/library/book/1e28b8f2-df4a-4b1e-8cf1-f47068c9c1cf","reviewed":false,"publisher":{"id":1,"name":"University of California Press"},"reads":"unread","path":"George E. Dutton/A Vietnamese Moses_ Philiphe Binh and the Geographies of Early Modern Catholicism (31)","filename":"A Vietnamese Moses_ Philiphe Binh and the - George E. Dutton","tags_ds":"History, Christianity, Asian Studies, Vietnam","tags_assoc":{"15":"History","145":"Christianity","163":"Asian Studies","164":"Vietnam"},"bundles_ds":null,"bundles_assoc":null,"stacks_ds":"East Asian Studies Class","stacks_assoc":{"3":"East Asian Studies Class"},"pages":352,"annotated":false,"epub_copy_name":"A_Vietnamese_Moses-George_E._Dutton.epub"},"30":{"title":"Public Debt, Inequality, and Power","uuid":"b0264306-12c8-43c1-95f0-6879ff94207b","isbn":"9780520284661","doi":"10.1525/luminos.14","gdrds":"27220666","authors_so":["Hager, Sandy Brian"],"authors_pp":"Sandy Brian Hager","pub_date_ts":1463311637,"add_date_ts":1484521200,"lastmod_ts":1496951699,"liked":false,"uri":"http://rlp.rebus.cc/library/book/b0264306-12c8-43c1-95f0-6879ff94207b","reviewed":false,"publisher":{"id":1,"name":"University of California Press"},"reads":"unread","path":"Sandy Brian Hager/Public Debt, Inequality, and Power_ The Making of a Modern Debt State (30)","filename":"Public Debt, Inequality, and Power_ The Ma - Sandy Brian Hager","tags_ds":"History, Business, United States, 21st Century, Economics, U.S. History","tags_assoc":{"15":"History","140":"Business","147":"United States","160":"21st Century","161":"Economics","162":"U.S. History"},"bundles_ds":null,"bundles_assoc":null,"stacks_ds":null,"stacks_assoc":null,"pages":174,"annotated":false,"epub_copy_name":"Public_Debt_Inequality_and_Power-Sandy_Brian_Hager.epub"},"29":{"title":"Representing Mass Violence","uuid":"9d154f17-b988-470d-b4c2-b0b9cdb98992","isbn":"9780520281509","doi":"10.1525/luminos.4","gdrds":"25778233","authors_so":["Savelsberg, J"],"authors_pp":"J Savelsberg","pub_date_ts":1431689380,"add_date_ts":1484521200,"lastmod_ts":1496951720,"liked":false,"uri":"http://rlp.rebus.cc/library/book/9d154f17-b988-470d-b4c2-b0b9cdb98992","reviewed":false,"publisher":{"id":1,"name":"University of California Press"},"reads":"unread","path":"Joachim J. Savelsberg/Representing Mass Violence_ Conflicting Responses to Human Rights Violations in Darfur (29)","filename":"Representing Mass Violence_ Conflicting Re - Joachim J. Savelsberg","tags_ds":"History, Sociology, Criminology","tags_assoc":{"15":"History","127":"Sociology","159":"Criminology"},"bundles_ds":null,"bundles_assoc":null,"stacks_ds":null,"stacks_assoc":null,"pages":362,"annotated":false,"epub_copy_name":"Representing_Mass_Violence-J_Savelsberg.epub"},"28":{"title":"The Dream Is Over","uuid":"37d53cc5-fb0b-45ce-9f32-9109e1548873","isbn":"9780520966208","doi":"10.1525/luminos.17","gdrds":"29639767","authors_so":["Marginson, Simon"],"authors_pp":"Simon Marginson","pub_date_ts":1473292800,"add_date_ts":1484521200,"lastmod_ts":1496951712,"liked":false,"uri":"http://rlp.rebus.cc/library/book/37d53cc5-fb0b-45ce-9f32-9109e1548873","reviewed":false,"publisher":{"id":4,"name":"Univ of California Press"},"reads":"unread","path":"Simon Marginson/The Dream Is Over_ The Crisis of Clark Kerr's California Idea of Higher Education (28)","filename":"The Dream Is Over_ The Crisis of Clark Ker - Simon Marginson","tags_ds":"Education, Higher, Educational Policy & Reform, Federal Legislation, Philosophy; Theory & Social Aspects","tags_assoc":{"3":"Education","155":"Higher","156":"Educational Policy & Reform","157":"Federal Legislation","158":"Philosophy; Theory & Social Aspects"},"bundles_ds":null,"bundles_assoc":null,"stacks_ds":null,"stacks_assoc":null,"pages":224,"annotated":false,"epub_copy_name":"The_Dream_Is_Over-Simon_Marginson.epub"},"27":{"title":"Voices of Labor","uuid":"746a5666-40d4-4d34-a543-f923652bb2b9","isbn":"9780520968196","doi":"10.1525/luminos.26","gdrds":"33596278","authors_so":["Curtin, Michael & Sanson, Kevin"],"authors_pp":"Michael Curtin & Kevin Sanson","pub_date_ts":1488499200,"add_date_ts":1484521200,"lastmod_ts":1497189400,"liked":false,"uri":"http://rlp.rebus.cc/library/book/746a5666-40d4-4d34-a543-f923652bb2b9","reviewed":false,"publisher":{"id":1,"name":"University of California Press"},"reads":"reading","path":"Michael Curtin/Voices of Labor_ Creativity, Craft, and Conflict in Global Hollywood (27)","filename":"Voices of Labor_ Creativity, Craft, and Co - Michael Curtin","tags_ds":"Business, Hollywood, Film industry","tags_assoc":{"140":"Business","153":"Hollywood","154":"Film industry"},"bundles_ds":null,"bundles_assoc":null,"stacks_ds":"New Hollywood","stacks_assoc":{"4":"New Hollywood"},"pages":270,"annotated":true,"annotationcounts":{"highlights":2,"notes":null,"bookmarks":null},"epub_copy_name":"Voices_of_Labor-Michael_Curtin.epub"},"26":{"title":"Almost Hollywood, Nearly New Orleans","uuid":"9f8a6c93-5aa6-419e-841d-92821fe4318b","isbn":"9780520293816","doi":"10.1525/luminos.25","gdrds":"32508706","authors_so":["Mayer, Vicki"],"authors_pp":"Vicki Mayer","pub_date_ts":1487894400,"add_date_ts":1481756400,"lastmod_ts":1497189401,"liked":false,"uri":"http://rlp.rebus.cc/library/book/9f8a6c93-5aa6-419e-841d-92821fe4318b","reviewed":false,"publisher":{"id":1,"name":"University of California Press"},"reads":"unread","path":"Vicki Mayer/Almost Hollywood, Nearly New Orleans_ The Lure of the Local Film Economy (26)","filename":"Almost Hollywood, Nearly New Orleans_ The - Vicki Mayer","tags_ds":"History, History, United States, United States, Performing Arts, Performing Arts, Film, Film, State & Local, State & Local, Direction & Production, Direction & Production, Show Business, Show Business","tags_assoc":{"15":"History","147":"United States","149":"Performing Arts","150":"Film","206":"State & Local","207":"Direction & Production","208":"Show Business"},"bundles_ds":null,"bundles_assoc":null,"stacks_ds":"New Hollywood, Informal Economies","stacks_assoc":{"4":"New Hollywood","5":"Informal Economies"},"pages":162,"annotated":true,"annotationcounts":{"highlights":6,"notes":1,"bookmarks":null},"epub_copy_name":"Almost_Hollywood_Nearly_New_Orleans-Vicki_Mayer.epub"},"25":{"title":"Christianity, Islam, and Orisa-Religion","uuid":"9e6ec32c-ebb4-4c1b-8a9e-22761382310c","isbn":"9780520961227","doi":"10.1525/luminos.8","gdrds":"26514986","authors_so":["Peel, J. D. Y."],"authors_pp":"J. D. Y. Peel","pub_date_ts":1448582400,"add_date_ts":1481756400,"lastmod_ts":1496951569,"liked":false,"uri":"http://rlp.rebus.cc/library/book/9e6ec32c-ebb4-4c1b-8a9e-22761382310c","reviewed":false,"publisher":{"id":4,"name":"Univ of California Press"},"reads":"unread","path":"J. D. Y. Peel/Christianity, Islam, and Orisa-Religion_ Three Traditions in Comparison and Interaction (25)","filename":"Christianity, Islam, and Orisa-Religion_ T - J. D. Y. Peel","tags_ds":"Islam, Religion, Comparative Religion, Christianity, Orisa","tags_assoc":{"135":"Islam","143":"Religion","144":"Comparative Religion","145":"Christianity","146":"Orisa"},"bundles_ds":null,"bundles_assoc":null,"stacks_ds":null,"stacks_assoc":null,"pages":312,"annotated":false,"epub_copy_name":"Christianity_Islam_and_OrisaReligion-J._D._Y._Peel.epub"},"24":{"title":"Discrimination at Work","uuid":"ee30a856-03e4-4d00-84b3-d666026a04d9","isbn":"9780520283800","doi":"10.1525/luminos.11","gdrds":"25778248","authors_so":["Mercat-Bruns, Marie & Holt, Elaine & Kutz, Christopher"],"authors_pp":"Marie Mercat-Bruns, Elaine Holt & Christopher Kutz","pub_date_ts":1456099200,"add_date_ts":1481756400,"lastmod_ts":1496951582,"liked":false,"uri":"http://rlp.rebus.cc/library/book/ee30a856-03e4-4d00-84b3-d666026a04d9","reviewed":false,"publisher":{"id":1,"name":"University of California Press"},"reads":"unread","path":"Marie Mercat-Bruns/Discrimination at Work_ Comparing European, French, and American Law (24)","filename":"Discrimination at Work_ Comparing European - Marie Mercat-Bruns","tags_ds":"Law, Discrimination, Workplace, Business, Management, Human Resources","tags_assoc":{"82":"Law","138":"Discrimination","139":"Workplace","140":"Business","141":"Management","142":"Human Resources"},"bundles_ds":null,"bundles_assoc":null,"stacks_ds":null,"stacks_assoc":null,"pages":386,"annotated":false,"epub_copy_name":"Discrimination_at_Work-Marie_MercatBruns.epub"},"23":{"title":"Afghanistan's Islam","uuid":"9a753674-782d-41e0-95d3-52315468b458","isbn":"9780520967373","doi":"10.1525/luminos.23","gdrds":"32510348","authors_so":["Green, Nile"],"authors_pp":"Nile Green","pub_date_ts":1481500800,"add_date_ts":1481756400,"lastmod_ts":1496951732,"liked":false,"uri":"http://rlp.rebus.cc/library/book/9a753674-782d-41e0-95d3-52315468b458","reviewed":false,"publisher":{"id":1,"name":"University of California Press"},"reads":"unread","path":"Nile Green/Afghanistan's Islam_ From Conversion to the Taliban (23)","filename":"Afghanistan's Islam_ From Conversion to th - Nile Green","tags_ds":"Sociology, Islam, Religious studies, Theology","tags_assoc":{"127":"Sociology","135":"Islam","136":"Religious studies","137":"Theology"},"bundles_ds":null,"bundles_assoc":null,"stacks_ds":null,"stacks_assoc":null,"pages":348,"annotated":false,"epub_copy_name":"Afghanistans_Islam-Nile_Green.epub"},"22":{"title":"The Art of Fugue","uuid":"1a339702-943d-4f45-a6e5-7d761e39ef4e","isbn":"9780520941397","doi":"10.1525/luminos.1","gdrds":"16339727","authors_so":["Kerman, J"],"authors_pp":"J Kerman","pub_date_ts":1436479200,"add_date_ts":1481756400,"lastmod_ts":1496951564,"liked":false,"uri":"http://rlp.rebus.cc/library/book/1a339702-943d-4f45-a6e5-7d761e39ef4e","reviewed":false,"publisher":{"id":1,"name":"University of California Press"},"reads":"unread","path":"Joseph Kerman/The Art of Fugue_ Bach Fugues for Keyboard, 1715-1750 (22)","filename":"The Art of Fugue_ Bach Fugues for Keyboard - Joseph Kerman","tags_ds":"Music","tags_assoc":{"134":"Music"},"bundles_ds":null,"bundles_assoc":null,"stacks_ds":null,"stacks_assoc":null,"pages":196,"annotated":false,"epub_copy_name":"The_Art_of_Fugue-J_Kerman.epub"},"21":{"title":"Publishing Addiction Science","uuid":"4c41d691-41c5-4bf7-b15b-fd08afc701d6","isbn":"9781911529101","doi":"10.5334/bbd","authors_so":["Babor, Thomas F. & Stenius, Kerstin & Pates, Richard & Miovský, Michal & O’Reilly, Jean & Candon, Paul"],"authors_pp":"Thomas F. Babor, Kerstin Stenius, Richard Pates, Michal Miovský, Jean O’Reilly & Paul Candon","pub_date_ts":1495576800,"add_date_ts":1481756400,"lastmod_ts":1496992061,"liked":false,"uri":"http://rlp.rebus.cc/library/book/4c41d691-41c5-4bf7-b15b-fd08afc701d6","reviewed":false,"publisher":{"id":2,"name":"Ubiquity Press"},"reads":"unread","path":"Thomas F. Babor/Publishing Addiction Science_ A Guide for the Perplexed (21)","filename":"Publishing Addiction Science_ A Guide for - Thomas F. Babor","tags_ds":"Medicine, Psychology, Addiction studies, Psychiatry, Public health, Sociology, Competing interests, Authorship, Scientific integrity, Addiction science, Publication ethics, Responsible conduct of research","tags_assoc":{"83":"Medicine","120":"Psychology","124":"Addiction studies","125":"Psychiatry","126":"Public health","127":"Sociology","128":"Competing interests","129":"Authorship","130":"Scientific integrity","131":"Addiction science","132":"Publication ethics","133":"Responsible conduct of research"},"bundles_ds":null,"bundles_assoc":null,"stacks_ds":"Open Science","stacks_assoc":{"6":"Open Science"},"pages":406,"annotated":false,"epub_copy_name":"Publishing_Addiction_Science-Thomas_F._Babor.epub"},"20":{"title":"Open","uuid":"526865f3-d0d9-4ffa-a6f9-7d93a50600da","isbn":"9781911529026","doi":"10.5334/bbc","gdrds":"35151354","authors_so":["Jhangiani, Rajiv S. & Biswas-Diener, Robert"],"authors_pp":"Rajiv S. Jhangiani & Robert Biswas-Diener","pub_date_ts":1490572800,"add_date_ts":1481756400,"lastmod_ts":1497189403,"liked":false,"uri":"http://rlp.rebus.cc/library/book/526865f3-d0d9-4ffa-a6f9-7d93a50600da","reviewed":false,"publisher":{"id":2,"name":"Ubiquity Press"},"reads":"reading","path":"Rajiv S. Jhangiani/Open_ The Philosophy and Practices That Are Revolutionizing Education and Science (20)","filename":"Open_ The Philosophy and Practices That Ar - Rajiv S. Jhangiani","tags_ds":"Education, Education, Open education, Open education, Open access, Open access, Science, Science, Open science, Open science, Social science, Social science, Pedagogy, Pedagogy, Psychology, Psychology, Open textbooks, Open textbooks, Open pedagogy, Open pedagogy, Open educational resources, Open educational resources","tags_assoc":{"3":"Education","29":"Open education","30":"Open access","32":"Science","35":"Open science","54":"Social science","119":"Pedagogy","120":"Psychology","121":"Open textbooks","122":"Open pedagogy","123":"Open educational resources"},"bundles_ds":"Test Bundle","bundles_assoc":{"1":"Test Bundle"},"stacks_ds":"Technology & Politics, Open Science","stacks_assoc":{"2":"Technology & Politics","6":"Open Science"},"pages":302,"annotated":true,"annotationcounts":{"highlights":4,"notes":3,"bookmarks":null},"epub_copy_name":"Open-Rajiv_S._Jhangiani.epub"},"19":{"title":"Turn on the Light on Science","uuid":"4aed8001-8004-4fb2-92f5-fd240e976e27","isbn":"9781911529064","doi":"10.5334/bba","gdrds":"34186152","authors_so":["Tintori, Antonio & Palomba, Rossella"],"authors_pp":"Antonio Tintori & Rossella Palomba","pub_date_ts":1487116800,"add_date_ts":1481756400,"lastmod_ts":1497189403,"liked":false,"uri":"http://rlp.rebus.cc/library/book/4aed8001-8004-4fb2-92f5-fd240e976e27","reviewed":false,"publisher":{"id":2,"name":"Ubiquity Press"},"reads":"reading","path":"Antonio Tintori/Turn on the Light on Science_ A Research-Based Guide to Break Down Popular Stereotypes About Sci (19)","filename":"Turn on the Light on Science_ A Research-B - Antonio Tintori","tags_ds":"Political science, Social science, STEM, Interaction-based science communication, Gender stereotypes in science, Stereotypes' removal, Stereotypes on scientists, Stereotypes","tags_assoc":{"39":"Political science","54":"Social science","113":"STEM","114":"Interaction-based science communication","115":"Gender stereotypes in science","116":"Stereotypes' removal","117":"Stereotypes on scientists","118":"Stereotypes"},"bundles_ds":null,"bundles_assoc":null,"stacks_ds":"Open Science","stacks_assoc":{"6":"Open Science"},"pages":120,"annotated":true,"annotationcounts":{"highlights":9,"notes":5,"bookmarks":null},"epub_copy_name":"Turn_on_the_Light_on_Science-Antonio_Tintori.epub"},"18":{"title":"Reconsidering Cultural Heritage in East Asia","uuid":"c9ee27ea-430b-4fcb-b8ee-acb663a429b2","isbn":"9781909188907","doi":"10.5334/baz","gdrds":"32927597","authors_so":["Matsuda, Akira & Mengoni, Luisa Elena"],"authors_pp":"Akira Matsuda & Luisa Elena Mengoni","pub_date_ts":1474934400,"add_date_ts":1488409200,"lastmod_ts":1496951619,"liked":false,"uri":"http://rlp.rebus.cc/library/book/c9ee27ea-430b-4fcb-b8ee-acb663a429b2","reviewed":false,"publisher":{"id":2,"name":"Ubiquity Press"},"reads":"unread","path":"Akira Matsuda/Reconsidering Cultural Heritage in East Asia (18)","filename":"Reconsidering Cultural Heritage in East As - Akira Matsuda","tags_ds":"Heritage, Social science, Arts, Humanities, East Asia, Japan, China, Korea, Monuments","tags_assoc":{"22":"Heritage","54":"Social science","106":"Arts","107":"Humanities","108":"East Asia","109":"Japan","110":"China","111":"Korea","112":"Monuments"},"bundles_ds":null,"bundles_assoc":null,"stacks_ds":null,"stacks_assoc":null,"pages":172,"annotated":false,"epub_copy_name":"Reconsidering_Cultural_Heritage_in_East_Asia-Akira_Matsuda.epub"},"17":{"title":"European Handbook of Crowdsourced Geographic Information","uuid":"2adce89b-70f1-4bc8-baa9-6cd5afbee1de","isbn":"9781909188815","doi":"10.5334/bax","authors_so":["Capineri, Cristina & Haklay, Mordechai & Huang, Haosheng & Antoniou, Vyron & Kettunen, Juhani & Ostermann, Frank & Purves, Ross"],"authors_pp":"Cristina Capineri, Mordechai Haklay, Haosheng Huang, Vyron Antoniou, Juhani Kettunen, Frank Ostermann & Ross Purves","pub_date_ts":1472140219,"add_date_ts":1488409200,"lastmod_ts":1496951619,"liked":false,"uri":"http://rlp.rebus.cc/library/book/2adce89b-70f1-4bc8-baa9-6cd5afbee1de","reviewed":false,"publisher":{"id":2,"name":"Ubiquity Press"},"reads":"queued","path":"Cristina Capineri/European Handbook of Crowdsourced Geographic Information (17)","filename":"European Handbook of Crowdsourced Geograph - Cristina Capineri","tags_ds":"Crowdsourcing, Geography, Earth Sciences, Technology & Engineering, Volunteered geographic information, Spatial data, Geospatial information","tags_assoc":{"75":"Crowdsourcing","93":"Geography","101":"Earth Sciences","102":"Technology & Engineering","103":"Volunteered geographic information","104":"Spatial data","105":"Geospatial information"},"bundles_ds":null,"bundles_assoc":null,"stacks_ds":"Technology & Politics","stacks_assoc":{"2":"Technology & Politics"},"pages":474,"annotated":false,"epub_copy_name":"European_Handbook_of_Crowdsourced_Geographic_Information-Cristina_Capineri.epub"},"16":{"title":"The Multi-Agent Transport Simulation MATSim","uuid":"3f1745a6-f591-4e3f-bb69-a5b481974cf6","isbn":"9781909188778","doi":"10.5334/baw","gdrds":"31085404","authors_so":["Horni, Andreas & Nagel, Kai & Axhausen, Kay W."],"authors_pp":"Andreas Horni, Kai Nagel & Kay W. Axhausen","pub_date_ts":1468533600,"add_date_ts":1488409200,"lastmod_ts":1496951662,"liked":false,"uri":"http://rlp.rebus.cc/library/book/3f1745a6-f591-4e3f-bb69-a5b481974cf6","reviewed":false,"publisher":{"id":2,"name":"Ubiquity Press"},"reads":"unread","path":"Andreas Horni/The Multi-Agent Transport Simulation MATSim (16)","filename":"The Multi-Agent Transport Simulation MATSi - Andreas Horni","tags_ds":"Social science, Civil Engineering, Computer Science, Geography, Mathematics, Physics, Large-scale simulation, Agent-based modeling, Choice modeling, Transport modeling, Transport planning","tags_assoc":{"54":"Social science","91":"Civil Engineering","92":"Computer Science","93":"Geography","94":"Mathematics","95":"Physics","96":"Large-scale simulation","97":"Agent-based modeling","98":"Choice modeling","99":"Transport modeling","100":"Transport planning"},"bundles_ds":null,"bundles_assoc":null,"stacks_ds":null,"stacks_assoc":null,"pages":618,"annotated":false,"epub_copy_name":"The_MultiAgent_Transport_Simulation_MATSim-Andreas_Horni.epub"},"15":{"title":"Writing as Material Practice","uuid":"6649b5bf-74a5-4d52-8692-b0209e9fa10a","isbn":"9781909188259","doi":"10.5334/bai","gdrds":"20601413","authors_so":["Piquette, Kathryn E. & Whitehouse, Ruth D."],"authors_pp":"Kathryn E. Piquette & Ruth D. Whitehouse","pub_date_ts":1387324800,"add_date_ts":1488409200,"lastmod_ts":1496951646,"liked":false,"uri":"http://rlp.rebus.cc/library/book/6649b5bf-74a5-4d52-8692-b0209e9fa10a","reviewed":false,"publisher":{"id":2,"name":"Ubiquity Press"},"reads":"unread","path":"Kathryn E. Piquette/Writing as Material Practice_ Substance, Surface and Medium (15)","filename":"Writing as Material Practice_ Substance, S - Kathryn E. Piquette","tags_ds":"Anthropology, Archaeology, History, Writing, Text, Practice theory, Materiality, Graphical culture","tags_assoc":{"13":"Anthropology","14":"Archaeology","15":"History","16":"Writing","17":"Text","18":"Practice theory","19":"Materiality","20":"Graphical culture"},"bundles_ds":null,"bundles_assoc":null,"stacks_ds":null,"stacks_assoc":null,"pages":352,"annotated":false,"epub_copy_name":"Writing_as_Material_Practice-Kathryn_E._Piquette.epub"},"14":{"title":"Gouvernance Du Secteur De La Securite","uuid":"305c7a26-c9a7-4473-b971-651d674ae312","isbn":"9781909188730","doi":"10.5334/bav","gdrds":"28205496","authors_so":["Bryden, Alan & Chappuis, Fairlie"],"authors_pp":"Alan Bryden & Fairlie Chappuis","authors_more":true,"pub_date_ts":1450051200,"add_date_ts":1488409200,"lastmod_ts":1496951600,"liked":false,"uri":"http://rlp.rebus.cc/library/book/305c7a26-c9a7-4473-b971-651d674ae312","reviewed":false,"publisher":{"id":2,"name":"Ubiquity Press"},"reads":"unread","path":"Alan Bryden/Gouvernance Du Secteur De La Securite_ Lecons Des Experiences Ouest-Africaines (14)","filename":"Gouvernance Du Secteur De La Securite_ Lec - Alan Bryden","tags_ds":"Political science, International relations, Security sector reform, Security sector governance, Democracy, West Africa, Domestic security, Development, Politics, Government","tags_assoc":{"39":"Political science","58":"International relations","59":"Security sector reform","60":"Security sector governance","61":"Democracy","62":"West Africa","63":"Domestic security","64":"Development","65":"Politics","66":"Government"},"bundles_ds":null,"bundles_assoc":null,"stacks_ds":null,"stacks_assoc":null,"pages":196,"annotated":false,"epub_copy_name":"Gouvernance_Du_Secteur_De_La_Securite-Alan_Bryden.epub"},"13":{"title":"Hogskolans Ansvar","uuid":"0199c78c-d38f-4f1e-98e9-127e5ab327cf","isbn":"9781909188518","doi":"10.5334/bap","gdrds":"26782707","authors_so":["Casson, Andrew"],"authors_pp":"Andrew Casson","pub_date_ts":1440972000,"add_date_ts":1488409200,"lastmod_ts":1496951612,"liked":false,"uri":"http://rlp.rebus.cc/library/book/0199c78c-d38f-4f1e-98e9-127e5ab327cf","reviewed":false,"publisher":{"id":2,"name":"Ubiquity Press"},"reads":"unread","path":"Andrew Casson/Hogskolans Ansvar_ Principer for Utveckling AV Den Hogre Utbildningen (13)","filename":"Hogskolans Ansvar_ Principer for Utvecklin - Andrew Casson","tags_ds":"Education, Teaching methods, Philosophy of education, Higher education policy development, Higher education and society, Higher education design and administration","tags_assoc":{"3":"Education","41":"Teaching methods","42":"Philosophy of education","43":"Higher education policy development","44":"Higher education and society","45":"Higher education design and administration"},"bundles_ds":null,"bundles_assoc":null,"stacks_ds":null,"stacks_assoc":null,"pages":210,"annotated":false,"epub_copy_name":"Hogskolans_Ansvar-Andrew_Casson.epub"},"12":{"title":"Mobile Research Methods","uuid":"cd77680d-0721-4506-8b2d-b3cf9050eb55","isbn":"9781909188532","doi":"10.5334/bar","gdrds":"27039651","authors_so":["Toninelli, Daniele & Pinter, Robert & Pedraza, Pablo de"],"authors_pp":"Daniele Toninelli, Robert Pinter & Pablo de Pedraza","pub_date_ts":1443477600,"add_date_ts":1487631600,"lastmod_ts":1496951641,"liked":false,"uri":"http://rlp.rebus.cc/library/book/cd77680d-0721-4506-8b2d-b3cf9050eb55","reviewed":false,"publisher":{"id":2,"name":"Ubiquity Press"},"reads":"read","path":"Daniele Toninelli/Mobile Research Methods_ Opportunities and Challenges of Mobile Research Methodologies (12)","filename":"Mobile Research Methods_ Opportunities and - Daniele Toninelli","tags_ds":"Education, Teaching methods, Behavioural science, Marketing, Technology and engineering, Applied statistics, Survey methodology, Mobile devices, Research methods","tags_assoc":{"3":"Education","41":"Teaching methods","46":"Behavioural science","47":"Marketing","48":"Technology and engineering","49":"Applied statistics","50":"Survey methodology","51":"Mobile devices","52":"Research methods"},"bundles_ds":null,"bundles_assoc":null,"stacks_ds":null,"stacks_assoc":null,"pages":166,"annotated":false,"epub_copy_name":"Mobile_Research_Methods-Daniele_Toninelli.epub"},"11":{"title":"Issues in Open Research Data","uuid":"ff3e5df6-7671-4d21-9508-77c9aee0223e","isbn":"9781909188310","doi":"10.5334/ban","gdrds":"27160821","authors_so":["Moore, Samuel A."],"authors_pp":"Samuel A. Moore","pub_date_ts":1417392000,"add_date_ts":1488409200,"lastmod_ts":1497189402,"liked":false,"uri":"http://rlp.rebus.cc/library/book/ff3e5df6-7671-4d21-9508-77c9aee0223e","reviewed":false,"publisher":{"id":2,"name":"Ubiquity Press"},"reads":"unread","path":"Samuel A. Moore/Issues in Open Research Data (11)","filename":"Issues in Open Research Data - Samuel A. Moore","tags_ds":"Education, Open access, Science, Open data, Text and data mining, Open science, Research","tags_assoc":{"3":"Education","30":"Open access","32":"Science","33":"Open data","34":"Text and data mining","35":"Open science","36":"Research"},"bundles_ds":null,"bundles_assoc":null,"stacks_ds":"Open Science","stacks_assoc":{"6":"Open Science"},"pages":172,"annotated":true,"annotationcounts":{"highlights":9,"notes":9,"bookmarks":null},"epub_copy_name":"Issues_in_Open_Research_Data-Samuel_A._Moore.epub"},"10":{"title":"Learning From West African Experiences in Security Sector Governance","uuid":"010c0678-ee02-4c8c-ad83-cb277a0a217d","isbn":"9781909188693","doi":"10.5334/bau","authors_so":["Chappuis, Fairlie & Bryden, Alan"],"authors_pp":"Fairlie Chappuis & Alan Bryden","pub_date_ts":1431699091,"add_date_ts":1488409200,"lastmod_ts":1496951611,"liked":false,"uri":"http://rlp.rebus.cc/library/book/010c0678-ee02-4c8c-ad83-cb277a0a217d","reviewed":false,"publisher":{"id":2,"name":"Ubiquity Press"},"reads":"unread","path":"Fairlie Chappuis/Learning From West African Experiences in Security Sector Governance (10)","filename":"Learning From West African Experiences in - Fairlie Chappuis","tags_ds":"Political science, International relations, Security sector reform, Security sector governance, Democracy, West Africa, Domestic security, Development, Politics, Government","tags_assoc":{"39":"Political science","58":"International relations","59":"Security sector reform","60":"Security sector governance","61":"Democracy","62":"West Africa","63":"Domestic security","64":"Development","65":"Politics","66":"Government"},"bundles_ds":null,"bundles_assoc":null,"stacks_ds":null,"stacks_assoc":null,"pages":182,"annotated":false,"epub_copy_name":"Learning_From_West_African_Experiences_in_Security_Sector_Governance-Fairlie_Chappuis.epub"},"9":{"title":"The Past in the Present","uuid":"1d464883-e282-4e18-82a9-21c0aaea6138","isbn":"9781909188280","doi":"10.5334/bak","gdrds":"23332760","authors_so":["Poulios, Ioannis"],"authors_pp":"Ioannis Poulios","pub_date_ts":1407369600,"add_date_ts":1487631600,"lastmod_ts":1496951645,"liked":false,"uri":"http://rlp.rebus.cc/library/book/1d464883-e282-4e18-82a9-21c0aaea6138","reviewed":false,"publisher":{"id":2,"name":"Ubiquity Press"},"reads":"unread","path":"Ioannis Poulios/The Past in the Present_ A Living Heritage Approach - Meteora, Greece (9)","filename":"The Past in the Present_ A Living Heritage - Ioannis Poulios","tags_ds":"Architecture, Historic Preservation, History, Conservation, Heritage, Sustainable development","tags_assoc":{"8":"Architecture","9":"Historic Preservation","15":"History","21":"Conservation","22":"Heritage","23":"Sustainable development"},"bundles_ds":null,"bundles_assoc":null,"stacks_ds":"Cultural Politics 101","stacks_assoc":{"1":"Cultural Politics 101"},"pages":180,"annotated":false,"epub_copy_name":"The_Past_in_the_Present-Ioannis_Poulios.epub"},"8":{"title":"The Value of the University Armed Service Units","uuid":"09873bfa-e47a-49cc-97c6-f8afe6363ed0","isbn":"9781909188570","doi":"10.5334/baq","gdrds":"27039652","authors_so":["Woodward, Rachel & Jenkings, K Neil & Williams, Alison J"],"authors_pp":"Rachel Woodward, K Neil Jenkings & Alison J Williams","pub_date_ts":1431699062,"add_date_ts":1487631600,"lastmod_ts":1496951645,"liked":false,"uri":"http://rlp.rebus.cc/library/book/09873bfa-e47a-49cc-97c6-f8afe6363ed0","reviewed":false,"publisher":{"id":2,"name":"Ubiquity Press"},"reads":"unread","path":"Rachel Woodward/The Value of the University Armed Service Units (8)","filename":"The Value of the University Armed Service - Rachel Woodward","tags_ds":"Higher education, Social science, Military University, Armed forces, Skills","tags_assoc":{"53":"Higher education","54":"Social science","55":"Military University","56":"Armed forces","57":"Skills"},"bundles_ds":null,"bundles_assoc":null,"stacks_ds":null,"stacks_assoc":null,"pages":221,"annotated":false,"epub_copy_name":"The_Value_of_the_University_Armed_Service_Units-Rachel_Woodward.epub"},"7":{"title":"Digital Classics Outside the Echo-Chamber","uuid":"5d8f8675-fa4b-4abb-8984-926fab44724f","isbn":"9781909188617","doi":"10.5334/bat","authors_so":["Bodard, Gabriel & Romanello, Matteo"],"authors_pp":"Gabriel Bodard & Matteo Romanello","pub_date_ts":1461801600,"add_date_ts":1487631600,"lastmod_ts":1496951634,"liked":false,"uri":"http://rlp.rebus.cc/library/book/5d8f8675-fa4b-4abb-8984-926fab44724f","reviewed":false,"publisher":{"id":1,"name":"University of California Press"},"reads":"unread","path":"Gabriel Bodard/Digital Classics Outside the Echo-Chamber_ Teaching, Knowledge Exchange & Public Engagement (7)","filename":"Digital Classics Outside the Echo-Chamber_ - Gabriel Bodard","tags_ds":"Education, Archaeology, Open education, Digital Humanities, Literature, Palaeography, Crowdsourcing, Treebanking, Linked Open Data, Multispectral Imaging, Epigraphy, Test Encoding","tags_assoc":{"3":"Education","14":"Archaeology","29":"Open education","72":"Digital Humanities","73":"Literature","74":"Palaeography","75":"Crowdsourcing","76":"Treebanking","77":"Linked Open Data","78":"Multispectral Imaging","79":"Epigraphy","80":"Test Encoding"},"bundles_ds":null,"bundles_assoc":null,"stacks_ds":"Technology & Politics","stacks_assoc":{"2":"Technology & Politics"},"pages":236,"annotated":false,"epub_copy_name":"Digital_Classics_Outside_the_EchoChamber-Gabriel_Bodard.epub"},"6":{"title":"Garden Learning","uuid":"b9f3491e-43e6-4126-afec-02461719c201","isbn":"9781909188631","doi":"10.5334/bas","gdrds":"28215486","authors_so":["Kapelari, Suzanne"],"authors_pp":"Suzanne Kapelari","pub_date_ts":1431699023,"add_date_ts":1487631600,"lastmod_ts":1496951631,"liked":false,"uri":"http://rlp.rebus.cc/library/book/b9f3491e-43e6-4126-afec-02461719c201","reviewed":false,"publisher":{"id":2,"name":"Ubiquity Press"},"reads":"unread","path":"Suzanne Kapelari/Garden Learning_ A Study on European Botanic Gardens Collaborative Learning Processes (6)","filename":"Garden Learning_ A Study on European Botan - Suzanne Kapelari","tags_ds":"Education, Teaching methods, Inquiry based science education, Botanic garden education, Learning outside the classroom, Expansive learning, Biology education research","tags_assoc":{"3":"Education","41":"Teaching methods","67":"Inquiry based science education","68":"Botanic garden education","69":"Learning outside the classroom","70":"Expansive learning","71":"Biology education research"},"bundles_ds":null,"bundles_assoc":null,"stacks_ds":null,"stacks_assoc":null,"pages":194,"annotated":false,"epub_copy_name":"Garden_Learning-Suzanne_Kapelari.epub"},"5":{"title":"Reading With My Eyes Open","uuid":"f0423272-94e6-43aa-88a9-e716efdf5025","isbn":"9781909188228","doi":"10.5334/baj","gdrds":"19157834","authors_so":["Quist, Gerdi"],"authors_pp":"Gerdi Quist","pub_date_ts":1385683200,"add_date_ts":1487113200,"lastmod_ts":1496951674,"liked":false,"uri":"http://rlp.rebus.cc/library/book/f0423272-94e6-43aa-88a9-e716efdf5025","reviewed":false,"publisher":{"id":2,"name":"Ubiquity Press"},"reads":"unread","path":"Gerdi Quist/Reading With My Eyes Open_ Embracing the Critical and the Personal in Language Pedagogy (5)","filename":"Reading With My Eyes Open_ Embracing the C - Gerdi Quist","tags_ds":null,"tags_assoc":null,"bundles_ds":null,"bundles_assoc":null,"stacks_ds":null,"stacks_assoc":null,"pages":202,"annotated":false,"epub_copy_name":"Reading_With_My_Eyes_Open-Gerdi_Quist.epub"},"4":{"title":"eBooks in Education","uuid":"7cf6b0cb-6053-4621-9b56-038ac8abe695","isbn":"9781909188389","doi":"10.5334/bal","gdrds":"26493049","authors_so":["Woodward, Hazel"],"authors_pp":"Hazel Woodward","pub_date_ts":1414713600,"add_date_ts":1487113200,"lastmod_ts":1496951688,"liked":false,"uri":"http://rlp.rebus.cc/library/book/7cf6b0cb-6053-4621-9b56-038ac8abe695","reviewed":false,"publisher":{"id":2,"name":"Ubiquity Press"},"reads":"unread","path":"Hazel Woodward/eBooks in Education_ Realising the Vision (4)","filename":"eBooks in Education_ Realising the Vision - Hazel Woodward","tags_ds":"Education, Computing, Ebooks, Publishing, Universities","tags_assoc":{"3":"Education","24":"Computing","25":"Ebooks","26":"Publishing","27":"Universities"},"bundles_ds":null,"bundles_assoc":null,"stacks_ds":"Technology & Politics","stacks_assoc":{"2":"Technology & Politics"},"pages":244,"annotated":false,"epub_copy_name":"eBooks_in_Education-Hazel_Woodward.epub"},"3":{"title":"Thinking Beyond Sectors for Sustainable Development","uuid":"d2f05f82-d6ac-4252-ba98-6bbb30aac4f3","isbn":"9781909188440","doi":"10.5334/bao","gdrds":"26493050","authors_so":["Waage, Jeff & Yap, Christopher"],"authors_pp":"Jeff Waage & Christopher Yap","pub_date_ts":1435017600,"add_date_ts":1487113200,"lastmod_ts":1496951999,"liked":false,"uri":"http://rlp.rebus.cc/library/book/d2f05f82-d6ac-4252-ba98-6bbb30aac4f3","reviewed":false,"publisher":{"id":2,"name":"Ubiquity Press"},"reads":"unread","path":"Jeff Waage/Thinking Beyond Sectors for Sustainable Development (3)","filename":"Thinking Beyond Sectors for Sustainable De - Jeff Waage","tags_ds":"Sustainable development, Governance, International development, Political science, Public policy","tags_assoc":{"23":"Sustainable development","37":"Governance","38":"International development","39":"Political science","40":"Public policy"},"bundles_ds":null,"bundles_assoc":null,"stacks_ds":null,"stacks_assoc":null,"pages":126,"annotated":false,"epub_copy_name":"Thinking_Beyond_Sectors_for_Sustainable_Development-Jeff_Waage.epub"},"2":{"title":"The Battle for Open","uuid":"f53c05d2-0b16-4089-a3fc-55c5ce954204","isbn":"9781909188341","doi":"10.5334/bam","gdrds":"23815271","authors_so":["Weller, Martin"],"authors_pp":"Martin Weller","pub_date_ts":1413382157,"add_date_ts":1487113200,"lastmod_ts":1496951687,"liked":false,"uri":"http://rlp.rebus.cc/library/book/f53c05d2-0b16-4089-a3fc-55c5ce954204","reviewed":false,"publisher":{"id":2,"name":"Ubiquity Press"},"reads":"queued","path":"Martin Weller/The Battle for Open_ How Openness Won and Why It Doesn't Feel Like Victory (2)","filename":"The Battle for Open_ How Openness Won and - Martin Weller","tags_ds":"Education, Open Scholarship, Open education, Open access, MOOC","tags_assoc":{"3":"Education","28":"Open Scholarship","29":"Open education","30":"Open access","31":"MOOC"},"bundles_ds":null,"bundles_assoc":null,"stacks_ds":null,"stacks_assoc":null,"pages":244,"annotated":false,"epub_copy_name":"The_Battle_for_Open-Martin_Weller.epub"},"1":{"title":"Animal (De)liberation","uuid":"9d251ec6-f2bc-45a8-9fe4-05ebb64a64bf","isbn":"9781909188860","doi":"10.5334/bay","gdrds":"31339137","authors_so":["Deckers, Jan"],"authors_pp":"Jan Deckers","pub_date_ts":1463321539,"add_date_ts":1487113200,"lastmod_ts":1496951658,"liked":false,"uri":"http://rlp.rebus.cc/library/book/9d251ec6-f2bc-45a8-9fe4-05ebb64a64bf","reviewed":false,"publisher":{"id":2,"name":"Ubiquity Press"},"reads":"unread","path":"Jan Deckers/Animal (De)liberation_ Should the Consumption of Animal Products Be Banned_ (1)","filename":"Animal (De)liberation_ Should the Consumpt - Jan Deckers","tags_ds":"Philosophy, Agriculture, Law, Medicine, Animals, Veganism, Genetic engineering, Speciesism, Holistic health, Vegan agriculture, Nutrition","tags_assoc":{"1":"Philosophy","81":"Agriculture","82":"Law","83":"Medicine","84":"Animals","85":"Veganism","86":"Genetic engineering","87":"Speciesism","88":"Holistic health","89":"Vegan agriculture","90":"Nutrition"},"bundles_ds":null,"bundles_assoc":null,"stacks_ds":null,"stacks_assoc":null,"pages":246,"annotated":false,"epub_copy_name":"Animal_Deliberation-Jan_Deckers.epub"}}