{
    "title": "The Battle for Open",
    "subtitle": "How Openness Won and Why It Doesn't Feel Like Victory",
    "series_index": 1,
    "caid": 2,
    "uuid": "f53c05d2-0b16-4089-a3fc-55c5ce954204",
    "isbn": "9781909188341",
    "doi": "10.5334/bam",
    "gdrds": "23815271",
    "authors": [
        {
            "name": "Martin Weller",
            "name_sort": "Weller, Martin",
            "auid": "8cfe30d4"
        }
    ],
    "authors_so": [
        "Weller, Martin"
    ],
    "authors_pp": "Martin Weller",
    "pub_date_ts": 1413382157,
    "add_date_ts": 1487113200,
    "lastmod_ts": 1496951687,
    "liked": false,
    "blurb_raw": "<p>With the success of open access publishing, Massive open online courses (MOOCs) and open education practices, the open approach to education has moved from the periphery to the mainstream. This marks a moment of victory for the open education movement, but at the same time the real battle for the direction of openness begins. As with the green movement, openness now has a market value and is subject to new tensions, such as venture capitalists funding MOOC companies. This is a crucial time for determining the future direction of open education. In this volume, Martin Weller examines four key areas that have been central to the developments within open education: open access, MOOCs, open education resources and open scholarship. Exploring the tensions within these key arenas, he argues that ownership over the future direction of openness is significant to all of those with an interest in education.</p><p>**</p>",
    "uri": "http://rlp.rebus.cc/library/book/f53c05d2-0b16-4089-a3fc-55c5ce954204",
    "reviewed": false,
    "publisher": {
        "id": 2,
        "name": "Ubiquity Press"
    },
    "reads": "queued",
    "has_cover": 1,
    "path": "Martin Weller/The Battle for Open_ How Openness Won and Why It Doesn't Feel Like Victory (2)",
    "filename": "The Battle for Open_ How Openness Won and - Martin Weller",
    "tags_ds": "Education, Open Scholarship, Open education, Open access, MOOC",
    "tags_assoc": {
        "3": "Education",
        "28": "Open Scholarship",
        "29": "Open education",
        "30": "Open access",
        "31": "MOOC"
    },
    "bundles_ds": null,
    "bundles_assoc": null,
    "stacks_ds": null,
    "stacks_assoc": null,
    "pages": 244,
    "words": 62206,
    "fre": 0,
    "fre_grey": 255,
    "annotations": null,
    "annotated": false,
    "colors": [
        "#FFCC33",
        "#999900",
        "#996633"
    ],
    "epub_copy_name": "The_Battle_for_Open-Martin_Weller.epub"
}