{
    "html": "<ul><li id=\"1\">Author Details</li><li id=\"2\">Acknowledgements</li><li id=\"3\">The Victory of Openness</li><li id=\"4\">What Sort of Open?</li><li id=\"5\">Open Access Publishing</li><li id=\"6\">Open Educational Resources</li><li id=\"7\">MOOCs</li><li id=\"8\">Education Is Broken and the Silicon Valley Narrative</li><li id=\"9\">Open Scholarship</li><li id=\"10\">Openness Uncovered</li><li id=\"11\">Resilience and Open Education</li><li id=\"12\">The Future of Open</li><li id=\"13\">Bibliography</li><li id=\"14\">Index</li></ul>",
    "data": {
        "1": {
            "text": "Author Details"
        },
        "2": {
            "text": "Acknowledgements"
        },
        "3": {
            "text": "The Victory of Openness"
        },
        "4": {
            "text": "What Sort of Open?"
        },
        "5": {
            "text": "Open Access Publishing"
        },
        "6": {
            "text": "Open Educational Resources"
        },
        "7": {
            "text": "MOOCs"
        },
        "8": {
            "text": "Education Is Broken and the Silicon Valley Narrative"
        },
        "9": {
            "text": "Open Scholarship"
        },
        "10": {
            "text": "Openness Uncovered"
        },
        "11": {
            "text": "Resilience and Open Education"
        },
        "12": {
            "text": "The Future of Open"
        },
        "13": {
            "text": "Bibliography"
        },
        "14": {
            "text": "Index"
        }
    }
}