{
    "title": "The Indigenous State",
    "subtitle": "Race, Politics, and Performance in Plurinational Bolivia",
    "series_index": 1,
    "caid": 50,
    "uuid": "11400e0a-7c31-46a0-90a5-96198107cbbf",
    "isbn": "9780520967304",
    "doi": "10.1525/luminos.31",
    "gdrds": "34153163",
    "authors": [
        {
            "name": "Nancy Postero",
            "name_sort": "Postero, Nancy",
            "auid": "33df06c7"
        }
    ],
    "authors_so": [
        "Postero, Nancy"
    ],
    "authors_pp": "Nancy Postero",
    "pub_date_ts": 1430784000,
    "add_date_ts": 1489532400,
    "lastmod_ts": 1496951604,
    "liked": false,
    "blurb_raw": "<div><p><span class=\"c1\">In 2005, Bolivians elected their first indigenous president, Evo Morales. Ushering in a new “democratic cultural revolution,” Morales promised to overturn neoliberalism and inaugurate a new decolonized society. In this perceptive new book, Nancy Postero examines the successes and failures that have followed in the ten years since Morales’s election. While the Morales government has made many changes that have benefited Bolivia’s majority indigenous population, it has also consolidated power and reinforced extractivist development models. In the process, indigeneity has been transformed from a site of emancipatory politics to a site of liberal nationstate building. By carefully tracing the political origins and practices of decolonization among activists, government administrators, and ordinary citizens, Postero makes an important contribution to our understanding of the meaning and impact of Bolivia’s indigenous state.</span></p><p><span class=\"c1\">“Provides multiple new insights into the Bolivian state in the time of President Evo Morales. It is a must-read for scholars and students interested in the recent political and cultural history of the country.” JOHN ANDREW MCNEISH, Professor of International Development and Environmental Studies, Norwegian University of Life Sciences</span></p><p><span class=\"c1\">NANCY POSTERO is Associate Professor of Anthropology at the University of California,San Diego. She is the author of Now We Are Citizens: Indigenous Politics in Post-Multicultural Bolivia.</span></p></div>",
    "uri": "http://rlp.rebus.cc/library/book/11400e0a-7c31-46a0-90a5-96198107cbbf",
    "reviewed": false,
    "publisher": {
        "id": 5,
        "name": "University of California Press."
    },
    "reads": "unread",
    "has_cover": 1,
    "path": "Nancy Postero/The Indigenous State_ Race, Politics, and Performance in Plurinational Bolivia (50)",
    "filename": "The Indigenous State_ Race, Politics, and - Nancy Postero",
    "tags_ds": "Anthropology, History, Latin American Studies",
    "tags_assoc": {
        "13": "Anthropology",
        "15": "History",
        "205": "Latin American Studies"
    },
    "bundles_ds": null,
    "bundles_assoc": null,
    "stacks_ds": null,
    "stacks_assoc": null,
    "pages": 216,
    "words": 103718,
    "fre": 51,
    "fre_grey": 124.95,
    "annotations": null,
    "annotated": false,
    "colors": [
        "#EA4C88",
        "#FDADC7",
        "#CCCCCC"
    ],
    "epub_copy_name": "The_Indigenous_State-Nancy_Postero.epub"
}