{
    "html": "<ul><li id=\"1\">Cover</li><li id=\"2\">Title</li><li id=\"3\">Copyright</li><li id=\"4\">Contents</li><li id=\"5\">List of Figures</li><li id=\"6\">Acknowledgments</li><li id=\"7\">Introduction</li><li id=\"8\">Part One: Refounding the State<ul><li id=\"9\">1: The Emergence of Indigenous Nationalism in Bolivia</li><li id=\"10\">2: The Constituent Assembly</li><li id=\"11\">3: Wedding the Nation</li></ul></li><li id=\"12\">Part Two: Development and Decolonization<ul><li id=\"13\">4: Living Well? The Battle for National Development</li><li id=\"14\">5: Race and Racism in the New Bolivia</li><li id=\"15\">6: From Indigeneity to Economic Liberation</li><li id=\"16\">7: Charagua’s Struggle for Indigenous Autonomy</li></ul></li><li id=\"17\">Conclusion: Between Politics and Policing</li><li id=\"18\">Notes</li><li id=\"19\">Credits for Previously Published Materials</li><li id=\"20\">References</li></ul>",
    "data": {
        "1": {
            "text": "Cover"
        },
        "2": {
            "text": "Title"
        },
        "3": {
            "text": "Copyright"
        },
        "4": {
            "text": "Contents"
        },
        "5": {
            "text": "List of Figures"
        },
        "6": {
            "text": "Acknowledgments"
        },
        "7": {
            "text": "Introduction"
        },
        "8": {
            "text": "Part One: Refounding the State",
            "9": {
                "text": "1: The Emergence of Indigenous Nationalism in Bolivia"
            },
            "10": {
                "text": "2: The Constituent Assembly"
            },
            "11": {
                "text": "3: Wedding the Nation"
            }
        },
        "12": {
            "text": "Part Two: Development and Decolonization",
            "13": {
                "text": "4: Living Well? The Battle for National Development"
            },
            "14": {
                "text": "5: Race and Racism in the New Bolivia"
            },
            "15": {
                "text": "6: From Indigeneity to Economic Liberation"
            },
            "16": {
                "text": "7: Charagua’s Struggle for Indigenous Autonomy"
            }
        },
        "17": {
            "text": "Conclusion: Between Politics and Policing"
        },
        "18": {
            "text": "Notes"
        },
        "19": {
            "text": "Credits for Previously Published Materials"
        },
        "20": {
            "text": "References"
        }
    }
}