{
    "title": "Christianity, Islam, and Orisa-Religion",
    "subtitle": "Three Traditions in Comparison and Interaction",
    "series_index": 1,
    "caid": 25,
    "uuid": "9e6ec32c-ebb4-4c1b-8a9e-22761382310c",
    "isbn": "9780520961227",
    "doi": "10.1525/luminos.8",
    "gdrds": "26514986",
    "authors": [
        {
            "name": "J. D. Y. Peel",
            "name_sort": "Peel, J. D. Y.",
            "auid": "9d80ea1c"
        }
    ],
    "authors_so": [
        "Peel, J. D. Y."
    ],
    "authors_pp": "J. D. Y. Peel",
    "pub_date_ts": 1448582400,
    "add_date_ts": 1481756400,
    "lastmod_ts": 1496951569,
    "liked": false,
    "blurb_raw": "<p>A free ebook version of this title is available through Luminos, University of California Press's open access publishing program for monographs. Visit <a href=\"http://www.luminosoa.org\">www.luminosoa.org</a> to learn more.</p><p>The Yoruba of southwestern Nigeria are exceptional for the copresence among them of three religious traditions: Islam, Christianity, and the indigenous <em>orisa</em> religion. In this comparative study, at once historical and anthropological, Peel explores the intertwined character of the three religions and the dense imbrication of religion in all aspects of Yoruba history up to the present. For over 400 years, the Yoruba have straddled two geocultural spheres: one reaching north over the Sahara to the world of Islam, the other linking them to the Euro-American world via the Atlantic. These two external spheres were the source of contrasting cultural influences, notably those emanating from the world religions. However, the Yoruba not only imported Islam and Christianity but also exported their own <em>orisa</em> religion to the New World. Before the voluntary modern diaspora that has brought many Yoruba to Europe and the Americas, tens of thousands were sold as slaves in the New World, bringing with them the worship of the <em>orisa</em>.</p><p>Peel offers deep insight into important contemporary themes such as religious conversion, new religious movements, relations between world religions, the conditions of religious violence, the transnational flows of contemporary religion, and the interplay between tradition and the demands of an ever-changing present. In the process, he makes a major theoretical contribution to the anthropology of world religions.</p>",
    "uri": "http://rlp.rebus.cc/library/book/9e6ec32c-ebb4-4c1b-8a9e-22761382310c",
    "reviewed": false,
    "publisher": {
        "id": 4,
        "name": "Univ of California Press"
    },
    "reads": "unread",
    "has_cover": 1,
    "path": "J. D. Y. Peel/Christianity, Islam, and Orisa-Religion_ Three Traditions in Comparison and Interaction (25)",
    "filename": "Christianity, Islam, and Orisa-Religion_ T - J. D. Y. Peel",
    "tags_ds": "Islam, Religion, Comparative Religion, Christianity, Orisa",
    "tags_assoc": {
        "135": "Islam",
        "143": "Religion",
        "144": "Comparative Religion",
        "145": "Christianity",
        "146": "Orisa"
    },
    "bundles_ds": null,
    "bundles_assoc": null,
    "stacks_ds": null,
    "stacks_assoc": null,
    "pages": 312,
    "words": 146704,
    "fre": 46,
    "fre_grey": 137.7,
    "annotations": null,
    "annotated": false,
    "colors": [
        "#424153",
        "#ABBCDA",
        "#0066CC"
    ],
    "epub_copy_name": "Christianity_Islam_and_OrisaReligion-J._D._Y._Peel.epub"
}