{
    "html": "<ul><li id=\"1\">Cover</li><li id=\"2\">Title</li><li id=\"3\">Copyright</li><li id=\"4\">Content</li><li id=\"5\">List of Abbreviations Appearing in the Text and Notes</li><li id=\"6\">Acknowledgments</li><li id=\"7\">Introduction</li><li id=\"8\">PART I<ul><li id=\"9\">1. History, Culture, and the ­Comparative Method: A West African Puzzle</li><li id=\"10\">2. Two Pastors and Their Histories: Samuel Johnson and C. C. Reindorf</li><li id=\"11\">3. Ogun in Precolonial Yorubaland: A Comparative Analysis</li><li id=\"12\">4. Divergent Modes of Religiosity in West Africa</li><li id=\"13\">5. Postsocialism, Postcolonialism, ­Pentecostalism</li></ul></li><li id=\"14\">PART II<ul><li id=\"15\">6. Context, Tradition, and the ­Anthropology of World Religions</li><li id=\"16\">7. Conversion and Community in ­Yorubaland</li><li id=\"17\">8. Yoruba Ethnogenesis and the ­Trajectory of Islam</li><li id=\"18\">9. A Century of Interplay Between Islam and Christianity</li><li id=\"19\">10. Pentecostalism and Salafism in Nigeria: Mirror Images?</li><li id=\"20\">11. The Three Circles of Yoruba Religion</li></ul></li><li id=\"21\">Glossary of Yoruba and Arabic Terms ­Appearing in the Text and Notes</li><li id=\"22\">Notes</li></ul>",
    "data": {
        "1": {
            "text": "Cover"
        },
        "2": {
            "text": "Title"
        },
        "3": {
            "text": "Copyright"
        },
        "4": {
            "text": "Content"
        },
        "5": {
            "text": "List of Abbreviations Appearing in the Text and Notes"
        },
        "6": {
            "text": "Acknowledgments"
        },
        "7": {
            "text": "Introduction"
        },
        "8": {
            "text": "PART I",
            "9": {
                "text": "1. History, Culture, and the ­Comparative Method: A West African Puzzle"
            },
            "10": {
                "text": "2. Two Pastors and Their Histories: Samuel Johnson and C. C. Reindorf"
            },
            "11": {
                "text": "3. Ogun in Precolonial Yorubaland: A Comparative Analysis"
            },
            "12": {
                "text": "4. Divergent Modes of Religiosity in West Africa"
            },
            "13": {
                "text": "5. Postsocialism, Postcolonialism, ­Pentecostalism"
            }
        },
        "14": {
            "text": "PART II",
            "15": {
                "text": "6. Context, Tradition, and the ­Anthropology of World Religions"
            },
            "16": {
                "text": "7. Conversion and Community in ­Yorubaland"
            },
            "17": {
                "text": "8. Yoruba Ethnogenesis and the ­Trajectory of Islam"
            },
            "18": {
                "text": "9. A Century of Interplay Between Islam and Christianity"
            },
            "19": {
                "text": "10. Pentecostalism and Salafism in Nigeria: Mirror Images?"
            },
            "20": {
                "text": "11. The Three Circles of Yoruba Religion"
            }
        },
        "21": {
            "text": "Glossary of Yoruba and Arabic Terms ­Appearing in the Text and Notes"
        },
        "22": {
            "text": "Notes"
        }
    }
}