{
    "title": "Precarious Claims",
    "subtitle": "The Promise and Failure of Workplace Protections in the United States",
    "series_index": 1,
    "caid": 35,
    "uuid": "8b452e72-e62f-4d80-8446-a3f96a6e92b8",
    "isbn": "9780520288782",
    "doi": "10.1525/luminos.19",
    "gdrds": "29993766",
    "authors": [
        {
            "name": "Shannon Gleeson",
            "name_sort": "Gleeson, Shannon",
            "auid": "de93ac9c"
        }
    ],
    "authors_so": [
        "Gleeson, Shannon"
    ],
    "authors_pp": "Shannon Gleeson",
    "pub_date_ts": 1463311568,
    "add_date_ts": 1487113200,
    "lastmod_ts": 1496951661,
    "liked": false,
    "blurb_raw": "<p>A free ebook version of this title is available through Luminos, University of California Press’s Open Access publishing program for monographs. Visit www.luminosoa.org to learn more.</p><p><em>Precarious Claims&nbsp;</em>tells the human story behind the bureaucratic process of fighting for justice in the U.S. workplace. The global economy has fueled vast concentrations of wealth that have driven a demand for cheap and flexible labor. Workplace violations such as wage theft, unsafe work environments, and discrimination are widespread in low-wage industries such as retail, restaurants, hospitality, and domestic work, where jobs are often held by immigrants and other vulnerable workers. How and why&nbsp;do&nbsp;these workers, despite enormous barriers, come forward to seek justice, and what happens once they do?&nbsp;Based on extensive fieldwork in Northern California, Gleeson investigates the array of gatekeepers with whom workers must negotiate in the labor standards enforcement bureaucracy and, ultimately, the limited reach of formal legal protections. The author also tracks how workplace injustices—and the arduous process of contesting them—carry long-term effects on their everyday lives. Workers sometimes win, but their chances are precarious at best.</p><p>**</p>",
    "uri": "http://rlp.rebus.cc/library/book/8b452e72-e62f-4d80-8446-a3f96a6e92b8",
    "reviewed": false,
    "publisher": {
        "id": 1,
        "name": "University of California Press"
    },
    "reads": "unread",
    "has_cover": 1,
    "path": "Shannon Gleeson/Precarious Claims_ The Promise and Failure of Workplace Protections in the United States (35)",
    "filename": "Precarious Claims_ The Promise and Failure - Shannon Gleeson",
    "tags_ds": "Labor Relations Law and Society Sociology",
    "tags_assoc": {
        "181": "Labor Relations Law and Society Sociology"
    },
    "bundles_ds": null,
    "bundles_assoc": null,
    "stacks_ds": null,
    "stacks_assoc": null,
    "pages": 190,
    "words": 81066,
    "fre": 64,
    "fre_grey": 91.8,
    "annotations": null,
    "annotated": false,
    "colors": [
        "#FF6600",
        "#F5DD01",
        "#0066CC"
    ],
    "epub_copy_name": "Precarious_Claims-Shannon_Gleeson.epub"
}