{
    "html": "<ul><li id=\"1\">Cover</li><li id=\"2\">Title</li><li id=\"3\">Copyright</li><li id=\"4\">Contents</li><li id=\"5\">Acknowledgments</li><li id=\"6\">1. Introduction</li><li id=\"7\">2. Inequality and Power at Work</li><li id=\"8\">3. The Landscape and Logics of Worker Protections</li><li id=\"9\">4. Navigating Bureaucracies</li><li id=\"10\">5. The Aftermath of Legal Mobilization</li><li id=\"11\">6. Conclusion</li><li id=\"12\">Notes</li><li id=\"13\">References</li></ul>",
    "data": {
        "1": {
            "text": "Cover"
        },
        "2": {
            "text": "Title"
        },
        "3": {
            "text": "Copyright"
        },
        "4": {
            "text": "Contents"
        },
        "5": {
            "text": "Acknowledgments"
        },
        "6": {
            "text": "1. Introduction"
        },
        "7": {
            "text": "2. Inequality and Power at Work"
        },
        "8": {
            "text": "3. The Landscape and Logics of Worker Protections"
        },
        "9": {
            "text": "4. Navigating Bureaucracies"
        },
        "10": {
            "text": "5. The Aftermath of Legal Mobilization"
        },
        "11": {
            "text": "6. Conclusion"
        },
        "12": {
            "text": "Notes"
        },
        "13": {
            "text": "References"
        }
    }
}