{
    "title": "Water and Los Angeles",
    "subtitle": "A Tale of Three Rivers, 1900-1941",
    "series_index": 1,
    "caid": 33,
    "uuid": "30446aaf-9ee1-4552-9ca2-d8d8dc9f13fb",
    "isbn": "0520292421",
    "doi": "10.1525/luminos.21",
    "gdrds": "29563638",
    "authors": [
        {
            "name": "William Deverell",
            "name_sort": "Deverell, William",
            "auid": "ef44ee19"
        },
        {
            "name": "Tom Sitton",
            "name_sort": "Sitton, Tom",
            "auid": "c7c89057"
        }
    ],
    "authors_so": [
        "Deverell, William & Sitton, Tom"
    ],
    "authors_pp": "William Deverell & Tom Sitton",
    "pub_date_ts": 1471692338,
    "add_date_ts": 1484521200,
    "lastmod_ts": 1496951697,
    "liked": false,
    "blurb_raw": "<p>A free ebook version of this title is available through Luminos, University of California Press’s Open Access publishing program for monographs. Visit <a href=\"http://www.luminosoa.org\">www.luminosoa.org</a> to learn more.<br><br>Los Angeles rose to significance in the first half of the twentieth century by way of its complex relationship to three rivers: the Los Angeles, the Owens, and the Colorado. The remarkable urban and suburban trajectory of southern California since then cannot be fully understood without reference to the ways in which each of these three river systems came to be connected to the future of the metropolitan region. This history of growth must be understood in full consideration of all three rivers and the challenges and opportunities they presented to those who would come to make Los Angeles a global power. Full of primary sources and original documents,&nbsp;<em>Water and Los Angeles&nbsp;</em>will be of interest to both students of Los Angeles and general readers interested in the origins of the city.</p>",
    "uri": "http://rlp.rebus.cc/library/book/30446aaf-9ee1-4552-9ca2-d8d8dc9f13fb",
    "reviewed": false,
    "publisher": {
        "id": 1,
        "name": "University of California Press"
    },
    "reads": "unread",
    "has_cover": 1,
    "path": "William Deverell/Water and Los Angeles_ A Tale of Three Rivers, 1900-1941 (33)",
    "filename": "Water and Los Angeles_ A Tale of Three Riv - William Deverell",
    "tags_ds": "History, Environmental History, U.S. Western History, U.S.A",
    "tags_assoc": {
        "15": "History",
        "174": "Environmental History",
        "175": "U.S. Western History",
        "176": "U.S.A"
    },
    "bundles_ds": null,
    "bundles_assoc": null,
    "stacks_ds": null,
    "stacks_assoc": null,
    "pages": 164,
    "words": 63776,
    "fre": 62,
    "fre_grey": 96.9,
    "annotations": null,
    "annotated": false,
    "colors": [
        "#424153",
        "#ABBCDA",
        "#999999"
    ],
    "epub_copy_name": "Water_and_Los_Angeles-William_Deverell.epub"
}