{
    "html": "<ul><li id=\"1\">Cover</li><li id=\"2\">Title</li><li id=\"3\">Copyright</li><li id=\"4\">Contents</li><li id=\"5\">Preface</li><li id=\"6\">Introduction</li><li id=\"7\">1. Rivers of Growth</li><li id=\"8\">2. Harnessing the Rivers</li><li id=\"9\">3. Rivers in Nature</li><li id=\"10\">Epilogue: What’s Next? What’s the Future?</li><li id=\"11\">Notes</li><li id=\"12\">Study Questions for Consideration</li><li id=\"13\">Chronology</li><li id=\"14\">Selected Bibliography</li><li id=\"15\">Acknowledgments</li></ul>",
    "data": {
        "1": {
            "text": "Cover"
        },
        "2": {
            "text": "Title"
        },
        "3": {
            "text": "Copyright"
        },
        "4": {
            "text": "Contents"
        },
        "5": {
            "text": "Preface"
        },
        "6": {
            "text": "Introduction"
        },
        "7": {
            "text": "1. Rivers of Growth"
        },
        "8": {
            "text": "2. Harnessing the Rivers"
        },
        "9": {
            "text": "3. Rivers in Nature"
        },
        "10": {
            "text": "Epilogue: What’s Next? What’s the Future?"
        },
        "11": {
            "text": "Notes"
        },
        "12": {
            "text": "Study Questions for Consideration"
        },
        "13": {
            "text": "Chronology"
        },
        "14": {
            "text": "Selected Bibliography"
        },
        "15": {
            "text": "Acknowledgments"
        }
    }
}