{
    "title": "A Vietnamese Moses",
    "subtitle": "Philiphe Binh and the Geographies of Early Modern Catholicism",
    "series_index": 1,
    "caid": 31,
    "uuid": "1e28b8f2-df4a-4b1e-8cf1-f47068c9c1cf",
    "isbn": "9780520293434",
    "doi": "10.1525/luminos.22",
    "gdrds": "31456579",
    "authors": [
        {
            "name": "George E. Dutton",
            "name_sort": "Dutton, George E.",
            "auid": "c94e2cd6"
        }
    ],
    "authors_so": [
        "Dutton, George E."
    ],
    "authors_pp": "George E. Dutton",
    "pub_date_ts": 1481500800,
    "add_date_ts": 1484521200,
    "lastmod_ts": 1496951709,
    "liked": false,
    "blurb_raw": "<p>A free ebook version of this title is available through Luminos, University of California Press’s Open Access publishing program. Visit www.luminosoa.org to learn more.<br><br><em>A Vietnamese Moses</em> is the story of Philiphê Binh, a Vietnamese Catholic priest who in 1796 traveled from Tonkin to the Portuguese court in Lisbon to persuade its ruler to appoint a bishop for his community of ex-Jesuits. Based on Binh’s surviving writings from his thirty-seven-year exile in Portugal, this book examines how the intersections of global and local Roman Catholic geographies shaped the lives of Vietnamese Christians in the early modern era. The book also argues that Binh’s mission to Portugal and his intense lobbying on behalf of his community reflected the agency of Vietnamese Catholics, who vigorously engaged with church politics in defense of their distinctive Portuguese-Catholic heritage. George E. Dutton demonstrates the ways in which Catholic beliefs, histories, and genealogies transformed how Vietnamese thought about themselves and their place in the world. This sophisticated exploration of Vietnamese engagement with both the Catholic Church and Napoleonic Europe provides a unique perspective on the complex history of early Vietnamese Christianity.</p><p>**</p>",
    "uri": "http://rlp.rebus.cc/library/book/1e28b8f2-df4a-4b1e-8cf1-f47068c9c1cf",
    "reviewed": false,
    "publisher": {
        "id": 1,
        "name": "University of California Press"
    },
    "reads": "unread",
    "has_cover": 1,
    "path": "George E. Dutton/A Vietnamese Moses_ Philiphe Binh and the Geographies of Early Modern Catholicism (31)",
    "filename": "A Vietnamese Moses_ Philiphe Binh and the - George E. Dutton",
    "tags_ds": "History, Christianity, Asian Studies, Vietnam",
    "tags_assoc": {
        "15": "History",
        "145": "Christianity",
        "163": "Asian Studies",
        "164": "Vietnam"
    },
    "bundles_ds": null,
    "bundles_assoc": null,
    "stacks_ds": "East Asian Studies Class",
    "stacks_assoc": {
        "3": "East Asian Studies Class"
    },
    "pages": 352,
    "words": 160852,
    "fre": 64,
    "fre_grey": 91.8,
    "annotations": null,
    "annotated": false,
    "colors": [
        "#424153",
        "#999999",
        "#CCCCCC"
    ],
    "epub_copy_name": "A_Vietnamese_Moses-George_E._Dutton.epub"
}