{
    "html": "<ul><li id=\"1\">Cover</li><li id=\"2\">Title</li><li id=\"3\">Copyright</li><li id=\"4\">Dedication</li><li id=\"5\">Contents</li><li id=\"6\">List of Illustrations</li><li id=\"7\">Acknowledgments</li><li id=\"8\">Introduction</li><li id=\"9\">1. Philiphê Bỉnh and the Catholic Geographies of Tonkin</li><li id=\"10\">2. A Catholic Community in Crisis</li><li id=\"11\">3. Journeys: Macao, Goa, and Lisbon</li><li id=\"12\">4. Arrival in Lisbon and First Encounters</li><li id=\"13\">5. Invoking the Padroado: Bỉnh and Prince Dom João</li><li id=\"14\">6. Waiting for Bỉnh in Tonkin and Macao</li><li id=\"15\">7. Life in Lisbon and the Casa do Espirito Santo, 1807–33</li><li id=\"16\">8. The Tales of Philiphê Bỉnh</li><li id=\"17\">Epilogue</li><li id=\"18\">Appendix 1: Time Line</li><li id=\"19\">Appendix 2: Cast of Characters</li><li id=\"20\">Appendix 3: Texts Used by Bỉnh in His Writing Projects</li><li id=\"21\">List of Abbreviations</li><li id=\"22\">Notes</li><li id=\"23\">Bibliography</li></ul>",
    "data": {
        "1": {
            "text": "Cover"
        },
        "2": {
            "text": "Title"
        },
        "3": {
            "text": "Copyright"
        },
        "4": {
            "text": "Dedication"
        },
        "5": {
            "text": "Contents"
        },
        "6": {
            "text": "List of Illustrations"
        },
        "7": {
            "text": "Acknowledgments"
        },
        "8": {
            "text": "Introduction"
        },
        "9": {
            "text": "1. Philiphê Bỉnh and the Catholic Geographies of Tonkin"
        },
        "10": {
            "text": "2. A Catholic Community in Crisis"
        },
        "11": {
            "text": "3. Journeys: Macao, Goa, and Lisbon"
        },
        "12": {
            "text": "4. Arrival in Lisbon and First Encounters"
        },
        "13": {
            "text": "5. Invoking the Padroado: Bỉnh and Prince Dom João"
        },
        "14": {
            "text": "6. Waiting for Bỉnh in Tonkin and Macao"
        },
        "15": {
            "text": "7. Life in Lisbon and the Casa do Espirito Santo, 1807–33"
        },
        "16": {
            "text": "8. The Tales of Philiphê Bỉnh"
        },
        "17": {
            "text": "Epilogue"
        },
        "18": {
            "text": "Appendix 1: Time Line"
        },
        "19": {
            "text": "Appendix 2: Cast of Characters"
        },
        "20": {
            "text": "Appendix 3: Texts Used by Bỉnh in His Writing Projects"
        },
        "21": {
            "text": "List of Abbreviations"
        },
        "22": {
            "text": "Notes"
        },
        "23": {
            "text": "Bibliography"
        }
    }
}