{
    "title": "Learning From West African Experiences in Security Sector Governance",
    "subtitle": null,
    "series_index": 1,
    "caid": 10,
    "uuid": "010c0678-ee02-4c8c-ad83-cb277a0a217d",
    "isbn": "9781909188693",
    "doi": "10.5334/bau",
    "authors": [
        {
            "name": "Fairlie Chappuis",
            "name_sort": "Chappuis, Fairlie",
            "auid": "08522127"
        },
        {
            "name": "Alan Bryden",
            "name_sort": "Bryden, Alan",
            "auid": "e12024f3"
        }
    ],
    "authors_so": [
        "Chappuis, Fairlie & Bryden, Alan"
    ],
    "authors_pp": "Fairlie Chappuis & Alan Bryden",
    "pub_date_ts": 1431699091,
    "add_date_ts": 1488409200,
    "lastmod_ts": 1496951611,
    "liked": false,
    "blurb_raw": "",
    "uri": "http://rlp.rebus.cc/library/book/010c0678-ee02-4c8c-ad83-cb277a0a217d",
    "reviewed": false,
    "publisher": {
        "id": 2,
        "name": "Ubiquity Press"
    },
    "reads": "unread",
    "has_cover": 1,
    "path": "Fairlie Chappuis/Learning From West African Experiences in Security Sector Governance (10)",
    "filename": "Learning From West African Experiences in - Fairlie Chappuis",
    "tags_ds": "Political science, International relations, Security sector reform, Security sector governance, Democracy, West Africa, Domestic security, Development, Politics, Government",
    "tags_assoc": {
        "39": "Political science",
        "58": "International relations",
        "59": "Security sector reform",
        "60": "Security sector governance",
        "61": "Democracy",
        "62": "West Africa",
        "63": "Domestic security",
        "64": "Development",
        "65": "Politics",
        "66": "Government"
    },
    "bundles_ds": null,
    "bundles_assoc": null,
    "stacks_ds": null,
    "stacks_assoc": null,
    "pages": 182,
    "words": null,
    "fre": 0,
    "fre_grey": 255,
    "annotations": null,
    "annotated": false,
    "colors": [
        "#424153",
        "#cccccc",
        "#e6e6e6"
    ],
    "epub_copy_name": "Learning_From_West_African_Experiences_in_Security_Sector_Governance-Fairlie_Chappuis.epub"
}