{
    "html": "<ul><li id=\"1\">Cover</li><li id=\"2\">Title</li><li id=\"3\">Copyright</li><li id=\"4\">Table of Contents</li><li id=\"5\">List of Contributors</li><li id=\"6\">Foreword</li><li id=\"7\">Preface</li><li id=\"8\">Acronym List</li><li id=\"9\">Chapter 1. Introduction: Understanding Security Sector Governance Dynamics in West Africa</li><li id=\"10\">Chapter 2. Resurrecting the Police Council in Ghana</li><li id=\"11\">Chapter 3. Transitioning to Democratic Governance in Guinea</li><li id=\"12\">Chapter 4. Developments in Legislative Oversight in Liberia</li><li id=\"13\">Chapter 5. Missed Opportunities for Comprehensive Security Sector Reform in Mali</li><li id=\"14\">Chapter 6. Democratic Security Sector Governance and Military Reform in Nigeria</li><li id=\"15\">Chapter 7. Security Sector Reform in Democratic Senegal</li><li id=\"16\">Chapter 8. Conclusion: Learning the Lessons from West African Experiences of Security Sector Governance</li><li id=\"17\">Reference List</li><li id=\"18\">About DCAF</li></ul>",
    "data": {
        "1": {
            "text": "Cover"
        },
        "2": {
            "text": "Title"
        },
        "3": {
            "text": "Copyright"
        },
        "4": {
            "text": "Table of Contents"
        },
        "5": {
            "text": "List of Contributors"
        },
        "6": {
            "text": "Foreword"
        },
        "7": {
            "text": "Preface"
        },
        "8": {
            "text": "Acronym List"
        },
        "9": {
            "text": "Chapter 1. Introduction: Understanding Security Sector Governance Dynamics in West Africa"
        },
        "10": {
            "text": "Chapter 2. Resurrecting the Police Council in Ghana"
        },
        "11": {
            "text": "Chapter 3. Transitioning to Democratic Governance in Guinea"
        },
        "12": {
            "text": "Chapter 4. Developments in Legislative Oversight in Liberia"
        },
        "13": {
            "text": "Chapter 5. Missed Opportunities for Comprehensive Security Sector Reform in Mali"
        },
        "14": {
            "text": "Chapter 6. Democratic Security Sector Governance and Military Reform in Nigeria"
        },
        "15": {
            "text": "Chapter 7. Security Sector Reform in Democratic Senegal"
        },
        "16": {
            "text": "Chapter 8. Conclusion: Learning the Lessons from West African Experiences of Security Sector Governance"
        },
        "17": {
            "text": "Reference List"
        },
        "18": {
            "text": "About DCAF"
        }
    }
}