{
    "title": "Issues in Open Research Data",
    "subtitle": null,
    "series_index": 1,
    "caid": 11,
    "uuid": "ff3e5df6-7671-4d21-9508-77c9aee0223e",
    "isbn": "9781909188310",
    "doi": "10.5334/ban",
    "gdrds": "27160821",
    "authors": [
        {
            "name": "Samuel A. Moore",
            "name_sort": "Moore, Samuel A.",
            "auid": "09875489"
        }
    ],
    "authors_so": [
        "Moore, Samuel A."
    ],
    "authors_pp": "Samuel A. Moore",
    "pub_date_ts": 1417392000,
    "add_date_ts": 1488409200,
    "lastmod_ts": 1497189402,
    "liked": false,
    "blurb_raw": "<p>About the book</p><p>In 2010 the Panton Principles for Open Data in Science were published. These principles were founded upon the idea that ‘Science is based on building on, reusing and openly criticising the published body of scientific knowledge’ (<a href=\"http://pantonprinciples.org\">http://pantonprinciples.org</a>) and they provide a succinct list of the fundamentals to observe when making your data open. Intended for a broad audience of academics, publishers and librarians, Issues in Research Data explores the implications of the Panton Principles through a number of perspectives on open research data in the sciences and beyond.</p><p>The book features chapters by open data experts in a range of academic disciplines, covering practical information on licensing, ethics, and advice for data curators, alongside more theoretical issues surrounding the adoption of open data. As the book will be open access, each chapter will be able to standalone from the main volume so that communities can host, distribute, build upon and remix the content that is relevant to them.<br>Table of Contents</p><p>Editor’s Introduction - Samuel A. Moore<br>Open Content Mining - Peter Murray-Rust, Jennifer C. Molloy, Diane Cabell<br>The Need to Humanize Open Science - Eric C. Kansa<br>Data Sharing in a Humanitarian Organization: The Experience of Médecins Sans Frontières - Unni Karunakara<br>Why Open Drug Discovery Needs Four Simple Rules for Licensing Data and Models - Antony J. Williams, John Wilbanks, Sean Ekins<br>Open Data in the Earth and Climate Sciences - Sarah Callaghan<br>Open Minded Psychology - Wouter van den Bos, Mirjam Jenny, Dirk Wulff<br>Open Data in Health Sciences - Tom Pollard<br>Open Research Data in Economics - Velichka Dimitrova<br>Open Data and Palaeontology - Ross Mounce</p><p>Panton Fellowships</p><p>This book is the result of a yearlong Panton Fellowship with the Open Knowledge Foundation and made possible by the Computer and Communications Industry Association. This is the second year that the fellowships have taken place, so far funding five early-career researchers across Europe.</p><p>Throughout the year, fellows are expected to advocate for issues surrounding open data, centred on promotion of the Panton Principles for open data in Science. Projects have ranged from monitoring air quality in local primary schools, to transparent and reproducible altmetrics, to the Open Science Training Initiative and now this volume on open research data.</p><p>In addition to the funding and training fellows receive, the Open Knowledge Foundation is a great network of supportive, like-minded individuals who are really committed to the broad mission of increasing openness throughout academia, government and society at large.<br>About the publisher</p><p>Ubiquity Press is an open access publisher of peer-reviewed, academic journals. Our flexible publishing model makes journals and books affordable, and enables researchers around the world to find and access the information they need, without barriers.</p>",
    "uri": "http://rlp.rebus.cc/library/book/ff3e5df6-7671-4d21-9508-77c9aee0223e",
    "reviewed": false,
    "publisher": {
        "id": 2,
        "name": "Ubiquity Press"
    },
    "reads": "unread",
    "has_cover": 1,
    "path": "Samuel A. Moore/Issues in Open Research Data (11)",
    "filename": "Issues in Open Research Data - Samuel A. Moore",
    "tags_ds": "Education, Open access, Science, Open data, Text and data mining, Open science, Research",
    "tags_assoc": {
        "3": "Education",
        "30": "Open access",
        "32": "Science",
        "33": "Open data",
        "34": "Text and data mining",
        "35": "Open science",
        "36": "Research"
    },
    "bundles_ds": null,
    "bundles_assoc": null,
    "stacks_ds": "Open Science",
    "stacks_assoc": {
        "6": "Open Science"
    },
    "pages": 172,
    "words": 39792,
    "fre": 0,
    "fre_grey": 255,
    "annotations": {
        "1480683060": {
            "timestamp": "1480683060",
            "location": "265",
            "iam": "highlight",
            "text_h": "<p>Under the Directive, rights are granted to the one who makes a substantial investment in obtaining, verifying or presenting the contents of the database. </p>",
            "text_j": [
                "Under the Directive, rights are granted to the one who makes a substantial investment in obtaining, verifying or presenting the contents of the database. "
            ]
        },
        "1480683061": {
            "timestamp": "1480683061",
            "location": "266",
            "iam": "note",
            "text_h": "<p>science subsumed to capitalism and its next evolution, vectorialism.</p>",
            "text_j": [
                "science subsumed to capitalism and its next evolution, vectorialism."
            ]
        },
        "1480683120": {
            "timestamp": "1480683120",
            "location": "271",
            "iam": "highlight",
            "text_h": "<p>The United States, for example, does not impose any sui generis rights. Copyright ownership belongs to the creator or his employer, but may be transferred to another (such as a publisher) hence copyright ownership can be difficult to ascertain, particularly where multiple researchers have contributed to the whole. </p>",
            "text_j": [
                "The United States, for example, does not impose any sui generis rights. Copyright ownership belongs to the creator or his employer, but may be transferred to another (such as a publisher) hence copyright ownership can be difficult to ascertain, particularly where multiple researchers have contributed to the whole. "
            ]
        },
        "1480683300": {
            "timestamp": "1480683300",
            "location": "274",
            "iam": "note",
            "text_h": "<p>ditto. more often than not, \"employer\" (\"who is paying for the labor\") and publisher (\"who provides distribution infrastructure\") will demand rights. this becomes increasingly true when they can no longer capture revenue from the selling of atoms and must lock down the bits.</p>",
            "text_j": [
                "ditto. more often than not, \"employer\" (\"who is paying for the labor\") and publisher (\"who provides distribution infrastructure\") will demand rights. this becomes increasingly true when they can no longer capture revenue from the selling of atoms and must lock down the bits."
            ]
        },
        "1480643100": {
            "timestamp": "1480643100",
            "location": "466",
            "iam": "highlight",
            "text_h": "<p>A focus solely on the symptoms of dysfunction in research, rather than the underlying causes, will fail to deliver meaningful positive change. </p>",
            "text_j": [
                "A focus solely on the symptoms of dysfunction in research, rather than the underlying causes, will fail to deliver meaningful positive change. "
            ]
        },
        "1480643101": {
            "timestamp": "1480643101",
            "location": "467",
            "iam": "note",
            "text_h": "<p>true of all things</p>",
            "text_j": [
                "true of all things"
            ]
        },
        "1480643340": {
            "timestamp": "1480643340",
            "location": "504",
            "iam": "highlight",
            "text_h": "<p>(see a fascinating discussion of this in Albro 2012). </p>",
            "text_j": [
                "(see a fascinating discussion of this in Albro 2012). "
            ]
        },
        "1480643400": {
            "timestamp": "1480643400",
            "location": "504",
            "iam": "note",
            "text_h": "<p>what if this was a DOI link? What if all such references were?</p>",
            "text_j": [
                "what if this was a DOI link? What if all such references were?"
            ]
        },
        "1480643522": {
            "timestamp": "1480643522",
            "location": "508",
            "iam": "highlight",
            "text_h": "<p>there are plenty of examples of humanistic critique that read like self-parody. </p>",
            "text_j": [
                "there are plenty of examples of humanistic critique that read like self-parody. "
            ]
        },
        "1480643523": {
            "timestamp": "1480643523",
            "location": "508",
            "iam": "note",
            "text_h": "<p>shade...</p>",
            "text_j": [
                "shade..."
            ]
        },
        "1480643520": {
            "timestamp": "1480643520",
            "location": "510",
            "iam": "highlight",
            "text_h": "<p>the “science” I discuss refers to a wider universe of systematic study than often considered in contemporary university or policy-making bureaucracies. </p>",
            "text_j": [
                "the “science” I discuss refers to a wider universe of systematic study than often considered in contemporary university or policy-making bureaucracies. "
            ]
        },
        "1480643521": {
            "timestamp": "1480643521",
            "location": "511",
            "iam": "note",
            "text_h": "<p>yes!</p>",
            "text_j": [
                "yes!"
            ]
        },
        "1480657740": {
            "timestamp": "1480657740",
            "location": "534",
            "iam": "highlight",
            "text_h": "<p>while archaeologists strive to innovate in many areas of their professional lives, publication practices remain highly resistant to change. </p>",
            "text_j": [
                "while archaeologists strive to innovate in many areas of their professional lives, publication practices remain highly resistant to change. "
            ]
        },
        "1480657800": {
            "timestamp": "1480657800",
            "location": "535",
            "iam": "note",
            "text_h": "<p>funding tied to publishing only stellar material? the celebrity imperative.</p>",
            "text_j": [
                "funding tied to publishing only stellar material? the celebrity imperative."
            ]
        },
        "1480657860": {
            "timestamp": "1480657860",
            "location": "538",
            "iam": "highlight",
            "text_h": "<p>Publication lies at the heart of most fields of academic inquiry. It plays an integral role in our success in finding grants and employment, and it helps structure our identities as researchers. </p>",
            "text_j": [
                "Publication lies at the heart of most fields of academic inquiry. It plays an integral role in our success in finding grants and employment, and it helps structure our identities as researchers. "
            ]
        },
        "1480657861": {
            "timestamp": "1480657861",
            "location": "539",
            "iam": "note",
            "text_h": "<p>bingo. funding and celebrity.</p>",
            "text_j": [
                "bingo. funding and celebrity."
            ]
        },
        "1480657980": {
            "timestamp": "1480657980",
            "location": "543",
            "iam": "highlight",
            "text_h": "<p>Open Context, the data sharing system I direct, has adopted a model of “data sharing as publication.” Open Context publishes a wide variety of archaeological data, ranging from archaeological survey datasets to excavation documentation, artifact analyses, chemical analyses of artifacts, and detailed descriptions of bones and other biological remains found in archaeological contexts. </p>",
            "text_j": [
                "Open Context, the data sharing system I direct, has adopted a model of “data sharing as publication.” Open Context publishes a wide variety of archaeological data, ranging from archaeological survey datasets to excavation documentation, artifact analyses, chemical analyses of artifacts, and detailed descriptions of bones and other biological remains found in archaeological contexts. "
            ]
        },
        "1480658220": {
            "timestamp": "1480658220",
            "location": "546",
            "iam": "note",
            "text_h": "<p>interesting. in a way it is \"secondary\" or \"side\" publishing: not the glamour and prestige of the full report, but the important, necessary and value of the data, both of findings themselves and the setting/context</p>",
            "text_j": [
                "interesting. in a way it is \"secondary\" or \"side\" publishing: not the glamour and prestige of the full report, but the important, necessary and value of the data, both of findings themselves and the setting/context"
            ]
        }
    },
    "annotated": true,
    "annotationcounts": {
        "highlights": 9,
        "notes": 9,
        "bookmarks": null
    },
    "colors": [
        "#336600",
        "#77CC33",
        "#669900"
    ],
    "epub_copy_name": "Issues_in_Open_Research_Data-Samuel_A._Moore.epub"
}