{
    "html": "<ul><li id=\"1\">Acknowledgements</li><li id=\"2\">Editor’s Introduction</li><li id=\"3\">Open Content Mining</li><li id=\"4\">The Need to Humanize Open Science</li><li id=\"5\">Data Sharing in a Humanitarian Organization: The Experience of Médecins Sans Frontières</li><li id=\"6\">Why Open Drug Discovery Needs Four Simple Rules for Licensing Data and Models</li><li id=\"7\">Open Data in the Earth and Climate Sciences</li><li id=\"8\">Open Minded Psychology</li><li id=\"9\">Open Data in Health Care</li><li id=\"10\">Open Research Data in Economics</li><li id=\"11\">Open Data and Palaeontology</li></ul>",
    "data": {
        "1": {
            "text": "Acknowledgements"
        },
        "2": {
            "text": "Editor’s Introduction"
        },
        "3": {
            "text": "Open Content Mining"
        },
        "4": {
            "text": "The Need to Humanize Open Science"
        },
        "5": {
            "text": "Data Sharing in a Humanitarian Organization: The Experience of Médecins Sans Frontières"
        },
        "6": {
            "text": "Why Open Drug Discovery Needs Four Simple Rules for Licensing Data and Models"
        },
        "7": {
            "text": "Open Data in the Earth and Climate Sciences"
        },
        "8": {
            "text": "Open Minded Psychology"
        },
        "9": {
            "text": "Open Data in Health Care"
        },
        "10": {
            "text": "Open Research Data in Economics"
        },
        "11": {
            "text": "Open Data and Palaeontology"
        }
    }
}