{
    "title": "Instruments for New Music",
    "subtitle": "Sound, Technology, and Modernism",
    "series_index": 1,
    "caid": 41,
    "uuid": "c303e757-cd4e-475f-99a7-7bf9d1a88cc7",
    "isbn": "9780520288027",
    "doi": "10.1525/luminos.7",
    "gdrds": "25778227",
    "authors": [
        {
            "name": "Thomas Patteson",
            "name_sort": "Patteson, Thomas",
            "auid": "c7b8178b"
        }
    ],
    "authors_so": [
        "Patteson, Thomas"
    ],
    "authors_pp": "Thomas Patteson",
    "pub_date_ts": 1447200000,
    "add_date_ts": 1487113200,
    "lastmod_ts": 1496951676,
    "liked": false,
    "blurb_raw": "<p>At publication date, a free ebook version of this title will be available through Luminos, University of California Press’s new open access publishing program for monographs. Visit www.luminosoa.org to learn more.</p><p>Player pianos, radio-electric circuits, gramophone records, and optical sound film—these were the cutting-edge acoustic technologies of the early twentieth century, and for many musicians and artists of the time, these devices were also the implements of a musical revolution. <em>Instruments <strong>for</strong> New</em> <em>Music</em> traces a diffuse network of cultural agents who shared the belief that a truly modern music could be attained only through a radical challenge to the technological foundations of the art. Centered in Germany during the 1920s and 1930s, the movement to create new instruments encompassed a broad spectrum of experiments, from the exploration of microtonal tunings and exotic tone colors to the ability to compose directly for automatic musical machines. This movement comprised composers, inventors, and visual artists, including Paul Hindemith, Ernst Toch, Jörg Mager, Friedrich Trautwein, László Moholy-Nagy, Walter Ruttmann, and Oskar Fischinger. Patteson’s fascinating study combines an artifact-oriented history of new music in the early twentieth century with an astute revisiting of still-relevant debates about the relationship between technology and the arts.</p><p>**</p>",
    "uri": "http://rlp.rebus.cc/library/book/c303e757-cd4e-475f-99a7-7bf9d1a88cc7",
    "reviewed": false,
    "publisher": {
        "id": 1,
        "name": "University of California Press"
    },
    "reads": "unread",
    "has_cover": 1,
    "path": "Thomas Patteson/Instruments for New Music_ Sound, Technology, and Modernism (41)",
    "filename": "Instruments for New Music_ Sound, Technolo - Thomas Patteson",
    "tags_ds": "Music, History of music, Music criticism",
    "tags_assoc": {
        "134": "Music",
        "192": "History of music",
        "193": "Music criticism"
    },
    "bundles_ds": null,
    "bundles_assoc": null,
    "stacks_ds": null,
    "stacks_assoc": null,
    "pages": 250,
    "words": 92882,
    "fre": 70,
    "fre_grey": 76.5,
    "annotations": null,
    "annotated": false,
    "colors": [
        "#E7D8B1",
        "#CCCCCC",
        "#e6e6e6"
    ],
    "epub_copy_name": "Instruments_for_New_Music-Thomas_Patteson.epub"
}