{
    "html": "<ul><li id=\"1\">Cover</li><li id=\"2\">Title</li><li id=\"3\">Imprint</li><li id=\"4\">Dedication</li><li id=\"5\">Contents</li><li id=\"6\">Illustrations</li><li id=\"7\">Acknowledgments</li><li id=\"8\">1 Listening to Instruments</li><li id=\"9\">2 “The Joy of Precision”</li><li id=\"10\">3 “The Alchemy of Tone”</li><li id=\"11\">4 “Sonic Handwriting”</li><li id=\"12\">5 “A New, Perfect Musical Instrument”</li><li id=\"13\">6 The Expanding Instrumentarium</li><li id=\"14\">Notes</li><li id=\"15\">Bibliography</li></ul>",
    "data": {
        "1": {
            "text": "Cover"
        },
        "2": {
            "text": "Title"
        },
        "3": {
            "text": "Imprint"
        },
        "4": {
            "text": "Dedication"
        },
        "5": {
            "text": "Contents"
        },
        "6": {
            "text": "Illustrations"
        },
        "7": {
            "text": "Acknowledgments"
        },
        "8": {
            "text": "1 Listening to Instruments"
        },
        "9": {
            "text": "2 “The Joy of Precision”"
        },
        "10": {
            "text": "3 “The Alchemy of Tone”"
        },
        "11": {
            "text": "4 “Sonic Handwriting”"
        },
        "12": {
            "text": "5 “A New, Perfect Musical Instrument”"
        },
        "13": {
            "text": "6 The Expanding Instrumentarium"
        },
        "14": {
            "text": "Notes"
        },
        "15": {
            "text": "Bibliography"
        }
    }
}