{
    "title": "Gouvernance Du Secteur De La Securite",
    "subtitle": "Lecons Des Experiences Ouest-Africaines",
    "series_index": 1,
    "caid": 14,
    "uuid": "305c7a26-c9a7-4473-b971-651d674ae312",
    "isbn": "9781909188730",
    "doi": "10.5334/bav",
    "gdrds": "28205496",
    "authors": [
        {
            "name": "Alan Bryden",
            "name_sort": "Bryden, Alan",
            "auid": "e12024f3"
        },
        {
            "name": "Fairlie Chappuis",
            "name_sort": "Chappuis, Fairlie",
            "auid": "08522127"
        }
    ],
    "authors_so": [
        "Bryden, Alan & Chappuis, Fairlie"
    ],
    "authors_pp": "Alan Bryden & Fairlie Chappuis",
    "authors_more": true,
    "pub_date_ts": 1450051200,
    "add_date_ts": 1488409200,
    "lastmod_ts": 1496951600,
    "liked": false,
    "blurb_raw": "<p>De nombreux efforts ont ete deployes afin d'ameliorer la gestion defaillante du secteur de la securite en Afrique de l'Ouest. Mais il ne suffit pas d'instaurer une reforme du secteur de la securite (RSS) pour changer de maniere radicale, voire transformationnelle, la structure fondamentale du pouvoir et de la gouvernance dans la region. A partir de plusieurs exemples de RSS dans six des pays ouest-africains, l'ouvrage Gouvernance du secteur de la Securite: Lecons des experiences ouest-africaines examine non seulement les progres accomplis par des acteurs nationaux et leurs partenaires internationaux en vue de renforcer la dynamique de la gouvernance du secteur de la securite, mais aussi les revers. Redigee par d'eminents experts nationaux, auteurs ayant puise dans leur experience personnelle de ces contextes de reforme, l'etude livre des enseignements novateurs et pragmatiques visant a faciliter la mise en oeuvre d'une gouvernance democratique du secteur de la securite en Afrique de l'Ouest et au-dela.\"</p>",
    "uri": "http://rlp.rebus.cc/library/book/305c7a26-c9a7-4473-b971-651d674ae312",
    "reviewed": false,
    "publisher": {
        "id": 2,
        "name": "Ubiquity Press"
    },
    "reads": "unread",
    "has_cover": 1,
    "path": "Alan Bryden/Gouvernance Du Secteur De La Securite_ Lecons Des Experiences Ouest-Africaines (14)",
    "filename": "Gouvernance Du Secteur De La Securite_ Lec - Alan Bryden",
    "tags_ds": "Political science, International relations, Security sector reform, Security sector governance, Democracy, West Africa, Domestic security, Development, Politics, Government",
    "tags_assoc": {
        "39": "Political science",
        "58": "International relations",
        "59": "Security sector reform",
        "60": "Security sector governance",
        "61": "Democracy",
        "62": "West Africa",
        "63": "Domestic security",
        "64": "Development",
        "65": "Politics",
        "66": "Government"
    },
    "bundles_ds": null,
    "bundles_assoc": null,
    "stacks_ds": null,
    "stacks_assoc": null,
    "pages": 196,
    "words": 84074,
    "fre": 0,
    "fre_grey": 255,
    "annotations": null,
    "annotated": false,
    "colors": [
        "#424153",
        "#cccccc",
        "#e6e6e6"
    ],
    "epub_copy_name": "Gouvernance_Du_Secteur_De_La_Securite-Alan_Bryden.epub"
}