{
    "html": "<ul><li id=\"1\">Couverture</li><li id=\"2\">Titre</li><li id=\"3\">Droits d’auteur</li><li id=\"4\">Table des matières</li><li id=\"5\">Liste des coauteurs</li><li id=\"6\">Avant-propos</li><li id=\"7\">Préface</li><li id=\"8\">Liste des abréviations</li><li id=\"9\">Chapitre 1. Introduction: Comprendre les dynamiques de la gouvernance du secteur de la sécurité en Afrique de l’Ouest (Alan Bryden et Fairlie Chappuis)</li><li id=\"10\">Chapitre 2. La résurrection du conseil de police au Ghana (Kwesi Aning)</li><li id=\"11\">Chapitre 3. La transition vers une Gouvernance démocratique en Guinée (Dominique Bangoura)</li><li id=\"12\">Chapitre 4. L’évolution du contrôle législatif au Libéria (T. Debey Sayndee)</li><li id=\"13\">Chapitre 5. Occasions manquées pour une réforme globale du secteur de la sécurité au Mali (Zeïni Moulaye)</li><li id=\"14\">Chapitre 6. La gouvernance démocratique du secteur de la sécurité et la réforme de l’armée au Nigéria (E. Remi Aiyede)</li><li id=\"15\">Chapitre 7. La réforme du secteur de la sécurité au Sénégal démocratique (Lamine Cissé)</li><li id=\"16\">Chapitre 8. Conclusion: Gouvernance du secteur de la sécurité: Tirer les leçons des expériences ouest-africaines (Alan Bryden et Fairlie Chappuis)</li><li id=\"17\">Liste des références</li><li id=\"18\">A propos de DCAF</li></ul>",
    "data": {
        "1": {
            "text": "Couverture"
        },
        "2": {
            "text": "Titre"
        },
        "3": {
            "text": "Droits d’auteur"
        },
        "4": {
            "text": "Table des matières"
        },
        "5": {
            "text": "Liste des coauteurs"
        },
        "6": {
            "text": "Avant-propos"
        },
        "7": {
            "text": "Préface"
        },
        "8": {
            "text": "Liste des abréviations"
        },
        "9": {
            "text": "Chapitre 1. Introduction: Comprendre les dynamiques de la gouvernance du secteur de la sécurité en Afrique de l’Ouest (Alan Bryden et Fairlie Chappuis)"
        },
        "10": {
            "text": "Chapitre 2. La résurrection du conseil de police au Ghana (Kwesi Aning)"
        },
        "11": {
            "text": "Chapitre 3. La transition vers une Gouvernance démocratique en Guinée (Dominique Bangoura)"
        },
        "12": {
            "text": "Chapitre 4. L’évolution du contrôle législatif au Libéria (T. Debey Sayndee)"
        },
        "13": {
            "text": "Chapitre 5. Occasions manquées pour une réforme globale du secteur de la sécurité au Mali (Zeïni Moulaye)"
        },
        "14": {
            "text": "Chapitre 6. La gouvernance démocratique du secteur de la sécurité et la réforme de l’armée au Nigéria (E. Remi Aiyede)"
        },
        "15": {
            "text": "Chapitre 7. La réforme du secteur de la sécurité au Sénégal démocratique (Lamine Cissé)"
        },
        "16": {
            "text": "Chapitre 8. Conclusion: Gouvernance du secteur de la sécurité: Tirer les leçons des expériences ouest-africaines (Alan Bryden et Fairlie Chappuis)"
        },
        "17": {
            "text": "Liste des références"
        },
        "18": {
            "text": "A propos de DCAF"
        }
    }
}