{
    "title": "Reconsidering Cultural Heritage in East Asia",
    "subtitle": null,
    "series_index": 1,
    "caid": 18,
    "uuid": "c9ee27ea-430b-4fcb-b8ee-acb663a429b2",
    "isbn": "9781909188907",
    "doi": "10.5334/baz",
    "gdrds": "32927597",
    "authors": [
        {
            "name": "Akira Matsuda",
            "name_sort": "Matsuda, Akira",
            "auid": "fff57efe"
        },
        {
            "name": "Luisa Elena Mengoni",
            "name_sort": "Mengoni, Luisa Elena",
            "auid": "c9ecde7b"
        }
    ],
    "authors_so": [
        "Matsuda, Akira & Mengoni, Luisa Elena"
    ],
    "authors_pp": "Akira Matsuda & Luisa Elena Mengoni",
    "pub_date_ts": 1474934400,
    "add_date_ts": 1488409200,
    "lastmod_ts": 1496951619,
    "liked": false,
    "blurb_raw": "<p>The concept of 'cultural heritage' has acquired increasing currency in culture, politics and societies in East Asia. However, in spite of a number of research projects in this field, our understanding of how the past and its material expressions have been perceived, conceptualised and experienced in this part of the world, and how these views affect contemporary local practices and notions of identity, particularly in a period of rapid economic development and increasing globalisation, is still very unclear. Preoccupation with cultural heritage - expressed in the rapid growth of national and private museums, the expansion of the antiquities' market, revitalisation of local traditions, focus on 'intangible cultural heritage' and the development of cultural tourism - is something that directly or indirectly affects national policies and international relations. An investigation of how the concept of 'cultural heritage' has been and continues to be constructed in East Asia, drawing on several case studies taken from China, Japan and Korea, is thus timely and worthwhile.</p>",
    "uri": "http://rlp.rebus.cc/library/book/c9ee27ea-430b-4fcb-b8ee-acb663a429b2",
    "reviewed": false,
    "publisher": {
        "id": 2,
        "name": "Ubiquity Press"
    },
    "reads": "unread",
    "has_cover": 1,
    "path": "Akira Matsuda/Reconsidering Cultural Heritage in East Asia (18)",
    "filename": "Reconsidering Cultural Heritage in East As - Akira Matsuda",
    "tags_ds": "Heritage, Social science, Arts, Humanities, East Asia, Japan, China, Korea, Monuments",
    "tags_assoc": {
        "22": "Heritage",
        "54": "Social science",
        "106": "Arts",
        "107": "Humanities",
        "108": "East Asia",
        "109": "Japan",
        "110": "China",
        "111": "Korea",
        "112": "Monuments"
    },
    "bundles_ds": null,
    "bundles_assoc": null,
    "stacks_ds": null,
    "stacks_assoc": null,
    "pages": 172,
    "words": 46316,
    "fre": 0,
    "fre_grey": 255,
    "annotations": null,
    "annotated": false,
    "colors": [
        "#E7D8B1",
        "#CC0000",
        "#424153"
    ],
    "epub_copy_name": "Reconsidering_Cultural_Heritage_in_East_Asia-Akira_Matsuda.epub"
}