{
    "html": "<ul><li id=\"1\">Cover</li><li id=\"2\">Title</li><li id=\"3\">Copyright</li><li id=\"4\">Contents</li><li id=\"5\">Acknowledgements</li><li id=\"6\">Contributors</li><li id=\"7\">Introduction: reconsidering cultural heritage in East Asia (Akira Matsuda and Luisa Elena Mengoni)</li><li id=\"8\">Considering undercurrents in Japanese cultural heritage management: the logic of actualisation and the preservation of the present (Masahiro Ogino)</li><li id=\"9\">Evolving and contested cultural heritage in China: the rural heritagescape (Marina Svensson)</li><li id=\"10\">The emergence of ‘cultural heritage’ in modern China: a historical and legal perspective (Guolong Lai)</li><li id=\"11\">Ethnic heritage in Yunnan: contradictions and challenges (Fuquan Yang)</li><li id=\"12\">Cultural heritage in Korea – from a Japanese perspective (Toshio Asakura)</li><li id=\"13\">The concept of ‘cultural landscapes’ in relation to the historic port town of Tomo (Kazuo Mouri)</li><li id=\"14\">Shaping Japan’s disaster heritage (Megan Good)</li></ul>",
    "data": {
        "1": {
            "text": "Cover"
        },
        "2": {
            "text": "Title"
        },
        "3": {
            "text": "Copyright"
        },
        "4": {
            "text": "Contents"
        },
        "5": {
            "text": "Acknowledgements"
        },
        "6": {
            "text": "Contributors"
        },
        "7": {
            "text": "Introduction: reconsidering cultural heritage in East Asia (Akira Matsuda and Luisa Elena Mengoni)"
        },
        "8": {
            "text": "Considering undercurrents in Japanese cultural heritage management: the logic of actualisation and the preservation of the present (Masahiro Ogino)"
        },
        "9": {
            "text": "Evolving and contested cultural heritage in China: the rural heritagescape (Marina Svensson)"
        },
        "10": {
            "text": "The emergence of ‘cultural heritage’ in modern China: a historical and legal perspective (Guolong Lai)"
        },
        "11": {
            "text": "Ethnic heritage in Yunnan: contradictions and challenges (Fuquan Yang)"
        },
        "12": {
            "text": "Cultural heritage in Korea – from a Japanese perspective (Toshio Asakura)"
        },
        "13": {
            "text": "The concept of ‘cultural landscapes’ in relation to the historic port town of Tomo (Kazuo Mouri)"
        },
        "14": {
            "text": "Shaping Japan’s disaster heritage (Megan Good)"
        }
    }
}