{
    "title": "Almost Hollywood, Nearly New Orleans",
    "subtitle": "The Lure of the Local Film Economy",
    "series_index": 1,
    "caid": 26,
    "uuid": "9f8a6c93-5aa6-419e-841d-92821fe4318b",
    "isbn": "9780520293816",
    "doi": "10.1525/luminos.25",
    "gdrds": "32508706",
    "authors": [
        {
            "name": "Vicki Mayer",
            "name_sort": "Mayer, Vicki",
            "auid": "473e3452"
        }
    ],
    "authors_so": [
        "Mayer, Vicki"
    ],
    "authors_pp": "Vicki Mayer",
    "pub_date_ts": 1487894400,
    "add_date_ts": 1481756400,
    "lastmod_ts": 1497189401,
    "liked": false,
    "blurb_raw": "A free ebook version of this title is available through Luminos, University of California Press's Open Access publishing program. Visit&nbsp;www.luminosoa.org&nbsp;to learn more. Early in the twenty-first century, Louisiana, one of the poorest states in the United States, redirected millions in tax dollars from the public coffers in an effort to become the top location site globally for the production of Hollywood films and television series. Why would lawmakers support such a policy? Why would citizens accept the policy's uncomfortable effects on their economy and culture?&nbsp;Almost Hollywood, Nearly New Orleans&nbsp;addresses these questions through a study of the local and everyday experiences of the film economy in New Orleans, Louisiana--a city that has twice pursued the goal of becoming a movie production capital. From the silent era to today's Hollywood South, Vicki Mayer&nbsp;explains that the aura of a film economy is inseparable from a prevailing sense of home, even as it changes that place irrevocably.",
    "uri": "http://rlp.rebus.cc/library/book/9f8a6c93-5aa6-419e-841d-92821fe4318b",
    "reviewed": false,
    "publisher": {
        "id": 1,
        "name": "University of California Press"
    },
    "reads": "unread",
    "has_cover": 1,
    "path": "Vicki Mayer/Almost Hollywood, Nearly New Orleans_ The Lure of the Local Film Economy (26)",
    "filename": "Almost Hollywood, Nearly New Orleans_ The - Vicki Mayer",
    "tags_ds": "History, History, United States, United States, Performing Arts, Performing Arts, Film, Film, State & Local, State & Local, Direction & Production, Direction & Production, Show Business, Show Business",
    "tags_assoc": {
        "15": "History",
        "147": "United States",
        "149": "Performing Arts",
        "150": "Film",
        "206": "State & Local",
        "207": "Direction & Production",
        "208": "Show Business"
    },
    "bundles_ds": null,
    "bundles_assoc": null,
    "stacks_ds": "New Hollywood, Informal Economies",
    "stacks_assoc": {
        "4": "New Hollywood",
        "5": "Informal Economies"
    },
    "pages": 162,
    "words": 62216,
    "fre": 58,
    "fre_grey": 107.1,
    "annotations": {
        "1480659420": {
            "timestamp": "1480659420",
            "location": "108",
            "iam": "highlight",
            "text_h": "<p>So the studio leaves me in the hands of the producer, who forms a limited liability company (LLC) to meet me on location. The LLC is really agile, living fast and dying after the film is done and sold back to the studio. </p>",
            "text_j": [
                "So the studio leaves me in the hands of the producer, who forms a limited liability company (LLC) to meet me on location. The LLC is really agile, living fast and dying after the film is done and sold back to the studio. "
            ]
        },
        "1480774380": {
            "timestamp": "1480774380",
            "location": "190",
            "iam": "highlight",
            "text_h": "<p>As we know, location involves both history and geography, but it is also phenomenological, as in a sense of place. </p>",
            "text_j": [
                "As we know, location involves both history and geography, but it is also phenomenological, as in a sense of place. "
            ]
        },
        "1480774440": {
            "timestamp": "1480774440",
            "location": "193",
            "iam": "highlight",
            "text_h": "<p>everyday life has temporal and spatial rhythms that are tethered not only to the conscious feelings we have about places, but also to the unconscious structures of governments and institutions, markets and economies. </p>",
            "text_j": [
                "everyday life has temporal and spatial rhythms that are tethered not only to the conscious feelings we have about places, but also to the unconscious structures of governments and institutions, markets and economies. "
            ]
        },
        "1480774800": {
            "timestamp": "1480774800",
            "location": "226",
            "iam": "highlight",
            "text_h": "<p>Time trumped space in the budget. </p>",
            "text_j": [
                "Time trumped space in the budget. "
            ]
        },
        "1480774860": {
            "timestamp": "1480774860",
            "location": "235",
            "iam": "highlight",
            "text_h": "<p>Whether in the skilled trades or in the creative arts, film workers find they must be close to the production hub to build both their credit sheets and the cultural bonds that communicate their dedication to new projects and their fellow crew members. </p>",
            "text_j": [
                "Whether in the skilled trades or in the creative arts, film workers find they must be close to the production hub to build both their credit sheets and the cultural bonds that communicate their dedication to new projects and their fellow crew members. "
            ]
        },
        "1480775220": {
            "timestamp": "1480775220",
            "location": "284",
            "iam": "highlight",
            "text_h": "<p>The company reportedly made 10 percent of American films in the mid-1940s but only netted about $2,000 in profits per film. 29 Yet the company modeled how to be a low-price leader in production when the studios stood in the way of all other capital circuits. </p>",
            "text_j": [
                "The company reportedly made 10 percent of American films in the mid-1940s but only netted about $2,000 in profits per film. 29 Yet the company modeled how to be a low-price leader in production when the studios stood in the way of all other capital circuits. "
            ]
        },
        "1480775280": {
            "timestamp": "1480775280",
            "location": "286",
            "iam": "note",
            "text_h": "<p>a cautionary tale. they also pioneered scrapy, democratized \"indy\" film production...</p>",
            "text_j": [
                "a cautionary tale. they also pioneered scrapy, democratized \"indy\" film production..."
            ]
        }
    },
    "annotated": true,
    "annotationcounts": {
        "highlights": 6,
        "notes": 1,
        "bookmarks": null
    },
    "colors": [
        "#999999",
        "#ABBCDA",
        "#424153"
    ],
    "epub_copy_name": "Almost_Hollywood_Nearly_New_Orleans-Vicki_Mayer.epub"
}