{
    "html": "<ul><li id=\"1\">Cover</li><li id=\"2\">Title</li><li id=\"3\">Copyright</li><li id=\"4\">Contents</li><li id=\"5\">Acknowledgments</li><li id=\"6\">Prologue: I’m Just a Film Tax Credit</li><li id=\"7\">Introduction: Presenting Hollywood South</li><li id=\"8\">1. The Making of Regional Film Economies: Why La. Is Not L.A.</li><li id=\"9\">2. Hollywood South: Structural to Visceral Reorganizations of Space</li><li id=\"10\">3. The Place of Treme in the Film Economy: Love and Labor for Hollywood South</li><li id=\"11\">(Almost a) Conclusion</li><li id=\"12\">Appendix: A Guide to Decoding Film Economy Claims and Press Coverage</li><li id=\"13\">Notes</li></ul>",
    "data": {
        "1": {
            "text": "Cover"
        },
        "2": {
            "text": "Title"
        },
        "3": {
            "text": "Copyright"
        },
        "4": {
            "text": "Contents"
        },
        "5": {
            "text": "Acknowledgments"
        },
        "6": {
            "text": "Prologue: I’m Just a Film Tax Credit"
        },
        "7": {
            "text": "Introduction: Presenting Hollywood South"
        },
        "8": {
            "text": "1. The Making of Regional Film Economies: Why La. Is Not L.A."
        },
        "9": {
            "text": "2. Hollywood South: Structural to Visceral Reorganizations of Space"
        },
        "10": {
            "text": "3. The Place of Treme in the Film Economy: Love and Labor for Hollywood South"
        },
        "11": {
            "text": "(Almost a) Conclusion"
        },
        "12": {
            "text": "Appendix: A Guide to Decoding Film Economy Claims and Press Coverage"
        },
        "13": {
            "text": "Notes"
        }
    }
}