{
    "title": "Precarious Creativity",
    "subtitle": "Global Media, Local Labor",
    "series_index": 1,
    "caid": 34,
    "uuid": "92e4764f-eb9b-4c7c-999e-b50ee8d9f3be",
    "isbn": "9780520290853",
    "doi": "10.1525/luminos.10",
    "gdrds": "27190492",
    "authors": [
        {
            "name": "Michael Curtin",
            "name_sort": "Curtin, Michael",
            "auid": "d3ef5fcb"
        },
        {
            "name": "Kevin Sanson",
            "name_sort": "Sanson, Kevin",
            "auid": "a336a937"
        }
    ],
    "authors_so": [
        "Curtin, Michael & Sanson, Kevin"
    ],
    "authors_pp": "Michael Curtin & Kevin Sanson",
    "authors_more": true,
    "pub_date_ts": 1455667200,
    "add_date_ts": 1487113200,
    "lastmod_ts": 1497189401,
    "liked": false,
    "blurb_raw": "<p>At free ebook version of this title is available through Luminos, University of California Press’s new open access publishing program. Visit www.luminosoa.org&nbsp;to learn more.</p><p><em>Precarious Creativity</em> examines the seismic changes confronting media workers in an age of globalization and corporate conglomeration. This pathbreaking anthology peeks behind the hype and supposed glamor of screen media industries to reveal the intensifying pressures and challenges confronting actors, editors, electricians, and others. The authors take on pressing conceptual and methodological issues while also providing insightful case studies of workplace dynamics regarding creativity, collaboration, exploitation, and cultural difference. Furthermore, it examines working conditions and organizing efforts on all six continents, offering broad-ranging and comprehensive analysis of&nbsp;contemporary screen media labor in such places as Lagos, Prague, Hollywood, and Hyderabad. The collection also examines labor conditions across a range of job categories that includes, for example, visual effects, production services, and adult entertainment. With contributions from such leading scholars as John Caldwell, Vicki Mayer, Herman Gray, and Tejaswini Ganti,&nbsp;<em>Precarious Creativity</em>&nbsp;offers timely critiques of media globalization while also intervening in broader debates about labor, creativity, and precarity.</p><p>**</p>",
    "uri": "http://rlp.rebus.cc/library/book/92e4764f-eb9b-4c7c-999e-b50ee8d9f3be",
    "reviewed": false,
    "publisher": {
        "id": 1,
        "name": "University of California Press"
    },
    "reads": "queued",
    "has_cover": 1,
    "path": "Michael Curtin/Precarious Creativity_ Global Media, Local Labor (34)",
    "filename": "Precarious Creativity_ Global Media, Local - Michael Curtin",
    "tags_ds": "Globalization, Labor studies, Media studies, Social sciences",
    "tags_assoc": {
        "177": "Globalization",
        "178": "Labor studies",
        "179": "Media studies",
        "180": "Social sciences"
    },
    "bundles_ds": null,
    "bundles_assoc": null,
    "stacks_ds": "New Hollywood",
    "stacks_assoc": {
        "4": "New Hollywood"
    },
    "pages": 334,
    "words": 144321,
    "fre": 45,
    "fre_grey": 140.25,
    "annotations": {
        "1480806060": {
            "timestamp": "1480806060",
            "location": "162",
            "iam": "highlight",
            "text_h": "<p>Producers say corporate financial imperatives compel them to contain costs, especially labor costs. </p>",
            "text_j": [
                "Producers say corporate financial imperatives compel them to contain costs, especially labor costs. "
            ]
        },
        "1480806180": {
            "timestamp": "1480806180",
            "location": "162",
            "iam": "highlight",
            "text_h": "<p>Producers say corporate financial imperatives compel them to contain costs, especially labor costs. Consequently, workdays are growing longer, productivity pressures are more intense, and creative autonomy is diminishing. Overall, this has put severe financial, physical, and emotional strain on workers and their families and further threatens the many independent businesses that service the major studios. </p>",
            "text_j": [
                "Producers say corporate financial imperatives compel them to contain costs, especially labor costs. Consequently, workdays are growing longer, productivity pressures are more intense, and creative autonomy is diminishing. Overall, this has put severe financial, physical, and emotional strain on workers and their families and further threatens the many independent businesses that service the major studios. "
            ]
        },
        "1480806300": {
            "timestamp": "1480806300",
            "location": "192",
            "iam": "highlight",
            "text_h": "<p>right-to-work states where local laws undermine the prospect of unionization, making the workforce more pliable. </p>",
            "text_j": [
                "right-to-work states where local laws undermine the prospect of unionization, making the workforce more pliable. "
            ]
        },
        "1480806301": {
            "timestamp": "1480806301",
            "location": "193",
            "iam": "note",
            "text_h": "<p>so bad</p>",
            "text_j": [
                "so bad"
            ]
        },
        "1480808460": {
            "timestamp": "1480808460",
            "location": "297",
            "iam": "highlight",
            "text_h": "<p>Arresting this race to the bottom will require greater awareness by all parties. </p>",
            "text_j": [
                "Arresting this race to the bottom will require greater awareness by all parties. "
            ]
        },
        "1480808520": {
            "timestamp": "1480808520",
            "location": "298",
            "iam": "note",
            "text_h": "<p>and the arresting of the corrupting mentality of greed...</p>",
            "text_j": [
                "and the arresting of the corrupting mentality of greed..."
            ]
        },
        "1480830780": {
            "timestamp": "1480830780",
            "location": "704",
            "iam": "highlight",
            "text_h": "<p>Cybertarianism promises libertarian ideals and forms of life made real and whole thanks to the innately individualistic and iconoclastic nature of the newer media. </p>",
            "text_j": [
                "Cybertarianism promises libertarian ideals and forms of life made real and whole thanks to the innately individualistic and iconoclastic nature of the newer media. "
            ]
        },
        "1480809060": {
            "timestamp": "1480809060",
            "location": "714",
            "iam": "highlight",
            "text_h": "<p>(Toffler had a nifty knack for knee-jerk neologisms, as we will see.) </p>",
            "text_j": [
                "(Toffler had a nifty knack for knee-jerk neologisms, as we will see.) "
            ]
        },
        "1480809061": {
            "timestamp": "1480809061",
            "location": "715",
            "iam": "note",
            "text_h": "<p>hah</p>",
            "text_j": [
                "hah"
            ]
        },
        "1480809120": {
            "timestamp": "1480809120",
            "location": "718",
            "iam": "highlight",
            "text_h": "<p>the emergence of capitalism distinguished production from consumption via markets. </p>",
            "text_j": [
                "the emergence of capitalism distinguished production from consumption via markets. "
            ]
        },
        "1480833000": {
            "timestamp": "1480833000",
            "location": "824",
            "iam": "highlight",
            "text_h": "<p>By and large, the people who actually make media technologies are therefore excluded from the dominant discourses of high technology. </p>",
            "text_j": [
                "By and large, the people who actually make media technologies are therefore excluded from the dominant discourses of high technology. "
            ]
        },
        "1480833060": {
            "timestamp": "1480833060",
            "location": "824",
            "iam": "highlight",
            "text_h": "<p>By and large, the people who actually make media technologies are therefore excluded from the dominant discourses of high technology. It is as if telecommunications, cell phones, tablets, televisions, cameras, computers, and so on sprang magically from a green meritocracy of creativity. </p>",
            "text_j": [
                "By and large, the people who actually make media technologies are therefore excluded from the dominant discourses of high technology. It is as if telecommunications, cell phones, tablets, televisions, cameras, computers, and so on sprang magically from a green meritocracy of creativity. "
            ]
        },
        "1480833360": {
            "timestamp": "1480833360",
            "location": "859",
            "iam": "highlight",
            "text_h": "<p>Cultural production shows that all workers can move from security to insecurity, certainty to uncertainty, salary to wage, firm to project, and profession to precarity—and with smiles on their faces. </p>",
            "text_j": [
                "Cultural production shows that all workers can move from security to insecurity, certainty to uncertainty, salary to wage, firm to project, and profession to precarity—and with smiles on their faces. "
            ]
        },
        "1480833361": {
            "timestamp": "1480833361",
            "location": "860",
            "iam": "note",
            "text_h": "<p>and software is a cultural product.</p>",
            "text_j": [
                "and software is a cultural product."
            ]
        }
    },
    "annotated": true,
    "annotationcounts": {
        "highlights": 10,
        "notes": 4,
        "bookmarks": null
    },
    "colors": [
        "#663300",
        "#E7D8B1",
        "#CCCC33"
    ],
    "epub_copy_name": "Precarious_Creativity-Michael_Curtin.epub"
}