{
    "html": "<ul><li id=\"1\">Cover</li><li id=\"2\">Title Page</li><li id=\"3\">Copyright</li><li id=\"4\">Contents</li><li id=\"5\">List of Illustrations</li><li id=\"6\">Acknowledgments</li><li id=\"7\">1. Precarious Creativity: Global Media, Local Labor<ul><li id=\"8\">Michael Curtin and Kevin Sanson</li></ul></li><li id=\"9\">2. Cybertarian Flexibility—When Prosumers Join the Cognitariat, All That Is Scholarship Melts into Air<ul><li id=\"10\">Toby Miller</li></ul></li><li id=\"11\">3. Spec World, Craft World, Brand World<ul><li id=\"12\">John T. Caldwell</li></ul></li><li id=\"13\">4. Film/City: Cinema, Affect, and Immaterial Labor in Urban India<ul><li id=\"14\">Shanti Kumar</li></ul></li><li id=\"15\">5. The Production of Extras in a Precarious Creative Economy<ul><li id=\"16\">Vicki Mayer</li></ul></li><li id=\"17\">6. Talent Agenting in the Age of Conglomerates<ul><li id=\"18\">Violaine Roussel</li></ul></li><li id=\"19\">7. Transnational Crews and Postsocialist Precarity: Globalizing Screen Media Labor in Prague<ul><li id=\"20\">Petr Szczepanik</li></ul></li><li id=\"21\">8. The Cost of Business: Gender Dynamics of Media Labor in Afghanistan<ul><li id=\"22\">Matt Sienkiewicz</li></ul></li><li id=\"23\">9. “No One Thinks in Hindi Here”: Language Hierarchies in Bollywood<ul><li id=\"24\">Tejaswini Ganti</li></ul></li><li id=\"25\">10. Complex Labor Relations in Latin American Television Industries<ul><li id=\"26\">Juan Piñón</li></ul></li><li id=\"27\">11. Labor in Lagos: Alternative Global Networks<ul><li id=\"28\">Jade Miller</li></ul></li><li id=\"29\">12. Creative Precarity in the Adult Film Industry<ul><li id=\"30\">Heather Berg and Constance Penley</li></ul></li><li id=\"31\">13. Strategies for Success? Navigating Hollywood’s “Postracial” Labor Practices<ul><li id=\"32\">Kristen J. Warner</li></ul></li><li id=\"33\">14. Games Production in Australia: Adapting to Precariousness<ul><li id=\"34\">John Banks and Stuart Cunningham</li></ul></li><li id=\"35\">15. Redefining Creative Labor: East Asian Comparisons<ul><li id=\"36\">Anthony Fung</li></ul></li><li id=\"37\">16. Unbundling Precarious Creativity in China: “Knowing-How” and “Knowing-To”<ul><li id=\"38\">Michael Keane</li></ul></li><li id=\"39\">17. Revolutionary Creative Labor<ul><li id=\"40\">Marwan M. Kraidy</li></ul></li><li id=\"41\">18. Precarious Diversity: Representation and Demography<ul><li id=\"42\">Herman Gray</li></ul></li><li id=\"43\">19. The Precarity and Politics of Media Advocacy Work<ul><li id=\"44\">Allison Perlman</li></ul></li><li id=\"45\">20. Internationalizing Labor Activism: Building Solidarity among Writers’ Guilds<ul><li id=\"46\">Miranda Banks and David Hesmondhalgh</li></ul></li><li id=\"47\">References</li><li id=\"48\">Notes on Contributors</li></ul>",
    "data": {
        "1": {
            "text": "Cover"
        },
        "2": {
            "text": "Title Page"
        },
        "3": {
            "text": "Copyright"
        },
        "4": {
            "text": "Contents"
        },
        "5": {
            "text": "List of Illustrations"
        },
        "6": {
            "text": "Acknowledgments"
        },
        "7": {
            "text": "1. Precarious Creativity: Global Media, Local Labor",
            "8": {
                "text": "Michael Curtin and Kevin Sanson"
            }
        },
        "9": {
            "text": "2. Cybertarian Flexibility—When Prosumers Join the Cognitariat, All That Is Scholarship Melts into Air",
            "10": {
                "text": "Toby Miller"
            }
        },
        "11": {
            "text": "3. Spec World, Craft World, Brand World",
            "12": {
                "text": "John T. Caldwell"
            }
        },
        "13": {
            "text": "4. Film/City: Cinema, Affect, and Immaterial Labor in Urban India",
            "14": {
                "text": "Shanti Kumar"
            }
        },
        "15": {
            "text": "5. The Production of Extras in a Precarious Creative Economy",
            "16": {
                "text": "Vicki Mayer"
            }
        },
        "17": {
            "text": "6. Talent Agenting in the Age of Conglomerates",
            "18": {
                "text": "Violaine Roussel"
            }
        },
        "19": {
            "text": "7. Transnational Crews and Postsocialist Precarity: Globalizing Screen Media Labor in Prague",
            "20": {
                "text": "Petr Szczepanik"
            }
        },
        "21": {
            "text": "8. The Cost of Business: Gender Dynamics of Media Labor in Afghanistan",
            "22": {
                "text": "Matt Sienkiewicz"
            }
        },
        "23": {
            "text": "9. “No One Thinks in Hindi Here”: Language Hierarchies in Bollywood",
            "24": {
                "text": "Tejaswini Ganti"
            }
        },
        "25": {
            "text": "10. Complex Labor Relations in Latin American Television Industries",
            "26": {
                "text": "Juan Piñón"
            }
        },
        "27": {
            "text": "11. Labor in Lagos: Alternative Global Networks",
            "28": {
                "text": "Jade Miller"
            }
        },
        "29": {
            "text": "12. Creative Precarity in the Adult Film Industry",
            "30": {
                "text": "Heather Berg and Constance Penley"
            }
        },
        "31": {
            "text": "13. Strategies for Success? Navigating Hollywood’s “Postracial” Labor Practices",
            "32": {
                "text": "Kristen J. Warner"
            }
        },
        "33": {
            "text": "14. Games Production in Australia: Adapting to Precariousness",
            "34": {
                "text": "John Banks and Stuart Cunningham"
            }
        },
        "35": {
            "text": "15. Redefining Creative Labor: East Asian Comparisons",
            "36": {
                "text": "Anthony Fung"
            }
        },
        "37": {
            "text": "16. Unbundling Precarious Creativity in China: “Knowing-How” and “Knowing-To”",
            "38": {
                "text": "Michael Keane"
            }
        },
        "39": {
            "text": "17. Revolutionary Creative Labor",
            "40": {
                "text": "Marwan M. Kraidy"
            }
        },
        "41": {
            "text": "18. Precarious Diversity: Representation and Demography",
            "42": {
                "text": "Herman Gray"
            }
        },
        "43": {
            "text": "19. The Precarity and Politics of Media Advocacy Work",
            "44": {
                "text": "Allison Perlman"
            }
        },
        "45": {
            "text": "20. Internationalizing Labor Activism: Building Solidarity among Writers’ Guilds",
            "46": {
                "text": "Miranda Banks and David Hesmondhalgh"
            }
        },
        "47": {
            "text": "References"
        },
        "48": {
            "text": "Notes on Contributors"
        }
    }
}