{
    "title": "Finding Jerusalem",
    "subtitle": "Archæology Between Science and Ideology",
    "series_index": 1,
    "caid": 45,
    "uuid": "24b8a93f-af5d-4507-b20d-aa1155bdbcc8",
    "isbn": "9780520295254",
    "doi": "10.1525/luminos.29",
    "gdrds": "32956140",
    "authors": [
        {
            "name": "Katharina Galor",
            "name_sort": "Galor, Katharina",
            "auid": "3add3fca"
        }
    ],
    "authors_so": [
        "Galor, Katharina"
    ],
    "authors_pp": "Katharina Galor",
    "pub_date_ts": 1490313600,
    "add_date_ts": 1489532400,
    "lastmod_ts": 1496951580,
    "liked": false,
    "blurb_raw": "<p>A free ebook version of this title is available through&nbsp;Luminos, University of California Press’s open access publishing program. Visit&nbsp;www.luminosoa.org&nbsp;to learn more.</p><p>Archaeological discoveries in Jerusalem capture worldwide attention in various media outlets. The continuing quest to discover the city’s physical remains is not simply an attempt to define Israel’s past or determine its historical legacy. In the context of the ongoing Israeli-Palestinian conflict, it is also an attempt to legitimate—or undercut—national claims to sovereignty. Bridging the ever-widening gap between popular coverage and specialized literature, <em>Finding Jerusalem</em> provides a comprehensive tour of the politics of archaeology in the city. Through a wide-ranging discussion of the material evidence, Katharina Galor illuminates the complex legal contexts and ethical precepts that underlie archaeological activity and the discourse of \"cultural heritage\" in Jerusalem. This book addresses the pressing need to disentangle historical documentation from the religious aspirations, social ambitions, and political commitments that shape its interpretation.<br></p><p>**</p>",
    "uri": "http://rlp.rebus.cc/library/book/24b8a93f-af5d-4507-b20d-aa1155bdbcc8",
    "reviewed": false,
    "publisher": {
        "id": 1,
        "name": "University of California Press"
    },
    "reads": "unread",
    "has_cover": 1,
    "path": "Katharina Galor/Finding Jerusalem_ Archaeology Between Science and Ideology (45)",
    "filename": "Finding Jerusalem_ Archaeology Between Sci - Katharina Galor",
    "tags_ds": "Archaeology, History, Science, Sociology, History Religion, Ideology",
    "tags_assoc": {
        "14": "Archaeology",
        "15": "History",
        "32": "Science",
        "127": "Sociology",
        "199": "History Religion",
        "200": "Ideology"
    },
    "bundles_ds": null,
    "bundles_assoc": null,
    "stacks_ds": "Cultural Politics 101",
    "stacks_assoc": {
        "1": "Cultural Politics 101"
    },
    "pages": 272,
    "words": 104850,
    "fre": 53,
    "fre_grey": 119.85,
    "annotations": null,
    "annotated": false,
    "colors": [
        "#424153",
        "#ABBCDA",
        "#999999"
    ],
    "epub_copy_name": "Finding_Jerusalem-Katharina_Galor.epub"
}