{
    "html": "<ul><li id=\"1\">Cover</li><li id=\"2\">Title</li><li id=\"3\">Copyright</li><li id=\"4\">Dedication</li><li id=\"5\">Contents</li><li id=\"6\">List of Illustrations</li><li id=\"7\">Preface</li><li id=\"8\">Acronyms and Abbreviations</li><li id=\"9\">Important Dates</li><li id=\"10\">Introduction: The Archaeology of Archaeology</li><li id=\"11\">Part One. Cityscape and History<ul><li id=\"12\">1. Boundaries, Barriers, Walls</li><li id=\"13\">2. Institutionalization</li></ul></li><li id=\"14\">Part Two. Cultural Heritage<ul><li id=\"15\">3. From Destruction to Preservation</li><li id=\"16\">4. Display and Presentation</li><li id=\"17\">5. Archaeology in the Educational Systems</li><li id=\"18\">6. Archaeological Ethics</li></ul></li><li id=\"19\">Part Three. Three Controversies<ul><li id=\"20\">7. The City of David / Silwan</li><li id=\"21\">8. The Church of the Holy Sepulchre</li><li id=\"22\">9. The Temple Mount / Haram al-Sharif</li></ul></li><li id=\"23\">Conclusion</li><li id=\"24\">Notes</li><li id=\"25\">Bibliography</li></ul>",
    "data": {
        "1": {
            "text": "Cover"
        },
        "2": {
            "text": "Title"
        },
        "3": {
            "text": "Copyright"
        },
        "4": {
            "text": "Dedication"
        },
        "5": {
            "text": "Contents"
        },
        "6": {
            "text": "List of Illustrations"
        },
        "7": {
            "text": "Preface"
        },
        "8": {
            "text": "Acronyms and Abbreviations"
        },
        "9": {
            "text": "Important Dates"
        },
        "10": {
            "text": "Introduction: The Archaeology of Archaeology"
        },
        "11": {
            "text": "Part One. Cityscape and History",
            "12": {
                "text": "1. Boundaries, Barriers, Walls"
            },
            "13": {
                "text": "2. Institutionalization"
            }
        },
        "14": {
            "text": "Part Two. Cultural Heritage",
            "15": {
                "text": "3. From Destruction to Preservation"
            },
            "16": {
                "text": "4. Display and Presentation"
            },
            "17": {
                "text": "5. Archaeology in the Educational Systems"
            },
            "18": {
                "text": "6. Archaeological Ethics"
            }
        },
        "19": {
            "text": "Part Three. Three Controversies",
            "20": {
                "text": "7. The City of David / Silwan"
            },
            "21": {
                "text": "8. The Church of the Holy Sepulchre"
            },
            "22": {
                "text": "9. The Temple Mount / Haram al-Sharif"
            }
        },
        "23": {
            "text": "Conclusion"
        },
        "24": {
            "text": "Notes"
        },
        "25": {
            "text": "Bibliography"
        }
    }
}