{
    "title": "Scale",
    "subtitle": "Discourse and Dimensions of Social Life",
    "series_index": 1,
    "caid": 39,
    "uuid": "af065a21-0133-4ca0-87e7-886f5abb1586",
    "isbn": "9780520291799",
    "doi": "10.1525/luminos.15",
    "gdrds": "29771574",
    "authors": [
        {
            "name": "E. Summerson Carr",
            "name_sort": "Carr, E. Summerson",
            "auid": "4a25d50f"
        },
        {
            "name": "Michael Lempert",
            "name_sort": "Lempert, Michael",
            "auid": "98e2c241"
        }
    ],
    "authors_so": [
        "Carr, E. Summerson & Lempert, Michael"
    ],
    "authors_pp": "E. Summerson Carr & Michael Lempert",
    "pub_date_ts": 1470828418,
    "add_date_ts": 1487113200,
    "lastmod_ts": 1496951662,
    "liked": false,
    "blurb_raw": "<p>A free ebook version of this title is available through Luminos, University of California Press's Open Access publishing program for monographs. Visit <a href=\"http://www.luminosoa.org\">www.luminosoa.org</a> to learn more.<br>Wherever we turn, we see diverse things scaled for us, from cities to economies, from history to love. We know scale by many names and through many familiar antinomies: <em>local</em> and <em>global, <strong>micro <em>and</em> macro</strong>events</em> to name a few. Even the most critical among us often proceed with our analysis as if such scales were the ready-made platforms of social life, rather than asking how, why, and to what effect are scalar distinctions forged in the first place.</p><p>How <em>do</em> scalar distinctions help actors and analysts alike make sense of and navigate their social worlds? What do these distinctions reveal and what do they conceal? How are scales construed and what effects do they have on the way those who abide by them think and act? This pathbreaking volume attends to the practical labor of scale-making and the communicative practices this labor requires. From an ethnographic perspective, the authors demonstrate that scale is practice and process before it becomes product, whether in the work of projecting the commons, claiming access to the big picture, or scaling the seriousness of a crime.</p>",
    "uri": "http://rlp.rebus.cc/library/book/af065a21-0133-4ca0-87e7-886f5abb1586",
    "reviewed": false,
    "publisher": {
        "id": 1,
        "name": "University of California Press"
    },
    "reads": "queued",
    "has_cover": 1,
    "path": "E. Summerson Carr/Scale_ Discourse and Dimensions of Social Life (39)",
    "filename": "Scale_ Discourse and Dimensions of Social - E. Summerson Carr",
    "tags_ds": "Anthropology, Research methods, Social science, Ethnography",
    "tags_assoc": {
        "13": "Anthropology",
        "52": "Research methods",
        "54": "Social science",
        "189": "Ethnography"
    },
    "bundles_ds": null,
    "bundles_assoc": null,
    "stacks_ds": "Technology & Politics",
    "stacks_assoc": {
        "2": "Technology & Politics"
    },
    "pages": 276,
    "words": 116507,
    "fre": 54,
    "fre_grey": 117.3,
    "annotations": null,
    "annotated": false,
    "colors": [
        "#999999",
        "#424153",
        "#CCCCCC"
    ],
    "epub_copy_name": "Scale-E._Summerson_Carr.epub"
}