{
    "html": "<ul><li id=\"1\">Cover</li><li id=\"2\">Title</li><li id=\"3\">Copyright</li><li id=\"4\">Dedication</li><li id=\"5\">Contents</li><li id=\"6\">List of Illustrations</li><li id=\"7\">List of Tables</li><li id=\"8\">Introduction: Pragmatics of Scale</li><li id=\"9\">Part One. Scalar Projects: Promises and Precarities<ul><li id=\"10\">1. Projecting Presence: Aura and Oratory in William Jennings Bryan’s Presidential Races</li><li id=\"11\">2. Interaction Rescaled: How Buddhist Debate Became a Diasporic Pedagogy</li><li id=\"12\">3. Shrinking Indigenous Language in the Yukon</li></ul></li><li id=\"13\">Part Two. Interscalarity: Imagination and Institution<ul><li id=\"14\">4. Scale-Making: Comparison and Perspective as Ideological Projects</li><li id=\"15\">5. Balancing the Scales of Justice in Tonga</li><li id=\"16\">6. Interscaling Awe, De-escalating Disaster</li></ul></li><li id=\"17\">Part Three. Predatory Scales: Encompassment and Evaluation<ul><li id=\"18\">7. Scaling Red and the Horror of Trademark</li><li id=\"19\">8. Semiotic Vinification and the Scaling of Taste</li><li id=\"20\">9. Going Upscale: Scales and Scale-Climbing as Ideological Projects</li></ul></li><li id=\"21\">Acknowledgments</li><li id=\"22\">References Cited</li><li id=\"23\">Contributors</li></ul>",
    "data": {
        "1": {
            "text": "Cover"
        },
        "2": {
            "text": "Title"
        },
        "3": {
            "text": "Copyright"
        },
        "4": {
            "text": "Dedication"
        },
        "5": {
            "text": "Contents"
        },
        "6": {
            "text": "List of Illustrations"
        },
        "7": {
            "text": "List of Tables"
        },
        "8": {
            "text": "Introduction: Pragmatics of Scale"
        },
        "9": {
            "text": "Part One. Scalar Projects: Promises and Precarities",
            "10": {
                "text": "1. Projecting Presence: Aura and Oratory in William Jennings Bryan’s Presidential Races"
            },
            "11": {
                "text": "2. Interaction Rescaled: How Buddhist Debate Became a Diasporic Pedagogy"
            },
            "12": {
                "text": "3. Shrinking Indigenous Language in the Yukon"
            }
        },
        "13": {
            "text": "Part Two. Interscalarity: Imagination and Institution",
            "14": {
                "text": "4. Scale-Making: Comparison and Perspective as Ideological Projects"
            },
            "15": {
                "text": "5. Balancing the Scales of Justice in Tonga"
            },
            "16": {
                "text": "6. Interscaling Awe, De-escalating Disaster"
            }
        },
        "17": {
            "text": "Part Three. Predatory Scales: Encompassment and Evaluation",
            "18": {
                "text": "7. Scaling Red and the Horror of Trademark"
            },
            "19": {
                "text": "8. Semiotic Vinification and the Scaling of Taste"
            },
            "20": {
                "text": "9. Going Upscale: Scales and Scale-Climbing as Ideological Projects"
            }
        },
        "21": {
            "text": "Acknowledgments"
        },
        "22": {
            "text": "References Cited"
        },
        "23": {
            "text": "Contributors"
        }
    }
}