{
    "title": "Mobile Research Methods",
    "subtitle": "Opportunities and Challenges of Mobile Research Methodologies",
    "series_index": 1,
    "caid": 12,
    "uuid": "cd77680d-0721-4506-8b2d-b3cf9050eb55",
    "isbn": "9781909188532",
    "doi": "10.5334/bar",
    "gdrds": "27039651",
    "authors": [
        {
            "name": "Daniele Toninelli",
            "name_sort": "Toninelli, Daniele",
            "auid": "0e5e059d"
        },
        {
            "name": "Robert Pinter",
            "name_sort": "Pinter, Robert",
            "auid": "5a87b395"
        },
        {
            "name": "Pablo de Pedraza",
            "name_sort": "Pedraza, Pablo de",
            "auid": "b0d1bc7c"
        }
    ],
    "authors_so": [
        "Toninelli, Daniele & Pinter, Robert & Pedraza, Pablo de"
    ],
    "authors_pp": "Daniele Toninelli, Robert Pinter & Pablo de Pedraza",
    "pub_date_ts": 1443477600,
    "add_date_ts": 1487631600,
    "lastmod_ts": 1496951641,
    "liked": false,
    "blurb_raw": "<p>Daily activity sees data constantly fl owing through cameras, the internet, satellites, radio frequencies, sensors, private appliances, cars, smartphones, tablets and the like. Among all the tools currently used, mobile devices, especially mobile phones, smartphones and tablets, are the most widespread, with their use becoming prevalent in everyday life within both developed and developing countries. Shopping, reading newspapers, participating in forums, projecting and completing surveys, communicating with friends and making new ones, fi ling tax returns and getting involved in politics are all examples of how ingrained mobile technology is to modern lifestyle. Mobile devices allow a wide range of heterogeneous activities and, as a result, have great potential in terms of the different types of data that can be collected. The use of mobile devices to collect, analyse and apply research data is explored here. This book focuses on the use of mobile devices in various research contexts, aiming to provide a detailed and updated knowledge on what is a comparatively new fi eld of study. This is done considering different aspects: main methodological possibilities and issues; comparison and integration with more traditional survey modes or ways of participating in research; quality of collected data; use in commercial market research; representativeness of studies based only on the mobile-population; analysis of the current spread of mobile devices in several countries, and so on. Thus, the book provides interesting research findings from a wide range of countries and contexts. This book was developed in the framework of WebDataNet's Task Force 19. WebDataNet, was created in 2009 by a group of researchers focusing on the discussion on data collection methods. Supported by the European Union programme for the Coordination of Science and Technology, WebDataNet has become a unique, multidisciplinary network that has brought together leading web-based data collection experts from several institutions, disciplines, and relevant backgrounds from more than 35 different countries.</p><p>**</p>",
    "uri": "http://rlp.rebus.cc/library/book/cd77680d-0721-4506-8b2d-b3cf9050eb55",
    "reviewed": false,
    "publisher": {
        "id": 2,
        "name": "Ubiquity Press"
    },
    "reads": "read",
    "has_cover": 1,
    "path": "Daniele Toninelli/Mobile Research Methods_ Opportunities and Challenges of Mobile Research Methodologies (12)",
    "filename": "Mobile Research Methods_ Opportunities and - Daniele Toninelli",
    "tags_ds": "Education, Teaching methods, Behavioural science, Marketing, Technology and engineering, Applied statistics, Survey methodology, Mobile devices, Research methods",
    "tags_assoc": {
        "3": "Education",
        "41": "Teaching methods",
        "46": "Behavioural science",
        "47": "Marketing",
        "48": "Technology and engineering",
        "49": "Applied statistics",
        "50": "Survey methodology",
        "51": "Mobile devices",
        "52": "Research methods"
    },
    "bundles_ds": null,
    "bundles_assoc": null,
    "stacks_ds": null,
    "stacks_assoc": null,
    "pages": 166,
    "words": 56376,
    "fre": 0,
    "fre_grey": 255,
    "annotations": null,
    "annotated": false,
    "colors": [
        "#424153",
        "#999999",
        "#FFCC33"
    ],
    "epub_copy_name": "Mobile_Research_Methods-Daniele_Toninelli.epub"
}