{
    "html": "<ul><li id=\"1\">Cover</li><li id=\"2\">Title</li><li id=\"3\">Imprint</li><li id=\"4\">Table of Contents</li><li id=\"5\">Supporting Institutions</li><li id=\"6\">Contributing Institutions</li><li id=\"7\">Contributors</li><li id=\"8\">Chapter 1 Mobile Research Methods: Possibilities and Issues of a New Promising Way of Conducting Research</li><li id=\"9\">Chapter 2 The Utilization of Mobile Technology and Approaches in Commercial Market Research</li><li id=\"10\">Chapter 3 Using Mobile Phones for High-Frequency Data Collection</li><li id=\"11\">Chapter 4 An Overview of Mobile CATI Issues in Europe</li><li id=\"12\">Chapter 5 Comparison of Response Times between Desktop and Smartphone Users</li><li id=\"13\">Chapter 6 A Meta-Analysis of Breakoff Rates in Mobile Web Surveys</li><li id=\"14\">Chapter 7 Who Are the Internet Users, Mobile Internet Users, and Mobile-Mostly Internet Users?: Demographic Differences across Internet-Use Subgroups in the U.S.</li><li id=\"15\">Chapter 8 Who Has Access to Mobile Devices in an Online Opt-in Panel? An Analysis of Potential Respondents for Mobile Surveys</li><li id=\"16\">Chapter 9 Willingness of Online Access Panel Members to Participate in Smartphone Application-Based Research</li><li id=\"17\">Notes</li></ul>",
    "data": {
        "1": {
            "text": "Cover"
        },
        "2": {
            "text": "Title"
        },
        "3": {
            "text": "Imprint"
        },
        "4": {
            "text": "Table of Contents"
        },
        "5": {
            "text": "Supporting Institutions"
        },
        "6": {
            "text": "Contributing Institutions"
        },
        "7": {
            "text": "Contributors"
        },
        "8": {
            "text": "Chapter 1 Mobile Research Methods: Possibilities and Issues of a New Promising Way of Conducting Research"
        },
        "9": {
            "text": "Chapter 2 The Utilization of Mobile Technology and Approaches in Commercial Market Research"
        },
        "10": {
            "text": "Chapter 3 Using Mobile Phones for High-Frequency Data Collection"
        },
        "11": {
            "text": "Chapter 4 An Overview of Mobile CATI Issues in Europe"
        },
        "12": {
            "text": "Chapter 5 Comparison of Response Times between Desktop and Smartphone Users"
        },
        "13": {
            "text": "Chapter 6 A Meta-Analysis of Breakoff Rates in Mobile Web Surveys"
        },
        "14": {
            "text": "Chapter 7 Who Are the Internet Users, Mobile Internet Users, and Mobile-Mostly Internet Users?: Demographic Differences across Internet-Use Subgroups in the U.S."
        },
        "15": {
            "text": "Chapter 8 Who Has Access to Mobile Devices in an Online Opt-in Panel? An Analysis of Potential Respondents for Mobile Surveys"
        },
        "16": {
            "text": "Chapter 9 Willingness of Online Access Panel Members to Participate in Smartphone Application-Based Research"
        },
        "17": {
            "text": "Notes"
        }
    }
}