{
    "title": "European Handbook of Crowdsourced Geographic Information",
    "subtitle": null,
    "series_index": 1,
    "caid": 17,
    "uuid": "2adce89b-70f1-4bc8-baa9-6cd5afbee1de",
    "isbn": "9781909188815",
    "doi": "10.5334/bax",
    "authors": [
        {
            "name": "Cristina Capineri",
            "name_sort": "Capineri, Cristina",
            "auid": "db4abbd0"
        },
        {
            "name": "Mordechai Haklay",
            "name_sort": "Haklay, Mordechai",
            "auid": "343efa78"
        },
        {
            "name": "Haosheng Huang",
            "name_sort": "Huang, Haosheng",
            "auid": "013a2353"
        },
        {
            "name": "Vyron Antoniou",
            "name_sort": "Antoniou, Vyron",
            "auid": "15610ae2"
        },
        {
            "name": "Juhani Kettunen",
            "name_sort": "Kettunen, Juhani",
            "auid": "e9852e29"
        },
        {
            "name": "Frank Ostermann",
            "name_sort": "Ostermann, Frank",
            "auid": "748ef982"
        },
        {
            "name": "Ross Purves",
            "name_sort": "Purves, Ross",
            "auid": "68fd72ea"
        }
    ],
    "authors_so": [
        "Capineri, Cristina & Haklay, Mordechai & Huang, Haosheng & Antoniou, Vyron & Kettunen, Juhani & Ostermann, Frank & Purves, Ross"
    ],
    "authors_pp": "Cristina Capineri, Mordechai Haklay, Haosheng Huang, Vyron Antoniou, Juhani Kettunen, Frank Ostermann & Ross Purves",
    "pub_date_ts": 1472140219,
    "add_date_ts": 1488409200,
    "lastmod_ts": 1496951619,
    "liked": false,
    "blurb_raw": "<div><div>This book focuses on the study of the remarkable new source of geographic information that has become available in the form of user-generated content accessible over the Internet through mobile and Web applications. The exploitation, integration and application of these sources, termed volunteered geographic information (VGI) or crowdsourced geographic information (CGI), offer scientists an unprecedented opportunity to conduct research on a variety of topics at multiple scales and for diversified objectives.</div><div>The Handbook is organized in five parts, addressing the fundamental questions: What motivates citizens to provide such information in the public domain, and what factors govern/predict its validity?What methods might be used to validate such information? Can VGI be framed within the larger domain of sensor networks, in which inert and static sensors are replaced or combined by intelligent and mobile humans equipped with sensing devices? What limitations are imposed on VGI by differential access to broadband Internet, mobile phones, and other communication technologies, and by concerns over privacy? How do VGI and crowdsourcing enable innovation applications to benefit human society?</div><div>Chapters examine how crowdsourcing techniques and methods, and the VGI phenomenon, have motivated a multidisciplinary research community to identify both fields of applications and quality criteria depending on the use of VGI. Besides harvesting tools and storage of these data, research has paid remarkable attention to these information resources, in an age when information and participation is one of the most important drivers of development.</div><div>The collection opens questions and points to new research directions in addition to the findings that each of the authors demonstrates. Despite rapid progress in VGI research, this Handbook also shows that there are technical, social, political and methodological challenges that require further studies and research.</div></div>",
    "uri": "http://rlp.rebus.cc/library/book/2adce89b-70f1-4bc8-baa9-6cd5afbee1de",
    "reviewed": false,
    "publisher": {
        "id": 2,
        "name": "Ubiquity Press"
    },
    "reads": "queued",
    "has_cover": 1,
    "path": "Cristina Capineri/European Handbook of Crowdsourced Geographic Information (17)",
    "filename": "European Handbook of Crowdsourced Geograph - Cristina Capineri",
    "tags_ds": "Crowdsourcing, Geography, Earth Sciences, Technology & Engineering, Volunteered geographic information, Spatial data, Geospatial information",
    "tags_assoc": {
        "75": "Crowdsourcing",
        "93": "Geography",
        "101": "Earth Sciences",
        "102": "Technology & Engineering",
        "103": "Volunteered geographic information",
        "104": "Spatial data",
        "105": "Geospatial information"
    },
    "bundles_ds": null,
    "bundles_assoc": null,
    "stacks_ds": "Technology & Politics",
    "stacks_assoc": {
        "2": "Technology & Politics"
    },
    "pages": 474,
    "words": null,
    "fre": 0,
    "fre_grey": 255,
    "annotations": null,
    "annotated": false,
    "colors": [
        "#ABBCDA",
        "#cccccc",
        "#e6e6e6"
    ],
    "epub_copy_name": "European_Handbook_of_Crowdsourced_Geographic_Information-Cristina_Capineri.epub"
}