{
    "html": "<ul><li id=\"1\">Cover</li><li id=\"2\">Title</li><li id=\"3\">Copyright</li><li id=\"4\">Table of Contents</li><li id=\"5\">Acknowledgements</li><li id=\"6\">Supporting institutions</li><li id=\"7\">Chapter 1. Introduction</li><li id=\"8\">Part I: Theoretical and social aspects<ul><li id=\"9\">Chapter 2. The nature of volunteered geographic information (Cristina Capineri)</li><li id=\"10\">Chapter 3. Why is participation inequality important? (Mordechai (Muki) Haklay)</li><li id=\"11\">Chapter 4. Social Media Geographic Information: Why social is special when it goes spatial? (Michele Campagna)</li></ul></li><li id=\"12\">Part II: Quality: Criteria and methodologies<ul><li id=\"13\">Chapter 5. Handling quality in crowdsourced geographic information (Laura Criscuolo, Paola Carrara, Gloria Bordogna, Monica Pepe, Francesco Zucca, Roberto Seppi, Alessandro Oggioni and Anna Rampini)</li><li id=\"14\">Chapter 6. Data quality in crowdsourcing for biodiversity research: issues and examples (Clemens Jacobs)</li><li id=\"15\">Chapter 7. Semantic Challenges for Volunteered Geographic Information (Andrea Ballatore)</li><li id=\"16\">Chapter 8. Quality analysis of the Parisian OSM toponyms evolution (Vyron Antoniou, Guillaume Touya and Ana-Maria Raimond)</li><li id=\"17\">Chapter 9. Tackling the thematic accuracy of areal features in OpenStreetMap (Ahmed Loai Ali)</li><li id=\"18\">Chapter 10. Enhancing the management of quality of VGI: contributions from context and task modelling (Benedicte Bucher, Gilles Falquet, Claudine Metral and Rob Lemmens)</li></ul></li><li id=\"19\">Part III: Data analytics<ul><li id=\"20\">Chapter 11. A methodological toolbox for exploring collections of textually annotated georeferenced photographs (Ross S. Purves and William A. Mackaness)</li><li id=\"21\">Chapter 12. Gaining Knowledge from Georeferenced Social Media Data with Visual Analytics (Gennady Andrienko and Natalia Andrienko)</li><li id=\"22\">Chapter 13. Head/tail Breaks for Visualization of City Structure and Dynamics (Bin Jiang)</li><li id=\"23\">Chapter 14. Querying VGI by semantic enrichment (Rob Lemmens, Gilles Falquet, Stefano De Sabbata, Bin Jiang and Benedicte Bucher)</li><li id=\"24\">Chapter 15. Extracting Location Information from Crowd-sourced Social Network Data (Pinar Karagoz, Halit Oguztuzun, Ruket Cakici, Ozer Ozdikis, Kezban Dilek Onal and Meryem Sagcan)</li><li id=\"25\">Chapter 16. Spatial and Temporal Sentiment Analysis of Twitter data (Zhiwen Song and Jianhong (Cecilia) Xia)</li><li id=\"26\">Chapter 17. Social Networks VGI: Twitter Sentiment Analysis of Social Hotspots (Dario Stojanovski, Ivan Chorbev, Ivica Dimitrovski and Gjorgji Madjarov)</li><li id=\"27\">Chapter 18. Research on social media feeds – A GIScience perspective (Enrico Steiger, Rene Westerholt and Alexander Zipf)</li></ul></li><li id=\"28\">Part IV: VGI and crowdsourcing in environmental monitoring<ul><li id=\"29\">Chapter 19. Changing role of citizens in the national environmental monitoring (Juhani Kettunen, Jari Silander, Matti Lindholm, Maiju Lehtiniemi, Outi Setälä and Seppo Kaitala)</li><li id=\"30\">Chapter 20. On the contribution of Volunteered Geographic Information to land monitoring efforts (Jamal Jokar Arsanjani and Cidália C. Fonte)</li><li id=\"31\">Chapter 21. Discussing the potential of crowdsourced geographic information for urban areas monitoring using the panoramio initiative (Flavio Lupia and Jacinto Estima)</li><li id=\"32\">Chapter 22. AtrapaelTigre.com: enlisting citizen-scientists in the war on tiger mosquitoes (Aitana Oltra, John R.B. Palmer and Frederic Bartumeus)</li><li id=\"33\">Chapter 23. Crowdsourcing geographic information for disaster risk management and improving urban resilience: an overview of the lessons learned (João Porto de Albuquerque, Melanie Eckle, Benjamin Herfort and Alexander Zipf)</li></ul></li><li id=\"34\">Part V: VGI in mobility<ul><li id=\"35\">Chapter 24. Crowdsourcing for individual needs - the case of routing and navigation for mobility-impaired persons (Alexander Zipf, Amin Mobasheri, Adam Rousell and Stefan Hahmann)</li><li id=\"36\">Chapter 25. Smart Timetable Service Based on Crowdsensed Data (Károly Farkas)</li><li id=\"37\">Chapter 26. Mobile crowd-sensing in the Smart City (Imre Lendák)</li><li id=\"38\">Chapter 27. Mobile crowd sensing for smart urban mobility (Dragan Stojanovic, Bratislav Predic and Natalija Stojanovic)</li></ul></li><li id=\"39\">Part VI: VGI in spatial planning<ul><li id=\"40\">Chapter 28. Using mobile crowdsourcing and geotagged social media data to study people’s affective responses to environments (Haosheng Huang and Georg Gartner)</li><li id=\"41\">Chapter 29. Integrating Authoritative and Volunteered Geographic Information for spatial planning (Pierangelo Massa and Michele Campagna)</li><li id=\"42\">Chapter 30. A Proposed Crowdsourcing Cadastral Model: Taking Advantage of Previous Experience and Innovative Techniques (Sofia Basiouka and Chryssy Potsiou)</li><li id=\"43\">Chapter 31. Modelling the world in 3D from VGI/Crowdsourced data (Hongchao Fan and Alexander Zipf)</li></ul></li><li id=\"44\">Glossary (Linda See, Cristina Capineri and Sofia Basiouka)</li><li id=\"45\">Glossary’s Bibliography</li></ul>",
    "data": {
        "1": {
            "text": "Cover"
        },
        "2": {
            "text": "Title"
        },
        "3": {
            "text": "Copyright"
        },
        "4": {
            "text": "Table of Contents"
        },
        "5": {
            "text": "Acknowledgements"
        },
        "6": {
            "text": "Supporting institutions"
        },
        "7": {
            "text": "Chapter 1. Introduction"
        },
        "8": {
            "text": "Part I: Theoretical and social aspects",
            "9": {
                "text": "Chapter 2. The nature of volunteered geographic information (Cristina Capineri)"
            },
            "10": {
                "text": "Chapter 3. Why is participation inequality important? (Mordechai (Muki) Haklay)"
            },
            "11": {
                "text": "Chapter 4. Social Media Geographic Information: Why social is special when it goes spatial? (Michele Campagna)"
            }
        },
        "12": {
            "text": "Part II: Quality: Criteria and methodologies",
            "13": {
                "text": "Chapter 5. Handling quality in crowdsourced geographic information (Laura Criscuolo, Paola Carrara, Gloria Bordogna, Monica Pepe, Francesco Zucca, Roberto Seppi, Alessandro Oggioni and Anna Rampini)"
            },
            "14": {
                "text": "Chapter 6. Data quality in crowdsourcing for biodiversity research: issues and examples (Clemens Jacobs)"
            },
            "15": {
                "text": "Chapter 7. Semantic Challenges for Volunteered Geographic Information (Andrea Ballatore)"
            },
            "16": {
                "text": "Chapter 8. Quality analysis of the Parisian OSM toponyms evolution (Vyron Antoniou, Guillaume Touya and Ana-Maria Raimond)"
            },
            "17": {
                "text": "Chapter 9. Tackling the thematic accuracy of areal features in OpenStreetMap (Ahmed Loai Ali)"
            },
            "18": {
                "text": "Chapter 10. Enhancing the management of quality of VGI: contributions from context and task modelling (Benedicte Bucher, Gilles Falquet, Claudine Metral and Rob Lemmens)"
            }
        },
        "19": {
            "text": "Part III: Data analytics",
            "20": {
                "text": "Chapter 11. A methodological toolbox for exploring collections of textually annotated georeferenced photographs (Ross S. Purves and William A. Mackaness)"
            },
            "21": {
                "text": "Chapter 12. Gaining Knowledge from Georeferenced Social Media Data with Visual Analytics (Gennady Andrienko and Natalia Andrienko)"
            },
            "22": {
                "text": "Chapter 13. Head/tail Breaks for Visualization of City Structure and Dynamics (Bin Jiang)"
            },
            "23": {
                "text": "Chapter 14. Querying VGI by semantic enrichment (Rob Lemmens, Gilles Falquet, Stefano De Sabbata, Bin Jiang and Benedicte Bucher)"
            },
            "24": {
                "text": "Chapter 15. Extracting Location Information from Crowd-sourced Social Network Data (Pinar Karagoz, Halit Oguztuzun, Ruket Cakici, Ozer Ozdikis, Kezban Dilek Onal and Meryem Sagcan)"
            },
            "25": {
                "text": "Chapter 16. Spatial and Temporal Sentiment Analysis of Twitter data (Zhiwen Song and Jianhong (Cecilia) Xia)"
            },
            "26": {
                "text": "Chapter 17. Social Networks VGI: Twitter Sentiment Analysis of Social Hotspots (Dario Stojanovski, Ivan Chorbev, Ivica Dimitrovski and Gjorgji Madjarov)"
            },
            "27": {
                "text": "Chapter 18. Research on social media feeds – A GIScience perspective (Enrico Steiger, Rene Westerholt and Alexander Zipf)"
            }
        },
        "28": {
            "text": "Part IV: VGI and crowdsourcing in environmental monitoring",
            "29": {
                "text": "Chapter 19. Changing role of citizens in the national environmental monitoring (Juhani Kettunen, Jari Silander, Matti Lindholm, Maiju Lehtiniemi, Outi Setälä and Seppo Kaitala)"
            },
            "30": {
                "text": "Chapter 20. On the contribution of Volunteered Geographic Information to land monitoring efforts (Jamal Jokar Arsanjani and Cidália C. Fonte)"
            },
            "31": {
                "text": "Chapter 21. Discussing the potential of crowdsourced geographic information for urban areas monitoring using the panoramio initiative (Flavio Lupia and Jacinto Estima)"
            },
            "32": {
                "text": "Chapter 22. AtrapaelTigre.com: enlisting citizen-scientists in the war on tiger mosquitoes (Aitana Oltra, John R.B. Palmer and Frederic Bartumeus)"
            },
            "33": {
                "text": "Chapter 23. Crowdsourcing geographic information for disaster risk management and improving urban resilience: an overview of the lessons learned (João Porto de Albuquerque, Melanie Eckle, Benjamin Herfort and Alexander Zipf)"
            }
        },
        "34": {
            "text": "Part V: VGI in mobility",
            "35": {
                "text": "Chapter 24. Crowdsourcing for individual needs - the case of routing and navigation for mobility-impaired persons (Alexander Zipf, Amin Mobasheri, Adam Rousell and Stefan Hahmann)"
            },
            "36": {
                "text": "Chapter 25. Smart Timetable Service Based on Crowdsensed Data (Károly Farkas)"
            },
            "37": {
                "text": "Chapter 26. Mobile crowd-sensing in the Smart City (Imre Lendák)"
            },
            "38": {
                "text": "Chapter 27. Mobile crowd sensing for smart urban mobility (Dragan Stojanovic, Bratislav Predic and Natalija Stojanovic)"
            }
        },
        "39": {
            "text": "Part VI: VGI in spatial planning",
            "40": {
                "text": "Chapter 28. Using mobile crowdsourcing and geotagged social media data to study people’s affective responses to environments (Haosheng Huang and Georg Gartner)"
            },
            "41": {
                "text": "Chapter 29. Integrating Authoritative and Volunteered Geographic Information for spatial planning (Pierangelo Massa and Michele Campagna)"
            },
            "42": {
                "text": "Chapter 30. A Proposed Crowdsourcing Cadastral Model: Taking Advantage of Previous Experience and Innovative Techniques (Sofia Basiouka and Chryssy Potsiou)"
            },
            "43": {
                "text": "Chapter 31. Modelling the world in 3D from VGI/Crowdsourced data (Hongchao Fan and Alexander Zipf)"
            }
        },
        "44": {
            "text": "Glossary (Linda See, Cristina Capineri and Sofia Basiouka)"
        },
        "45": {
            "text": "Glossary’s Bibliography"
        }
    }
}