{
    "title": "The Dream Is Over",
    "subtitle": "The Crisis of Clark Kerr's California Idea of Higher Education",
    "series_index": 1,
    "caid": 28,
    "uuid": "37d53cc5-fb0b-45ce-9f32-9109e1548873",
    "isbn": "9780520966208",
    "doi": "10.1525/luminos.17",
    "gdrds": "29639767",
    "authors": [
        {
            "name": "Simon Marginson",
            "name_sort": "Marginson, Simon",
            "auid": "03108de7"
        }
    ],
    "authors_so": [
        "Marginson, Simon"
    ],
    "authors_pp": "Simon Marginson",
    "pub_date_ts": 1473292800,
    "add_date_ts": 1484521200,
    "lastmod_ts": 1496951712,
    "liked": false,
    "blurb_raw": "<p>A free ebook version of this title is available through Luminos, University of California Press's Open Access publishing program for monographs. Visit <a href=\"http://www.luminosoa.org\">www.luminosoa.org</a> to learn more.</p><p><em>The <strong>Dream</strong> Is</em> <em>Over</em> tells the extraordinary story of the 1960 Master Plan for Higher Education in California, created by visionary University of California President Clark Kerr and his contemporaries. The Master Plan's equality of opportunity policy brought college within reach of millions of American families for the first time and fashioned the world's leading system of public research universities. The California idea became the leading model for higher education across the world and has had great influence in the rapid growth of universities in China and East Asia. Yet, remarkably, the political conditions supporting the California idea in California itself have evaporated. Universal access is faltering, public tuition is rising, the great research universities face new challenges, and educational participation in California, once the national leader, lags far behind. Can the social values embodied in Kerr's vision be renewed?</p>",
    "uri": "http://rlp.rebus.cc/library/book/37d53cc5-fb0b-45ce-9f32-9109e1548873",
    "reviewed": false,
    "publisher": {
        "id": 4,
        "name": "Univ of California Press"
    },
    "reads": "unread",
    "has_cover": 1,
    "path": "Simon Marginson/The Dream Is Over_ The Crisis of Clark Kerr's California Idea of Higher Education (28)",
    "filename": "The Dream Is Over_ The Crisis of Clark Ker - Simon Marginson",
    "tags_ds": "Education, Higher, Educational Policy & Reform, Federal Legislation, Philosophy; Theory & Social Aspects",
    "tags_assoc": {
        "3": "Education",
        "155": "Higher",
        "156": "Educational Policy & Reform",
        "157": "Federal Legislation",
        "158": "Philosophy; Theory & Social Aspects"
    },
    "bundles_ds": null,
    "bundles_assoc": null,
    "stacks_ds": null,
    "stacks_assoc": null,
    "pages": 224,
    "words": 99951,
    "fre": 60,
    "fre_grey": 102,
    "annotations": null,
    "annotated": false,
    "colors": [
        "#0066CC",
        "#FFCC33",
        "#e6e6e6"
    ],
    "epub_copy_name": "The_Dream_Is_Over-Simon_Marginson.epub"
}