{
    "html": "<ul><li id=\"1\">Cover</li><li id=\"2\">Title</li><li id=\"3\">Copyright</li><li id=\"4\">Dedication</li><li id=\"5\">Contents</li><li id=\"6\">List of Figures and Tables</li><li id=\"7\">Preface</li><li id=\"8\">PART ONE. A CITY UPON A HILL: CLARK KERR AND THE CALIFORNIA IDEA OF HIGHER EDUCATION<ul><li id=\"9\">1. An Extraordinary Time</li><li id=\"10\">2. Clark Kerr</li><li id=\"11\">3. Clark Kerr and the California Idea</li><li id=\"12\">4. The Uses of the University</li><li id=\"13\">5. Martin Trow: Higher Education and Its Growth</li><li id=\"14\">6. Bob Clark: The Academic Heartland</li><li id=\"15\">7. Whither the California Idea of Higher Education?</li></ul></li><li id=\"16\">PART TWO. CROSSING THE WATERS: THE CALIFORNIA IDEA IN THE WORLD<ul><li id=\"17\">8. The Idea Spreads</li><li id=\"18\">9. Participation without Limit</li><li id=\"19\">10. The Spread of Science</li><li id=\"20\">11. The Global Multiversity</li><li id=\"21\">12. Systems and Stratification</li><li id=\"22\">13. American Universities in the Global Space</li><li id=\"23\">14. Enter the Dragon</li><li id=\"24\">15. Higher Education in China and the United States</li></ul></li><li id=\"25\">PART THREE. BRINGING IT ALL BACK HOME: THE CALIFORNIA IDEA IN A MORE UNEQUAL AMERICA<ul><li id=\"26\">16. Higher Education after Clark Kerr</li><li id=\"27\">17. The Impossibility of Public Good</li><li id=\"28\">18. The Impossibility of Taxation</li><li id=\"29\">19. Economic and Social Inequality</li><li id=\"30\">20. Unequal Opportunity</li><li id=\"31\">21. Higher Education and the Economy</li><li id=\"32\">22. Higher Education and Society</li></ul></li><li id=\"33\">Epilogue: After the Dream</li><li id=\"34\">Notes</li><li id=\"35\">References</li></ul>",
    "data": {
        "1": {
            "text": "Cover"
        },
        "2": {
            "text": "Title"
        },
        "3": {
            "text": "Copyright"
        },
        "4": {
            "text": "Dedication"
        },
        "5": {
            "text": "Contents"
        },
        "6": {
            "text": "List of Figures and Tables"
        },
        "7": {
            "text": "Preface"
        },
        "8": {
            "text": "PART ONE. A CITY UPON A HILL: CLARK KERR AND THE CALIFORNIA IDEA OF HIGHER EDUCATION",
            "9": {
                "text": "1. An Extraordinary Time"
            },
            "10": {
                "text": "2. Clark Kerr"
            },
            "11": {
                "text": "3. Clark Kerr and the California Idea"
            },
            "12": {
                "text": "4. The Uses of the University"
            },
            "13": {
                "text": "5. Martin Trow: Higher Education and Its Growth"
            },
            "14": {
                "text": "6. Bob Clark: The Academic Heartland"
            },
            "15": {
                "text": "7. Whither the California Idea of Higher Education?"
            }
        },
        "16": {
            "text": "PART TWO. CROSSING THE WATERS: THE CALIFORNIA IDEA IN THE WORLD",
            "17": {
                "text": "8. The Idea Spreads"
            },
            "18": {
                "text": "9. Participation without Limit"
            },
            "19": {
                "text": "10. The Spread of Science"
            },
            "20": {
                "text": "11. The Global Multiversity"
            },
            "21": {
                "text": "12. Systems and Stratification"
            },
            "22": {
                "text": "13. American Universities in the Global Space"
            },
            "23": {
                "text": "14. Enter the Dragon"
            },
            "24": {
                "text": "15. Higher Education in China and the United States"
            }
        },
        "25": {
            "text": "PART THREE. BRINGING IT ALL BACK HOME: THE CALIFORNIA IDEA IN A MORE UNEQUAL AMERICA",
            "26": {
                "text": "16. Higher Education after Clark Kerr"
            },
            "27": {
                "text": "17. The Impossibility of Public Good"
            },
            "28": {
                "text": "18. The Impossibility of Taxation"
            },
            "29": {
                "text": "19. Economic and Social Inequality"
            },
            "30": {
                "text": "20. Unequal Opportunity"
            },
            "31": {
                "text": "21. Higher Education and the Economy"
            },
            "32": {
                "text": "22. Higher Education and Society"
            }
        },
        "33": {
            "text": "Epilogue: After the Dream"
        },
        "34": {
            "text": "Notes"
        },
        "35": {
            "text": "References"
        }
    }
}