{
    "title": "The Multi-Agent Transport Simulation MATSim",
    "subtitle": null,
    "series_index": 1,
    "caid": 16,
    "uuid": "3f1745a6-f591-4e3f-bb69-a5b481974cf6",
    "isbn": "9781909188778",
    "doi": "10.5334/baw",
    "gdrds": "31085404",
    "authors": [
        {
            "name": "Andreas Horni",
            "name_sort": "Horni, Andreas",
            "auid": "4b9495dd"
        },
        {
            "name": "Kai Nagel",
            "name_sort": "Nagel, Kai",
            "auid": "76eb5911"
        },
        {
            "name": "Kay W. Axhausen",
            "name_sort": "Axhausen, Kay W.",
            "auid": "02edc45c"
        }
    ],
    "authors_so": [
        "Horni, Andreas & Nagel, Kai & Axhausen, Kay W."
    ],
    "authors_pp": "Andreas Horni, Kai Nagel & Kay W. Axhausen",
    "pub_date_ts": 1468533600,
    "add_date_ts": 1488409200,
    "lastmod_ts": 1496951662,
    "liked": false,
    "blurb_raw": "<p>The MATSim (Multi-Agent Transport Simulation) software project was started around 2006 with the goal of generating traffic and congestion patterns by following individual synthetic travelers through their daily or weekly activity programme. It has since then evolved from a collection of stand-alone C++ programs to an integrated Java-based framework which is publicly hosted, open-source available, automatically regression tested. It is currently used by about 40 groups throughout the world. This book takes stock of the current status. The first part of the book gives an introduction to the most important concepts, with the intention of enabling a potential user to set up and run basic simulations. The second part of the book describes how the basic functionality can be extended, for example by adding schedule-based public transit, electric or autonomous cars, paratransit, or within-day replanning. For each extension, the text provides pointers to the additional documentation and to the code base. It is also discussed how people with appropriate Java programming skills can write their own extensions, and plug them into the MATSim core. The project has started from the basic idea that traffic is a consequence of human behavior, and thus humans and their behavior should be the starting point of all modelling, and with the intuition that when simulations with 100 million particles are possible in computational physics, then behavior-oriented simulations with 10 million travelers should be possible in travel behavior research. The initial implementations thus combined concepts from computational physics and complex adaptive systems with concepts from travel behavior research. The third part of the book looks at theoretical concepts that are able to describe important aspects of the simulation system; for example, under certain conditions the code becomes a Monte Carlo engine sampling from a discrete choice model. Another important aspect is the interpretation of the MATSim score as utility in the microeconomic sense, opening up a connection to benefit cost analysis. Finally, the book collects use cases as they have been undertaken with MATSim. All current users of MATSim were invited to submit their work, and many followed with sometimes crisp and short and sometimes longer contributions, always with pointers to additional references. We hope that the book will become an invitation to explore, to build and to extend agent-based modeling of travel behavior from the stable and well tested core of MATSim documented here.</p>",
    "uri": "http://rlp.rebus.cc/library/book/3f1745a6-f591-4e3f-bb69-a5b481974cf6",
    "reviewed": false,
    "publisher": {
        "id": 2,
        "name": "Ubiquity Press"
    },
    "reads": "unread",
    "has_cover": 1,
    "path": "Andreas Horni/The Multi-Agent Transport Simulation MATSim (16)",
    "filename": "The Multi-Agent Transport Simulation MATSi - Andreas Horni",
    "tags_ds": "Social science, Civil Engineering, Computer Science, Geography, Mathematics, Physics, Large-scale simulation, Agent-based modeling, Choice modeling, Transport modeling, Transport planning",
    "tags_assoc": {
        "54": "Social science",
        "91": "Civil Engineering",
        "92": "Computer Science",
        "93": "Geography",
        "94": "Mathematics",
        "95": "Physics",
        "96": "Large-scale simulation",
        "97": "Agent-based modeling",
        "98": "Choice modeling",
        "99": "Transport modeling",
        "100": "Transport planning"
    },
    "bundles_ds": null,
    "bundles_assoc": null,
    "stacks_ds": null,
    "stacks_assoc": null,
    "pages": 618,
    "words": 202084,
    "fre": 0,
    "fre_grey": 255,
    "annotations": null,
    "annotated": false,
    "colors": [
        "#0066CC",
        "#cccccc",
        "#e6e6e6"
    ],
    "epub_copy_name": "The_MultiAgent_Transport_Simulation_MATSim-Andreas_Horni.epub"
}