{
    "title": "The Place of Devotion",
    "subtitle": "Siting and Experiencing Divinity in Bengal-Vaishnavism",
    "series_index": 1,
    "caid": 37,
    "uuid": "43580f09-ed1c-4cf4-8e89-c295c0321ee4",
    "isbn": "9780520287716",
    "doi": "10.1525/luminos.2",
    "gdrds": "25778208",
    "authors": [
        {
            "name": "S Sarbadhikary",
            "name_sort": "Sarbadhikary, S",
            "auid": "d3478bba"
        }
    ],
    "authors_so": [
        "Sarbadhikary, S"
    ],
    "authors_pp": "S Sarbadhikary",
    "pub_date_ts": 1431689195,
    "add_date_ts": 1484521200,
    "lastmod_ts": 1496951715,
    "liked": false,
    "blurb_raw": "\"The anthropology of Hinduism has amply established that Hindus have strong involvement with sacred geography. The Hindu sacred topography is dotted with innumerable pilgrimage places, and popular Hinduism is abundant with spatial imaginings. Thus Shiva and his partner, the mother goddess, live in the Himalayas, goddesses descend on earth as beautiful rivers, the goddess Kali's body parts are imagined to have fallen in various sites of Hindu geography sanctifying them as sacred centres, and yogis meditate in forests. Bengal similarly has a thriving culture of exalting sacred centres and pilgrimage places, one of the most important among them being the Navadvip-Mayapur sacred complex, Bengal's greatest site of guru-centred Vaishnavite pilgrimage and devotional life. The main question my book seeks to answer is what sites and senses of place beyond physical geographical ones can do to our notions of space/place, affect, and sanctity. While the contemporary anthropology of place and embodiment, following Edward Casey's philosophy (1993), is dominated by the idea of body-in-place, my book seeks to extend his formulations by also analysing cultural constructions and experiences of place in the body, mind etc. Traveling through both exterior and interior landscapes, I show that the practitioner inhabits Krishna's world through every daily religious practice. The synaesthesia that results from the overlap of these different planes of experience confirms the intensely transformative power of Vaishnava ritual processes\"--Provided by publisher.",
    "uri": "http://rlp.rebus.cc/library/book/43580f09-ed1c-4cf4-8e89-c295c0321ee4",
    "reviewed": false,
    "publisher": {
        "id": 1,
        "name": "University of California Press"
    },
    "reads": "unread",
    "has_cover": 1,
    "path": "Sukanya Sarbadhikary/The Place of Devotion_ Siting and Experiencing Divinity in Bengal-Vaishnavism (37)",
    "filename": "The Place of Devotion_ Siting and Experien - Sukanya Sarbadhikary",
    "tags_ds": "Sociology, Religion, Cultural Anthropology, Sociology of Religion",
    "tags_assoc": {
        "127": "Sociology",
        "143": "Religion",
        "184": "Cultural Anthropology",
        "185": "Sociology of Religion"
    },
    "bundles_ds": null,
    "bundles_assoc": null,
    "stacks_ds": "Cultural Politics 101",
    "stacks_assoc": {
        "1": "Cultural Politics 101"
    },
    "pages": 294,
    "words": 100228,
    "fre": 52,
    "fre_grey": 122.4,
    "annotations": null,
    "annotated": false,
    "colors": [
        "#FFCC33",
        "#CC6633",
        "#FF9900"
    ],
    "epub_copy_name": "The_Place_of_Devotion-S_Sarbadhikary.epub"
}