{
    "html": "<ul><li id=\"1\">Title</li><li id=\"2\">Copyright</li><li id=\"3\">Dedication</li><li id=\"4\">Acknowledgments</li><li id=\"5\">Note on Transliteration</li><li id=\"6\">1. Introduction: Siting and ­Experiencing Divinity in Bengal-Vaishnavism</li><li id=\"7\">2. Discovering Gupta-Vrindavan: Finding Selves and Places in the Storied Landscape</li><li id=\"8\">3. Imagining in Gupta-­Vrindavan: Experiencing the Self and ­Emotions in the Mind-Heart Landscape</li><li id=\"9\">4. Bodying Gupta-Vrindavan: ­Experiencing the Self and ­Emotions in the Corporeal Space</li><li id=\"10\">5. Serving Gupta-Vrindavan: ­Devotional Service in the ­Physical Place and the Workings of the “International Society”</li><li id=\"11\">6. Listening to Vrindavan: ­Chanting and Musical ­Experience as ­Embodying a Devotional Soundscape</li><li id=\"12\">7. Conclusion</li><li id=\"13\">Notes</li><li id=\"14\">Glossary</li><li id=\"15\">Bibliography</li></ul>",
    "data": {
        "1": {
            "text": "Title"
        },
        "2": {
            "text": "Copyright"
        },
        "3": {
            "text": "Dedication"
        },
        "4": {
            "text": "Acknowledgments"
        },
        "5": {
            "text": "Note on Transliteration"
        },
        "6": {
            "text": "1. Introduction: Siting and ­Experiencing Divinity in Bengal-Vaishnavism"
        },
        "7": {
            "text": "2. Discovering Gupta-Vrindavan: Finding Selves and Places in the Storied Landscape"
        },
        "8": {
            "text": "3. Imagining in Gupta-­Vrindavan: Experiencing the Self and ­Emotions in the Mind-Heart Landscape"
        },
        "9": {
            "text": "4. Bodying Gupta-Vrindavan: ­Experiencing the Self and ­Emotions in the Corporeal Space"
        },
        "10": {
            "text": "5. Serving Gupta-Vrindavan: ­Devotional Service in the ­Physical Place and the Workings of the “International Society”"
        },
        "11": {
            "text": "6. Listening to Vrindavan: ­Chanting and Musical ­Experience as ­Embodying a Devotional Soundscape"
        },
        "12": {
            "text": "7. Conclusion"
        },
        "13": {
            "text": "Notes"
        },
        "14": {
            "text": "Glossary"
        },
        "15": {
            "text": "Bibliography"
        }
    }
}