{
    "title": "Digital Classics Outside the Echo-Chamber",
    "subtitle": "Teaching, Knowledge Exchange & Public Engagement",
    "series_index": 1,
    "caid": 7,
    "uuid": "5d8f8675-fa4b-4abb-8984-926fab44724f",
    "isbn": "9781909188617",
    "doi": "10.5334/bat",
    "authors": [
        {
            "name": "Gabriel Bodard",
            "name_sort": "Bodard, Gabriel",
            "auid": "aadf65e5"
        },
        {
            "name": "Matteo Romanello",
            "name_sort": "Romanello, Matteo",
            "auid": "5f14e084"
        }
    ],
    "authors_so": [
        "Bodard, Gabriel & Romanello, Matteo"
    ],
    "authors_pp": "Gabriel Bodard & Matteo Romanello",
    "pub_date_ts": 1461801600,
    "add_date_ts": 1487631600,
    "lastmod_ts": 1496951634,
    "liked": false,
    "blurb_raw": "",
    "uri": "http://rlp.rebus.cc/library/book/5d8f8675-fa4b-4abb-8984-926fab44724f",
    "reviewed": false,
    "publisher": {
        "id": 1,
        "name": "University of California Press"
    },
    "reads": "unread",
    "has_cover": 1,
    "path": "Gabriel Bodard/Digital Classics Outside the Echo-Chamber_ Teaching, Knowledge Exchange & Public Engagement (7)",
    "filename": "Digital Classics Outside the Echo-Chamber_ - Gabriel Bodard",
    "tags_ds": "Education, Archaeology, Open education, Digital Humanities, Literature, Palaeography, Crowdsourcing, Treebanking, Linked Open Data, Multispectral Imaging, Epigraphy, Test Encoding",
    "tags_assoc": {
        "3": "Education",
        "14": "Archaeology",
        "29": "Open education",
        "72": "Digital Humanities",
        "73": "Literature",
        "74": "Palaeography",
        "75": "Crowdsourcing",
        "76": "Treebanking",
        "77": "Linked Open Data",
        "78": "Multispectral Imaging",
        "79": "Epigraphy",
        "80": "Test Encoding"
    },
    "bundles_ds": null,
    "bundles_assoc": null,
    "stacks_ds": "Technology & Politics",
    "stacks_assoc": {
        "2": "Technology & Politics"
    },
    "pages": 236,
    "words": null,
    "fre": 0,
    "fre_grey": 255,
    "annotations": null,
    "annotated": false,
    "colors": [
        "#424153",
        "#996633",
        "#e6e6e6"
    ],
    "epub_copy_name": "Digital_Classics_Outside_the_EchoChamber-Gabriel_Bodard.epub"
}