{
    "html": "<ul><li id=\"1\">Cover</li><li id=\"2\">Title</li><li id=\"3\">Copyright</li><li id=\"4\">Table of Contents</li><li id=\"5\">Acknowledgements</li><li id=\"6\">Contributors</li><li id=\"7\">Introduction</li><li id=\"8\">Section 1. Teaching<ul><li id=\"9\">Chapter 1. Learning by Doing: Learning to Implement the TEI Guidelines Through Digital Classics Publication (Stella Dee, Maryam Foradi and Filip Šariæ)</li><li id=\"10\">Chapter 2. Open Education and Open Educational Resources for the Teaching of Classics in the UK (Simon Mahony)</li><li id=\"11\">Chapter 3. Epigraphers and Encoders: Strategies for Teaching and Learning Digital Epigraphy(Gabriel Bodard and Simona Stoyanova)</li><li id=\"12\">Chapter 4. An Open Tutorial for Beginning Ancient Greek (Jeff Rydberg-Cox)</li><li id=\"13\">Chapter 5. The Ancient Greek Dependency Treebank: Linguistic Annotation in a Teaching Environment (Francesco Mambrini)</li></ul></li><li id=\"14\">Section 2. Knowledge Exchange<ul><li id=\"15\">Chapter 6. Of Features and Models: A Reflexive Account of Interdisciplinarity across Image Processing, Papyrology, and Trauma Surgery (Ségolène M. Tarte)</li><li id=\"16\">Chapter 7. Cultural Heritage Destruction: Experiments with Parchment and Multispectral Imaging (Alberto Campagnolo, Alejandro Giacometti, Lindsay MacDonald, Simon Mahony, Melissa Terras and Adam Gibson)</li><li id=\"17\">Chapter 8. Transparent, Multivocal, Cross-disciplinary: The Use of Linked Open Data and a Community-developed RDF Ontology to Document and Enrich 3D Visualisation for Cultural Heritage (Valeria Vitale)</li></ul></li><li id=\"18\">Section 3. Public Engagement<ul><li id=\"19\">Chapter 9. The Perseids Platform: Scholarship for all! (Bridget Almas and Marie-Claire Beaulieu)</li><li id=\"20\">Chapter 10. Engaging Greek: Ancient Lives (James Brusuelas)</li><li id=\"21\">Chapter 11. Ancient Inscriptions between Citizens and Scholars: The Double Soul of the EAGLE Project (Silvia Orlandi)</li></ul></li></ul>",
    "data": {
        "1": {
            "text": "Cover"
        },
        "2": {
            "text": "Title"
        },
        "3": {
            "text": "Copyright"
        },
        "4": {
            "text": "Table of Contents"
        },
        "5": {
            "text": "Acknowledgements"
        },
        "6": {
            "text": "Contributors"
        },
        "7": {
            "text": "Introduction"
        },
        "8": {
            "text": "Section 1. Teaching",
            "9": {
                "text": "Chapter 1. Learning by Doing: Learning to Implement the TEI Guidelines Through Digital Classics Publication (Stella Dee, Maryam Foradi and Filip Šariæ)"
            },
            "10": {
                "text": "Chapter 2. Open Education and Open Educational Resources for the Teaching of Classics in the UK (Simon Mahony)"
            },
            "11": {
                "text": "Chapter 3. Epigraphers and Encoders: Strategies for Teaching and Learning Digital Epigraphy(Gabriel Bodard and Simona Stoyanova)"
            },
            "12": {
                "text": "Chapter 4. An Open Tutorial for Beginning Ancient Greek (Jeff Rydberg-Cox)"
            },
            "13": {
                "text": "Chapter 5. The Ancient Greek Dependency Treebank: Linguistic Annotation in a Teaching Environment (Francesco Mambrini)"
            }
        },
        "14": {
            "text": "Section 2. Knowledge Exchange",
            "15": {
                "text": "Chapter 6. Of Features and Models: A Reflexive Account of Interdisciplinarity across Image Processing, Papyrology, and Trauma Surgery (Ségolène M. Tarte)"
            },
            "16": {
                "text": "Chapter 7. Cultural Heritage Destruction: Experiments with Parchment and Multispectral Imaging (Alberto Campagnolo, Alejandro Giacometti, Lindsay MacDonald, Simon Mahony, Melissa Terras and Adam Gibson)"
            },
            "17": {
                "text": "Chapter 8. Transparent, Multivocal, Cross-disciplinary: The Use of Linked Open Data and a Community-developed RDF Ontology to Document and Enrich 3D Visualisation for Cultural Heritage (Valeria Vitale)"
            }
        },
        "18": {
            "text": "Section 3. Public Engagement",
            "19": {
                "text": "Chapter 9. The Perseids Platform: Scholarship for all! (Bridget Almas and Marie-Claire Beaulieu)"
            },
            "20": {
                "text": "Chapter 10. Engaging Greek: Ancient Lives (James Brusuelas)"
            },
            "21": {
                "text": "Chapter 11. Ancient Inscriptions between Citizens and Scholars: The Double Soul of the EAGLE Project (Silvia Orlandi)"
            }
        }
    }
}